amfi_code,scheme_name,month,n_shard_rows_in_month,classification
100855,NIPPON INDIA LIQUID FUND - MONTHLY IDCW OPTION,2007-05,0,upstream
100855,NIPPON INDIA LIQUID FUND - MONTHLY IDCW OPTION,2007-06,0,upstream
100855,NIPPON INDIA LIQUID FUND - MONTHLY IDCW OPTION,2007-07,0,upstream
100855,NIPPON INDIA LIQUID FUND - MONTHLY IDCW OPTION,2007-08,0,upstream
100855,NIPPON INDIA LIQUID FUND - MONTHLY IDCW OPTION,2007-09,0,upstream
100855,NIPPON INDIA LIQUID FUND - MONTHLY IDCW OPTION,2008-05,0,upstream
101705,ICICI Prudential BSE Sensex ETF,2012-03,0,upstream
101705,ICICI Prudential BSE Sensex ETF,2012-04,0,upstream
101705,ICICI Prudential BSE Sensex ETF,2012-05,0,upstream
101705,ICICI Prudential BSE Sensex ETF,2012-06,0,upstream
101705,ICICI Prudential BSE Sensex ETF,2012-07,0,upstream
103051,NIPPON INDIA MONEY MARKET FUND - WEEKLY IDCW Option,2012-02,0,upstream
103051,NIPPON INDIA MONEY MARKET FUND - WEEKLY IDCW Option,2012-03,0,upstream
103051,NIPPON INDIA MONEY MARKET FUND - WEEKLY IDCW Option,2012-04,0,upstream
103052,NIPPON INDIA MONEY MARKET FUND - MONTHLY IDCW Option,2008-04,0,upstream
103052,NIPPON INDIA MONEY MARKET FUND - MONTHLY IDCW Option,2008-05,0,upstream
103052,NIPPON INDIA MONEY MARKET FUND - MONTHLY IDCW Option,2008-06,0,upstream
103052,NIPPON INDIA MONEY MARKET FUND - MONTHLY IDCW Option,2008-07,0,upstream
103052,NIPPON INDIA MONEY MARKET FUND - MONTHLY IDCW Option,2008-08,0,upstream
103052,NIPPON INDIA MONEY MARKET FUND - MONTHLY IDCW Option,2008-09,0,upstream
103052,NIPPON INDIA MONEY MARKET FUND - MONTHLY IDCW Option,2008-10,0,upstream
103052,NIPPON INDIA MONEY MARKET FUND - MONTHLY IDCW Option,2010-05,0,upstream
103052,NIPPON INDIA MONEY MARKET FUND - MONTHLY IDCW Option,2010-06,0,upstream
103052,NIPPON INDIA MONEY MARKET FUND - MONTHLY IDCW Option,2010-07,0,upstream
103052,NIPPON INDIA MONEY MARKET FUND - MONTHLY IDCW Option,2010-08,0,upstream
103052,NIPPON INDIA MONEY MARKET FUND - MONTHLY IDCW Option,2010-09,0,upstream
103052,NIPPON INDIA MONEY MARKET FUND - MONTHLY IDCW Option,2010-10,0,upstream
103052,NIPPON INDIA MONEY MARKET FUND - MONTHLY IDCW Option,2010-11,0,upstream
103052,NIPPON INDIA MONEY MARKET FUND - MONTHLY IDCW Option,2010-12,0,upstream
103052,NIPPON INDIA MONEY MARKET FUND - MONTHLY IDCW Option,2011-01,0,upstream
103052,NIPPON INDIA MONEY MARKET FUND - MONTHLY IDCW Option,2011-02,0,upstream
103052,NIPPON INDIA MONEY MARKET FUND - MONTHLY IDCW Option,2011-03,0,upstream
103052,NIPPON INDIA MONEY MARKET FUND - MONTHLY IDCW Option,2011-04,0,upstream
103052,NIPPON INDIA MONEY MARKET FUND - MONTHLY IDCW Option,2011-05,0,upstream
103052,NIPPON INDIA MONEY MARKET FUND - MONTHLY IDCW Option,2011-06,0,upstream
103052,NIPPON INDIA MONEY MARKET FUND - MONTHLY IDCW Option,2011-07,0,upstream
103052,NIPPON INDIA MONEY MARKET FUND - MONTHLY IDCW Option,2011-08,0,upstream
103052,NIPPON INDIA MONEY MARKET FUND - MONTHLY IDCW Option,2011-10,0,upstream
103052,NIPPON INDIA MONEY MARKET FUND - MONTHLY IDCW Option,2011-12,0,upstream
103052,NIPPON INDIA MONEY MARKET FUND - MONTHLY IDCW Option,2012-01,0,upstream
103052,NIPPON INDIA MONEY MARKET FUND - MONTHLY IDCW Option,2012-02,0,upstream
103052,NIPPON INDIA MONEY MARKET FUND - MONTHLY IDCW Option,2012-03,0,upstream
103052,NIPPON INDIA MONEY MARKET FUND - MONTHLY IDCW Option,2012-04,0,upstream
103052,NIPPON INDIA MONEY MARKET FUND - MONTHLY IDCW Option,2012-05,0,upstream
103052,NIPPON INDIA MONEY MARKET FUND - MONTHLY IDCW Option,2012-06,0,upstream
103052,NIPPON INDIA MONEY MARKET FUND - MONTHLY IDCW Option,2012-07,0,upstream
104485,Invesco India Liquid Fund - Weekly IDCW (Reinvestment),2009-10,0,upstream
104485,Invesco India Liquid Fund - Weekly IDCW (Reinvestment),2009-11,0,upstream
104485,Invesco India Liquid Fund - Weekly IDCW (Reinvestment),2009-12,0,upstream
104485,Invesco India Liquid Fund - Weekly IDCW (Reinvestment),2010-01,0,upstream
104485,Invesco India Liquid Fund - Weekly IDCW (Reinvestment),2010-02,0,upstream
104485,Invesco India Liquid Fund - Weekly IDCW (Reinvestment),2010-03,0,upstream
104485,Invesco India Liquid Fund - Weekly IDCW (Reinvestment),2010-04,0,upstream
104485,Invesco India Liquid Fund - Weekly IDCW (Reinvestment),2010-11,0,upstream
104485,Invesco India Liquid Fund - Weekly IDCW (Reinvestment),2010-12,0,upstream
104485,Invesco India Liquid Fund - Weekly IDCW (Reinvestment),2011-01,0,upstream
104485,Invesco India Liquid Fund - Weekly IDCW (Reinvestment),2011-02,0,upstream
104485,Invesco India Liquid Fund - Weekly IDCW (Reinvestment),2011-03,0,upstream
104485,Invesco India Liquid Fund - Weekly IDCW (Reinvestment),2011-04,0,upstream
104485,Invesco India Liquid Fund - Weekly IDCW (Reinvestment),2011-05,0,upstream
104485,Invesco India Liquid Fund - Weekly IDCW (Reinvestment),2011-06,0,upstream
104485,Invesco India Liquid Fund - Weekly IDCW (Reinvestment),2011-07,0,upstream
104485,Invesco India Liquid Fund - Weekly IDCW (Reinvestment),2011-08,0,upstream
104485,Invesco India Liquid Fund - Weekly IDCW (Reinvestment),2011-09,0,upstream
104485,Invesco India Liquid Fund - Weekly IDCW (Reinvestment),2011-10,0,upstream
104485,Invesco India Liquid Fund - Weekly IDCW (Reinvestment),2011-11,0,upstream
104485,Invesco India Liquid Fund - Weekly IDCW (Reinvestment),2011-12,0,upstream
104485,Invesco India Liquid Fund - Weekly IDCW (Reinvestment),2012-01,0,upstream
104485,Invesco India Liquid Fund - Weekly IDCW (Reinvestment),2012-02,0,upstream
104485,Invesco India Liquid Fund - Weekly IDCW (Reinvestment),2012-03,0,upstream
104485,Invesco India Liquid Fund - Weekly IDCW (Reinvestment),2012-04,0,upstream
104492,Invesco India Liquid Fund - Monthly IDCW (Payout / Reinvestment),2006-12,0,upstream
104492,Invesco India Liquid Fund - Monthly IDCW (Payout / Reinvestment),2007-01,0,upstream
104492,Invesco India Liquid Fund - Monthly IDCW (Payout / Reinvestment),2007-02,0,upstream
104492,Invesco India Liquid Fund - Monthly IDCW (Payout / Reinvestment),2007-03,0,upstream
104492,Invesco India Liquid Fund - Monthly IDCW (Payout / Reinvestment),2007-04,0,upstream
104492,Invesco India Liquid Fund - Monthly IDCW (Payout / Reinvestment),2007-05,0,upstream
104492,Invesco India Liquid Fund - Monthly IDCW (Payout / Reinvestment),2007-06,0,upstream
104492,Invesco India Liquid Fund - Monthly IDCW (Payout / Reinvestment),2007-07,0,upstream
104492,Invesco India Liquid Fund - Monthly IDCW (Payout / Reinvestment),2007-08,0,upstream
104492,Invesco India Liquid Fund - Monthly IDCW (Payout / Reinvestment),2007-09,0,upstream
104492,Invesco India Liquid Fund - Monthly IDCW (Payout / Reinvestment),2007-10,0,upstream
104492,Invesco India Liquid Fund - Monthly IDCW (Payout / Reinvestment),2007-11,0,upstream
104492,Invesco India Liquid Fund - Monthly IDCW (Payout / Reinvestment),2007-12,0,upstream
104492,Invesco India Liquid Fund - Monthly IDCW (Payout / Reinvestment),2008-01,0,upstream
104492,Invesco India Liquid Fund - Monthly IDCW (Payout / Reinvestment),2008-02,0,upstream
104492,Invesco India Liquid Fund - Monthly IDCW (Payout / Reinvestment),2008-07,0,upstream
104492,Invesco India Liquid Fund - Monthly IDCW (Payout / Reinvestment),2008-08,0,upstream
104492,Invesco India Liquid Fund - Monthly IDCW (Payout / Reinvestment),2008-10,0,upstream
104492,Invesco India Liquid Fund - Monthly IDCW (Payout / Reinvestment),2008-11,0,upstream
104492,Invesco India Liquid Fund - Monthly IDCW (Payout / Reinvestment),2008-12,0,upstream
104492,Invesco India Liquid Fund - Monthly IDCW (Payout / Reinvestment),2009-01,0,upstream
104492,Invesco India Liquid Fund - Monthly IDCW (Payout / Reinvestment),2009-02,0,upstream
104492,Invesco India Liquid Fund - Monthly IDCW (Payout / Reinvestment),2009-03,0,upstream
104492,Invesco India Liquid Fund - Monthly IDCW (Payout / Reinvestment),2009-04,0,upstream
104492,Invesco India Liquid Fund - Monthly IDCW (Payout / Reinvestment),2009-05,0,upstream
104492,Invesco India Liquid Fund - Monthly IDCW (Payout / Reinvestment),2009-06,0,upstream
104492,Invesco India Liquid Fund - Monthly IDCW (Payout / Reinvestment),2009-07,0,upstream
104492,Invesco India Liquid Fund - Monthly IDCW (Payout / Reinvestment),2009-08,0,upstream
104492,Invesco India Liquid Fund - Monthly IDCW (Payout / Reinvestment),2009-09,0,upstream
104492,Invesco India Liquid Fund - Monthly IDCW (Payout / Reinvestment),2009-10,0,upstream
104492,Invesco India Liquid Fund - Monthly IDCW (Payout / Reinvestment),2009-11,0,upstream
104492,Invesco India Liquid Fund - Monthly IDCW (Payout / Reinvestment),2009-12,0,upstream
104492,Invesco India Liquid Fund - Monthly IDCW (Payout / Reinvestment),2010-01,0,upstream
104492,Invesco India Liquid Fund - Monthly IDCW (Payout / Reinvestment),2010-02,0,upstream
104492,Invesco India Liquid Fund - Monthly IDCW (Payout / Reinvestment),2010-03,0,upstream
104492,Invesco India Liquid Fund - Monthly IDCW (Payout / Reinvestment),2010-04,0,upstream
104492,Invesco India Liquid Fund - Monthly IDCW (Payout / Reinvestment),2010-05,0,upstream
104492,Invesco India Liquid Fund - Monthly IDCW (Payout / Reinvestment),2010-06,0,upstream
104492,Invesco India Liquid Fund - Monthly IDCW (Payout / Reinvestment),2010-07,0,upstream
104492,Invesco India Liquid Fund - Monthly IDCW (Payout / Reinvestment),2010-08,0,upstream
104492,Invesco India Liquid Fund - Monthly IDCW (Payout / Reinvestment),2010-09,0,upstream
104492,Invesco India Liquid Fund - Monthly IDCW (Payout / Reinvestment),2010-10,0,upstream
104492,Invesco India Liquid Fund - Monthly IDCW (Payout / Reinvestment),2010-11,0,upstream
104492,Invesco India Liquid Fund - Monthly IDCW (Payout / Reinvestment),2010-12,0,upstream
104492,Invesco India Liquid Fund - Monthly IDCW (Payout / Reinvestment),2011-01,0,upstream
104492,Invesco India Liquid Fund - Monthly IDCW (Payout / Reinvestment),2011-02,0,upstream
104492,Invesco India Liquid Fund - Monthly IDCW (Payout / Reinvestment),2011-03,0,upstream
104492,Invesco India Liquid Fund - Monthly IDCW (Payout / Reinvestment),2011-04,0,upstream
104492,Invesco India Liquid Fund - Monthly IDCW (Payout / Reinvestment),2011-05,0,upstream
104492,Invesco India Liquid Fund - Monthly IDCW (Payout / Reinvestment),2011-06,0,upstream
104492,Invesco India Liquid Fund - Monthly IDCW (Payout / Reinvestment),2011-07,0,upstream
104492,Invesco India Liquid Fund - Monthly IDCW (Payout / Reinvestment),2011-08,0,upstream
104492,Invesco India Liquid Fund - Monthly IDCW (Payout / Reinvestment),2011-09,0,upstream
104492,Invesco India Liquid Fund - Monthly IDCW (Payout / Reinvestment),2011-10,0,upstream
104492,Invesco India Liquid Fund - Monthly IDCW (Payout / Reinvestment),2011-11,0,upstream
104492,Invesco India Liquid Fund - Monthly IDCW (Payout / Reinvestment),2011-12,0,upstream
104492,Invesco India Liquid Fund - Monthly IDCW (Payout / Reinvestment),2012-01,0,upstream
104492,Invesco India Liquid Fund - Monthly IDCW (Payout / Reinvestment),2012-02,0,upstream
104492,Invesco India Liquid Fund - Monthly IDCW (Payout / Reinvestment),2012-03,0,upstream
104492,Invesco India Liquid Fund - Monthly IDCW (Payout / Reinvestment),2012-04,0,upstream
104492,Invesco India Liquid Fund - Monthly IDCW (Payout / Reinvestment),2012-05,0,upstream
104492,Invesco India Liquid Fund - Monthly IDCW (Payout / Reinvestment),2012-06,0,upstream
104492,Invesco India Liquid Fund - Monthly IDCW (Payout / Reinvestment),2012-07,0,upstream
104492,Invesco India Liquid Fund - Monthly IDCW (Payout / Reinvestment),2012-08,0,upstream
104492,Invesco India Liquid Fund - Monthly IDCW (Payout / Reinvestment),2012-09,0,upstream
104725,Invesco India Low Duration Fund - Weekly IDCW (Payout / Reinvestment),2012-05,0,upstream
104725,Invesco India Low Duration Fund - Weekly IDCW (Payout / Reinvestment),2012-06,0,upstream
104725,Invesco India Low Duration Fund - Weekly IDCW (Payout / Reinvestment),2012-07,0,upstream
104725,Invesco India Low Duration Fund - Weekly IDCW (Payout / Reinvestment),2012-08,0,upstream
104725,Invesco India Low Duration Fund - Weekly IDCW (Payout / Reinvestment),2012-09,0,upstream
104729,Invesco India Low Duration Fund - Monthly IDCW (Payout / Reinvestment),2008-11,0,upstream
104729,Invesco India Low Duration Fund - Monthly IDCW (Payout / Reinvestment),2008-12,0,upstream
104729,Invesco India Low Duration Fund - Monthly IDCW (Payout / Reinvestment),2010-05,0,upstream
104729,Invesco India Low Duration Fund - Monthly IDCW (Payout / Reinvestment),2010-06,0,upstream
104729,Invesco India Low Duration Fund - Monthly IDCW (Payout / Reinvestment),2010-07,0,upstream
104729,Invesco India Low Duration Fund - Monthly IDCW (Payout / Reinvestment),2010-08,0,upstream
104729,Invesco India Low Duration Fund - Monthly IDCW (Payout / Reinvestment),2010-09,0,upstream
104729,Invesco India Low Duration Fund - Monthly IDCW (Payout / Reinvestment),2011-12,0,upstream
104729,Invesco India Low Duration Fund - Monthly IDCW (Payout / Reinvestment),2012-01,0,upstream
104729,Invesco India Low Duration Fund - Monthly IDCW (Payout / Reinvestment),2012-02,0,upstream
104729,Invesco India Low Duration Fund - Monthly IDCW (Payout / Reinvestment),2012-03,0,upstream
104729,Invesco India Low Duration Fund - Monthly IDCW (Payout / Reinvestment),2012-04,0,upstream
104729,Invesco India Low Duration Fund - Monthly IDCW (Payout / Reinvestment),2012-05,0,upstream
104729,Invesco India Low Duration Fund - Monthly IDCW (Payout / Reinvestment),2012-07,0,upstream
104729,Invesco India Low Duration Fund - Monthly IDCW (Payout / Reinvestment),2012-08,0,upstream
105282,SBI Liquid Fund - Regular Plan - Weekly Income Distribution cum Capital Withdrawal Option (IDCW),2009-05,0,upstream
105282,SBI Liquid Fund - Regular Plan - Weekly Income Distribution cum Capital Withdrawal Option (IDCW),2009-06,0,upstream
105282,SBI Liquid Fund - Regular Plan - Weekly Income Distribution cum Capital Withdrawal Option (IDCW),2009-07,0,upstream
105282,SBI Liquid Fund - Regular Plan - Weekly Income Distribution cum Capital Withdrawal Option (IDCW),2009-08,0,upstream
105282,SBI Liquid Fund - Regular Plan - Weekly Income Distribution cum Capital Withdrawal Option (IDCW),2009-09,0,upstream
105282,SBI Liquid Fund - Regular Plan - Weekly Income Distribution cum Capital Withdrawal Option (IDCW),2009-10,0,upstream
105282,SBI Liquid Fund - Regular Plan - Weekly Income Distribution cum Capital Withdrawal Option (IDCW),2009-11,0,upstream
105282,SBI Liquid Fund - Regular Plan - Weekly Income Distribution cum Capital Withdrawal Option (IDCW),2009-12,0,upstream
105282,SBI Liquid Fund - Regular Plan - Weekly Income Distribution cum Capital Withdrawal Option (IDCW),2010-01,0,upstream
105282,SBI Liquid Fund - Regular Plan - Weekly Income Distribution cum Capital Withdrawal Option (IDCW),2010-02,0,upstream
105282,SBI Liquid Fund - Regular Plan - Weekly Income Distribution cum Capital Withdrawal Option (IDCW),2010-03,0,upstream
105282,SBI Liquid Fund - Regular Plan - Weekly Income Distribution cum Capital Withdrawal Option (IDCW),2010-04,0,upstream
105282,SBI Liquid Fund - Regular Plan - Weekly Income Distribution cum Capital Withdrawal Option (IDCW),2010-05,0,upstream
105282,SBI Liquid Fund - Regular Plan - Weekly Income Distribution cum Capital Withdrawal Option (IDCW),2010-06,0,upstream
105282,SBI Liquid Fund - Regular Plan - Weekly Income Distribution cum Capital Withdrawal Option (IDCW),2010-07,0,upstream
105282,SBI Liquid Fund - Regular Plan - Weekly Income Distribution cum Capital Withdrawal Option (IDCW),2010-08,0,upstream
105282,SBI Liquid Fund - Regular Plan - Weekly Income Distribution cum Capital Withdrawal Option (IDCW),2010-09,0,upstream
105282,SBI Liquid Fund - Regular Plan - Weekly Income Distribution cum Capital Withdrawal Option (IDCW),2011-04,0,upstream
105282,SBI Liquid Fund - Regular Plan - Weekly Income Distribution cum Capital Withdrawal Option (IDCW),2011-05,0,upstream
105282,SBI Liquid Fund - Regular Plan - Weekly Income Distribution cum Capital Withdrawal Option (IDCW),2011-06,0,upstream
105282,SBI Liquid Fund - Regular Plan - Weekly Income Distribution cum Capital Withdrawal Option (IDCW),2011-07,0,upstream
105282,SBI Liquid Fund - Regular Plan - Weekly Income Distribution cum Capital Withdrawal Option (IDCW),2011-08,0,upstream
105282,SBI Liquid Fund - Regular Plan - Weekly Income Distribution cum Capital Withdrawal Option (IDCW),2011-09,0,upstream
105282,SBI Liquid Fund - Regular Plan - Weekly Income Distribution cum Capital Withdrawal Option (IDCW),2011-10,0,upstream
105282,SBI Liquid Fund - Regular Plan - Weekly Income Distribution cum Capital Withdrawal Option (IDCW),2011-11,0,upstream
105282,SBI Liquid Fund - Regular Plan - Weekly Income Distribution cum Capital Withdrawal Option (IDCW),2012-02,0,upstream
105282,SBI Liquid Fund - Regular Plan - Weekly Income Distribution cum Capital Withdrawal Option (IDCW),2012-03,0,upstream
105282,SBI Liquid Fund - Regular Plan - Weekly Income Distribution cum Capital Withdrawal Option (IDCW),2012-04,0,upstream
105282,SBI Liquid Fund - Regular Plan - Weekly Income Distribution cum Capital Withdrawal Option (IDCW),2012-05,0,upstream
105283,SBI Liquid Fund - Regular Plan - Fortnightly Income Distribution cum Capital Withdrawal Option (IDCW),2009-05,0,upstream
105283,SBI Liquid Fund - Regular Plan - Fortnightly Income Distribution cum Capital Withdrawal Option (IDCW),2009-06,0,upstream
105283,SBI Liquid Fund - Regular Plan - Fortnightly Income Distribution cum Capital Withdrawal Option (IDCW),2009-07,0,upstream
105283,SBI Liquid Fund - Regular Plan - Fortnightly Income Distribution cum Capital Withdrawal Option (IDCW),2009-08,0,upstream
105283,SBI Liquid Fund - Regular Plan - Fortnightly Income Distribution cum Capital Withdrawal Option (IDCW),2009-09,0,upstream
105283,SBI Liquid Fund - Regular Plan - Fortnightly Income Distribution cum Capital Withdrawal Option (IDCW),2009-10,0,upstream
105283,SBI Liquid Fund - Regular Plan - Fortnightly Income Distribution cum Capital Withdrawal Option (IDCW),2009-11,0,upstream
105283,SBI Liquid Fund - Regular Plan - Fortnightly Income Distribution cum Capital Withdrawal Option (IDCW),2009-12,0,upstream
105283,SBI Liquid Fund - Regular Plan - Fortnightly Income Distribution cum Capital Withdrawal Option (IDCW),2010-01,0,upstream
105283,SBI Liquid Fund - Regular Plan - Fortnightly Income Distribution cum Capital Withdrawal Option (IDCW),2010-02,0,upstream
105283,SBI Liquid Fund - Regular Plan - Fortnightly Income Distribution cum Capital Withdrawal Option (IDCW),2010-03,0,upstream
105283,SBI Liquid Fund - Regular Plan - Fortnightly Income Distribution cum Capital Withdrawal Option (IDCW),2010-04,0,upstream
105283,SBI Liquid Fund - Regular Plan - Fortnightly Income Distribution cum Capital Withdrawal Option (IDCW),2010-05,0,upstream
105283,SBI Liquid Fund - Regular Plan - Fortnightly Income Distribution cum Capital Withdrawal Option (IDCW),2010-06,0,upstream
105283,SBI Liquid Fund - Regular Plan - Fortnightly Income Distribution cum Capital Withdrawal Option (IDCW),2010-07,0,upstream
105283,SBI Liquid Fund - Regular Plan - Fortnightly Income Distribution cum Capital Withdrawal Option (IDCW),2010-08,0,upstream
105283,SBI Liquid Fund - Regular Plan - Fortnightly Income Distribution cum Capital Withdrawal Option (IDCW),2010-09,0,upstream
105283,SBI Liquid Fund - Regular Plan - Fortnightly Income Distribution cum Capital Withdrawal Option (IDCW),2010-10,0,upstream
105283,SBI Liquid Fund - Regular Plan - Fortnightly Income Distribution cum Capital Withdrawal Option (IDCW),2010-11,0,upstream
105283,SBI Liquid Fund - Regular Plan - Fortnightly Income Distribution cum Capital Withdrawal Option (IDCW),2010-12,0,upstream
105283,SBI Liquid Fund - Regular Plan - Fortnightly Income Distribution cum Capital Withdrawal Option (IDCW),2011-01,0,upstream
105283,SBI Liquid Fund - Regular Plan - Fortnightly Income Distribution cum Capital Withdrawal Option (IDCW),2011-02,0,upstream
105283,SBI Liquid Fund - Regular Plan - Fortnightly Income Distribution cum Capital Withdrawal Option (IDCW),2011-03,0,upstream
105283,SBI Liquid Fund - Regular Plan - Fortnightly Income Distribution cum Capital Withdrawal Option (IDCW),2011-04,0,upstream
105283,SBI Liquid Fund - Regular Plan - Fortnightly Income Distribution cum Capital Withdrawal Option (IDCW),2011-05,0,upstream
105283,SBI Liquid Fund - Regular Plan - Fortnightly Income Distribution cum Capital Withdrawal Option (IDCW),2011-06,0,upstream
105283,SBI Liquid Fund - Regular Plan - Fortnightly Income Distribution cum Capital Withdrawal Option (IDCW),2011-07,0,upstream
105283,SBI Liquid Fund - Regular Plan - Fortnightly Income Distribution cum Capital Withdrawal Option (IDCW),2011-08,0,upstream
105283,SBI Liquid Fund - Regular Plan - Fortnightly Income Distribution cum Capital Withdrawal Option (IDCW),2011-09,0,upstream
105283,SBI Liquid Fund - Regular Plan - Fortnightly Income Distribution cum Capital Withdrawal Option (IDCW),2011-10,0,upstream
105283,SBI Liquid Fund - Regular Plan - Fortnightly Income Distribution cum Capital Withdrawal Option (IDCW),2011-11,0,upstream
105283,SBI Liquid Fund - Regular Plan - Fortnightly Income Distribution cum Capital Withdrawal Option (IDCW),2011-12,0,upstream
105283,SBI Liquid Fund - Regular Plan - Fortnightly Income Distribution cum Capital Withdrawal Option (IDCW),2012-01,0,upstream
105283,SBI Liquid Fund - Regular Plan - Fortnightly Income Distribution cum Capital Withdrawal Option (IDCW),2012-02,0,upstream
105283,SBI Liquid Fund - Regular Plan - Fortnightly Income Distribution cum Capital Withdrawal Option (IDCW),2012-03,0,upstream
105283,SBI Liquid Fund - Regular Plan - Fortnightly Income Distribution cum Capital Withdrawal Option (IDCW),2012-04,0,upstream
105283,SBI Liquid Fund - Regular Plan - Fortnightly Income Distribution cum Capital Withdrawal Option (IDCW),2012-05,0,upstream
105283,SBI Liquid Fund - Regular Plan - Fortnightly Income Distribution cum Capital Withdrawal Option (IDCW),2012-06,0,upstream
105283,SBI Liquid Fund - Regular Plan - Fortnightly Income Distribution cum Capital Withdrawal Option (IDCW),2012-07,0,upstream
105283,SBI Liquid Fund - Regular Plan - Fortnightly Income Distribution cum Capital Withdrawal Option (IDCW),2012-08,0,upstream
105283,SBI Liquid Fund - Regular Plan - Fortnightly Income Distribution cum Capital Withdrawal Option (IDCW),2012-09,0,upstream
105283,SBI Liquid Fund - Regular Plan - Fortnightly Income Distribution cum Capital Withdrawal Option (IDCW),2012-10,0,upstream
105660,NIPPON INDIA ANNUAL INTERVAL FUND - SERIES I - IDCW Option,2007-06,0,upstream
105660,NIPPON INDIA ANNUAL INTERVAL FUND - SERIES I - IDCW Option,2007-07,0,upstream
105660,NIPPON INDIA ANNUAL INTERVAL FUND - SERIES I - IDCW Option,2007-08,0,upstream
105660,NIPPON INDIA ANNUAL INTERVAL FUND - SERIES I - IDCW Option,2007-09,0,upstream
105660,NIPPON INDIA ANNUAL INTERVAL FUND - SERIES I - IDCW Option,2007-10,0,upstream
105660,NIPPON INDIA ANNUAL INTERVAL FUND - SERIES I - IDCW Option,2007-11,0,upstream
105660,NIPPON INDIA ANNUAL INTERVAL FUND - SERIES I - IDCW Option,2007-12,0,upstream
105660,NIPPON INDIA ANNUAL INTERVAL FUND - SERIES I - IDCW Option,2008-01,0,upstream
105660,NIPPON INDIA ANNUAL INTERVAL FUND - SERIES I - IDCW Option,2008-02,0,upstream
105660,NIPPON INDIA ANNUAL INTERVAL FUND - SERIES I - IDCW Option,2008-03,0,upstream
105660,NIPPON INDIA ANNUAL INTERVAL FUND - SERIES I - IDCW Option,2008-04,0,upstream
105660,NIPPON INDIA ANNUAL INTERVAL FUND - SERIES I - IDCW Option,2010-04,0,upstream
105660,NIPPON INDIA ANNUAL INTERVAL FUND - SERIES I - IDCW Option,2010-05,0,upstream
105660,NIPPON INDIA ANNUAL INTERVAL FUND - SERIES I - IDCW Option,2010-06,0,upstream
105660,NIPPON INDIA ANNUAL INTERVAL FUND - SERIES I - IDCW Option,2010-07,0,upstream
105660,NIPPON INDIA ANNUAL INTERVAL FUND - SERIES I - IDCW Option,2010-08,0,upstream
105660,NIPPON INDIA ANNUAL INTERVAL FUND - SERIES I - IDCW Option,2010-09,0,upstream
105660,NIPPON INDIA ANNUAL INTERVAL FUND - SERIES I - IDCW Option,2010-10,0,upstream
105660,NIPPON INDIA ANNUAL INTERVAL FUND - SERIES I - IDCW Option,2010-11,0,upstream
105660,NIPPON INDIA ANNUAL INTERVAL FUND - SERIES I - IDCW Option,2010-12,0,upstream
105660,NIPPON INDIA ANNUAL INTERVAL FUND - SERIES I - IDCW Option,2011-01,0,upstream
105660,NIPPON INDIA ANNUAL INTERVAL FUND - SERIES I - IDCW Option,2011-02,0,upstream
105660,NIPPON INDIA ANNUAL INTERVAL FUND - SERIES I - IDCW Option,2011-03,0,upstream
105660,NIPPON INDIA ANNUAL INTERVAL FUND - SERIES I - IDCW Option,2011-04,0,upstream
105663,Nippon India Interval Fund Annual Interval Fund Series-I- Growth Option,2010-06,0,upstream
105663,Nippon India Interval Fund Annual Interval Fund Series-I- Growth Option,2010-07,0,upstream
105663,Nippon India Interval Fund Annual Interval Fund Series-I- Growth Option,2010-08,0,upstream
105663,Nippon India Interval Fund Annual Interval Fund Series-I- Growth Option,2010-09,0,upstream
105663,Nippon India Interval Fund Annual Interval Fund Series-I- Growth Option,2010-10,0,upstream
105663,Nippon India Interval Fund Annual Interval Fund Series-I- Growth Option,2010-11,0,upstream
105663,Nippon India Interval Fund Annual Interval Fund Series-I- Growth Option,2010-12,0,upstream
105663,Nippon India Interval Fund Annual Interval Fund Series-I- Growth Option,2011-01,0,upstream
105663,Nippon India Interval Fund Annual Interval Fund Series-I- Growth Option,2011-02,0,upstream
105663,Nippon India Interval Fund Annual Interval Fund Series-I- Growth Option,2011-03,0,upstream
105663,Nippon India Interval Fund Annual Interval Fund Series-I- Growth Option,2011-04,0,upstream
105668,DSP Strategic Bond Fund - Regular Plan - IDCW,2007-07,0,upstream
105668,DSP Strategic Bond Fund - Regular Plan - IDCW,2007-09,0,upstream
105668,DSP Strategic Bond Fund - Regular Plan - IDCW,2007-10,0,upstream
105668,DSP Strategic Bond Fund - Regular Plan - IDCW,2007-11,0,upstream
105668,DSP Strategic Bond Fund - Regular Plan - IDCW,2007-12,0,upstream
105668,DSP Strategic Bond Fund - Regular Plan - IDCW,2008-02,0,upstream
105668,DSP Strategic Bond Fund - Regular Plan - IDCW,2008-03,0,upstream
105668,DSP Strategic Bond Fund - Regular Plan - IDCW,2008-04,0,upstream
105668,DSP Strategic Bond Fund - Regular Plan - IDCW,2008-05,0,upstream
105668,DSP Strategic Bond Fund - Regular Plan - IDCW,2008-06,0,upstream
105668,DSP Strategic Bond Fund - Regular Plan - IDCW,2008-07,0,upstream
105668,DSP Strategic Bond Fund - Regular Plan - IDCW,2008-08,0,upstream
105668,DSP Strategic Bond Fund - Regular Plan - IDCW,2008-09,0,upstream
105668,DSP Strategic Bond Fund - Regular Plan - IDCW,2008-10,0,upstream
105669,DSP Strategic Bond Fund - Regular Plan - Growth,2008-08,0,upstream
105669,DSP Strategic Bond Fund - Regular Plan - Growth,2008-09,0,upstream
105669,DSP Strategic Bond Fund - Regular Plan - Growth,2008-10,0,upstream
106095,SBI Infrastructure Fund - Regular Plan - Income Distribution cum Capital Withdrawal Option (IDCW),2009-05,0,upstream
106095,SBI Infrastructure Fund - Regular Plan - Income Distribution cum Capital Withdrawal Option (IDCW),2009-06,0,upstream
106095,SBI Infrastructure Fund - Regular Plan - Income Distribution cum Capital Withdrawal Option (IDCW),2009-07,0,upstream
106095,SBI Infrastructure Fund - Regular Plan - Income Distribution cum Capital Withdrawal Option (IDCW),2009-08,0,upstream
106095,SBI Infrastructure Fund - Regular Plan - Income Distribution cum Capital Withdrawal Option (IDCW),2009-09,0,upstream
106095,SBI Infrastructure Fund - Regular Plan - Income Distribution cum Capital Withdrawal Option (IDCW),2009-10,0,upstream
106095,SBI Infrastructure Fund - Regular Plan - Income Distribution cum Capital Withdrawal Option (IDCW),2009-11,0,upstream
106095,SBI Infrastructure Fund - Regular Plan - Income Distribution cum Capital Withdrawal Option (IDCW),2009-12,0,upstream
106095,SBI Infrastructure Fund - Regular Plan - Income Distribution cum Capital Withdrawal Option (IDCW),2010-01,0,upstream
106095,SBI Infrastructure Fund - Regular Plan - Income Distribution cum Capital Withdrawal Option (IDCW),2010-02,0,upstream
106095,SBI Infrastructure Fund - Regular Plan - Income Distribution cum Capital Withdrawal Option (IDCW),2010-03,0,upstream
106095,SBI Infrastructure Fund - Regular Plan - Income Distribution cum Capital Withdrawal Option (IDCW),2010-04,0,upstream
106095,SBI Infrastructure Fund - Regular Plan - Income Distribution cum Capital Withdrawal Option (IDCW),2010-05,0,upstream
106095,SBI Infrastructure Fund - Regular Plan - Income Distribution cum Capital Withdrawal Option (IDCW),2010-06,0,upstream
106096,SBI INFRASTRUCTURE FUND -  REGULAR PLAN - GROWTH,2009-05,0,upstream
106096,SBI INFRASTRUCTURE FUND -  REGULAR PLAN - GROWTH,2009-06,0,upstream
106096,SBI INFRASTRUCTURE FUND -  REGULAR PLAN - GROWTH,2009-07,0,upstream
106096,SBI INFRASTRUCTURE FUND -  REGULAR PLAN - GROWTH,2009-08,0,upstream
106096,SBI INFRASTRUCTURE FUND -  REGULAR PLAN - GROWTH,2009-09,0,upstream
106096,SBI INFRASTRUCTURE FUND -  REGULAR PLAN - GROWTH,2009-10,0,upstream
106096,SBI INFRASTRUCTURE FUND -  REGULAR PLAN - GROWTH,2009-11,0,upstream
106096,SBI INFRASTRUCTURE FUND -  REGULAR PLAN - GROWTH,2009-12,0,upstream
106096,SBI INFRASTRUCTURE FUND -  REGULAR PLAN - GROWTH,2010-01,0,upstream
106096,SBI INFRASTRUCTURE FUND -  REGULAR PLAN - GROWTH,2010-02,0,upstream
106096,SBI INFRASTRUCTURE FUND -  REGULAR PLAN - GROWTH,2010-03,0,upstream
106096,SBI INFRASTRUCTURE FUND -  REGULAR PLAN - GROWTH,2010-04,0,upstream
106096,SBI INFRASTRUCTURE FUND -  REGULAR PLAN - GROWTH,2010-05,0,upstream
106096,SBI INFRASTRUCTURE FUND -  REGULAR PLAN - GROWTH,2010-06,0,upstream
106234,SBI Short Term Debt Fund - Regular Plan Fortnightly Income Distribution cum Capital Withdrawal Option (IDCW),2009-05,0,upstream
106234,SBI Short Term Debt Fund - Regular Plan Fortnightly Income Distribution cum Capital Withdrawal Option (IDCW),2009-06,0,upstream
106234,SBI Short Term Debt Fund - Regular Plan Fortnightly Income Distribution cum Capital Withdrawal Option (IDCW),2009-07,0,upstream
106234,SBI Short Term Debt Fund - Regular Plan Fortnightly Income Distribution cum Capital Withdrawal Option (IDCW),2009-08,0,upstream
106234,SBI Short Term Debt Fund - Regular Plan Fortnightly Income Distribution cum Capital Withdrawal Option (IDCW),2009-09,0,upstream
106234,SBI Short Term Debt Fund - Regular Plan Fortnightly Income Distribution cum Capital Withdrawal Option (IDCW),2009-10,0,upstream
106234,SBI Short Term Debt Fund - Regular Plan Fortnightly Income Distribution cum Capital Withdrawal Option (IDCW),2009-11,0,upstream
106234,SBI Short Term Debt Fund - Regular Plan Fortnightly Income Distribution cum Capital Withdrawal Option (IDCW),2009-12,0,upstream
106234,SBI Short Term Debt Fund - Regular Plan Fortnightly Income Distribution cum Capital Withdrawal Option (IDCW),2010-01,0,upstream
106234,SBI Short Term Debt Fund - Regular Plan Fortnightly Income Distribution cum Capital Withdrawal Option (IDCW),2010-02,0,upstream
106234,SBI Short Term Debt Fund - Regular Plan Fortnightly Income Distribution cum Capital Withdrawal Option (IDCW),2010-03,0,upstream
106234,SBI Short Term Debt Fund - Regular Plan Fortnightly Income Distribution cum Capital Withdrawal Option (IDCW),2010-04,0,upstream
106234,SBI Short Term Debt Fund - Regular Plan Fortnightly Income Distribution cum Capital Withdrawal Option (IDCW),2010-05,0,upstream
106234,SBI Short Term Debt Fund - Regular Plan Fortnightly Income Distribution cum Capital Withdrawal Option (IDCW),2010-06,0,upstream
106234,SBI Short Term Debt Fund - Regular Plan Fortnightly Income Distribution cum Capital Withdrawal Option (IDCW),2010-07,0,upstream
106234,SBI Short Term Debt Fund - Regular Plan Fortnightly Income Distribution cum Capital Withdrawal Option (IDCW),2010-08,0,upstream
106234,SBI Short Term Debt Fund - Regular Plan Fortnightly Income Distribution cum Capital Withdrawal Option (IDCW),2010-09,0,upstream
106234,SBI Short Term Debt Fund - Regular Plan Fortnightly Income Distribution cum Capital Withdrawal Option (IDCW),2010-10,0,upstream
106234,SBI Short Term Debt Fund - Regular Plan Fortnightly Income Distribution cum Capital Withdrawal Option (IDCW),2010-11,0,upstream
106234,SBI Short Term Debt Fund - Regular Plan Fortnightly Income Distribution cum Capital Withdrawal Option (IDCW),2010-12,0,upstream
106234,SBI Short Term Debt Fund - Regular Plan Fortnightly Income Distribution cum Capital Withdrawal Option (IDCW),2011-01,0,upstream
106234,SBI Short Term Debt Fund - Regular Plan Fortnightly Income Distribution cum Capital Withdrawal Option (IDCW),2011-02,0,upstream
106234,SBI Short Term Debt Fund - Regular Plan Fortnightly Income Distribution cum Capital Withdrawal Option (IDCW),2011-03,0,upstream
106234,SBI Short Term Debt Fund - Regular Plan Fortnightly Income Distribution cum Capital Withdrawal Option (IDCW),2011-04,0,upstream
106234,SBI Short Term Debt Fund - Regular Plan Fortnightly Income Distribution cum Capital Withdrawal Option (IDCW),2011-05,0,upstream
106234,SBI Short Term Debt Fund - Regular Plan Fortnightly Income Distribution cum Capital Withdrawal Option (IDCW),2011-06,0,upstream
106234,SBI Short Term Debt Fund - Regular Plan Fortnightly Income Distribution cum Capital Withdrawal Option (IDCW),2011-07,0,upstream
106234,SBI Short Term Debt Fund - Regular Plan Fortnightly Income Distribution cum Capital Withdrawal Option (IDCW),2011-08,0,upstream
106234,SBI Short Term Debt Fund - Regular Plan Fortnightly Income Distribution cum Capital Withdrawal Option (IDCW),2011-09,0,upstream
106234,SBI Short Term Debt Fund - Regular Plan Fortnightly Income Distribution cum Capital Withdrawal Option (IDCW),2011-10,0,upstream
106234,SBI Short Term Debt Fund - Regular Plan Fortnightly Income Distribution cum Capital Withdrawal Option (IDCW),2011-11,0,upstream
106234,SBI Short Term Debt Fund - Regular Plan Fortnightly Income Distribution cum Capital Withdrawal Option (IDCW),2011-12,0,upstream
106234,SBI Short Term Debt Fund - Regular Plan Fortnightly Income Distribution cum Capital Withdrawal Option (IDCW),2012-01,0,upstream
106234,SBI Short Term Debt Fund - Regular Plan Fortnightly Income Distribution cum Capital Withdrawal Option (IDCW),2012-02,0,upstream
106234,SBI Short Term Debt Fund - Regular Plan Fortnightly Income Distribution cum Capital Withdrawal Option (IDCW),2012-03,0,upstream
106234,SBI Short Term Debt Fund - Regular Plan Fortnightly Income Distribution cum Capital Withdrawal Option (IDCW),2012-04,0,upstream
106234,SBI Short Term Debt Fund - Regular Plan Fortnightly Income Distribution cum Capital Withdrawal Option (IDCW),2012-05,0,upstream
106234,SBI Short Term Debt Fund - Regular Plan Fortnightly Income Distribution cum Capital Withdrawal Option (IDCW),2012-06,0,upstream
106980,UTI Short Duration Fund - Regular Plan - Quarterly IDCW,2008-06,0,upstream
106980,UTI Short Duration Fund - Regular Plan - Quarterly IDCW,2008-07,0,upstream
106980,UTI Short Duration Fund - Regular Plan - Quarterly IDCW,2008-08,0,upstream
106980,UTI Short Duration Fund - Regular Plan - Quarterly IDCW,2008-11,0,upstream
106980,UTI Short Duration Fund - Regular Plan - Quarterly IDCW,2008-12,0,upstream
106980,UTI Short Duration Fund - Regular Plan - Quarterly IDCW,2009-01,0,upstream
106980,UTI Short Duration Fund - Regular Plan - Quarterly IDCW,2009-02,0,upstream
106980,UTI Short Duration Fund - Regular Plan - Quarterly IDCW,2009-03,0,upstream
106980,UTI Short Duration Fund - Regular Plan - Quarterly IDCW,2009-04,0,upstream
106980,UTI Short Duration Fund - Regular Plan - Quarterly IDCW,2009-05,0,upstream
106980,UTI Short Duration Fund - Regular Plan - Quarterly IDCW,2009-06,0,upstream
107700,Mirae Asset Low Duration Fund - Regular Plan - Daily IDCW,2008-11,0,upstream
107700,Mirae Asset Low Duration Fund - Regular Plan - Daily IDCW,2008-12,0,upstream
107700,Mirae Asset Low Duration Fund - Regular Plan - Daily IDCW,2009-01,0,upstream
107700,Mirae Asset Low Duration Fund - Regular Plan - Daily IDCW,2009-02,0,upstream
107700,Mirae Asset Low Duration Fund - Regular Plan - Daily IDCW,2009-03,0,upstream
107700,Mirae Asset Low Duration Fund - Regular Plan - Daily IDCW,2009-04,0,upstream
107700,Mirae Asset Low Duration Fund - Regular Plan - Daily IDCW,2009-06,0,upstream
107700,Mirae Asset Low Duration Fund - Regular Plan - Daily IDCW,2009-07,0,upstream
107700,Mirae Asset Low Duration Fund - Regular Plan - Daily IDCW,2009-08,0,upstream
107700,Mirae Asset Low Duration Fund - Regular Plan - Daily IDCW,2009-09,0,upstream
107700,Mirae Asset Low Duration Fund - Regular Plan - Daily IDCW,2009-10,0,upstream
107700,Mirae Asset Low Duration Fund - Regular Plan - Daily IDCW,2009-11,0,upstream
107700,Mirae Asset Low Duration Fund - Regular Plan - Daily IDCW,2009-12,0,upstream
107700,Mirae Asset Low Duration Fund - Regular Plan - Daily IDCW,2010-01,0,upstream
107700,Mirae Asset Low Duration Fund - Regular Plan - Daily IDCW,2010-02,0,upstream
107700,Mirae Asset Low Duration Fund - Regular Plan - Daily IDCW,2010-03,0,upstream
107700,Mirae Asset Low Duration Fund - Regular Plan - Daily IDCW,2010-04,0,upstream
107700,Mirae Asset Low Duration Fund - Regular Plan - Daily IDCW,2010-05,0,upstream
107700,Mirae Asset Low Duration Fund - Regular Plan - Daily IDCW,2010-06,0,upstream
107700,Mirae Asset Low Duration Fund - Regular Plan - Daily IDCW,2010-07,0,upstream
107700,Mirae Asset Low Duration Fund - Regular Plan - Daily IDCW,2010-08,0,upstream
107700,Mirae Asset Low Duration Fund - Regular Plan - Daily IDCW,2010-09,0,upstream
107700,Mirae Asset Low Duration Fund - Regular Plan - Daily IDCW,2010-10,0,upstream
107700,Mirae Asset Low Duration Fund - Regular Plan - Daily IDCW,2010-11,0,upstream
107700,Mirae Asset Low Duration Fund - Regular Plan - Daily IDCW,2010-12,0,upstream
107700,Mirae Asset Low Duration Fund - Regular Plan - Daily IDCW,2011-01,0,upstream
107700,Mirae Asset Low Duration Fund - Regular Plan - Daily IDCW,2011-02,0,upstream
107700,Mirae Asset Low Duration Fund - Regular Plan - Daily IDCW,2011-03,0,upstream
107700,Mirae Asset Low Duration Fund - Regular Plan - Daily IDCW,2011-04,0,upstream
107700,Mirae Asset Low Duration Fund - Regular Plan - Daily IDCW,2011-05,0,upstream
107700,Mirae Asset Low Duration Fund - Regular Plan - Daily IDCW,2011-06,0,upstream
107700,Mirae Asset Low Duration Fund - Regular Plan - Daily IDCW,2011-07,0,upstream
107700,Mirae Asset Low Duration Fund - Regular Plan - Daily IDCW,2011-08,0,upstream
107700,Mirae Asset Low Duration Fund - Regular Plan - Daily IDCW,2011-09,0,upstream
107700,Mirae Asset Low Duration Fund - Regular Plan - Daily IDCW,2011-10,0,upstream
107700,Mirae Asset Low Duration Fund - Regular Plan - Daily IDCW,2011-11,0,upstream
107700,Mirae Asset Low Duration Fund - Regular Plan - Daily IDCW,2011-12,0,upstream
107700,Mirae Asset Low Duration Fund - Regular Plan - Daily IDCW,2012-01,0,upstream
107700,Mirae Asset Low Duration Fund - Regular Plan - Daily IDCW,2012-02,0,upstream
107700,Mirae Asset Low Duration Fund - Regular Plan - Daily IDCW,2012-03,0,upstream
107700,Mirae Asset Low Duration Fund - Regular Plan - Daily IDCW,2012-04,0,upstream
107700,Mirae Asset Low Duration Fund - Regular Plan - Daily IDCW,2012-05,0,upstream
107700,Mirae Asset Low Duration Fund - Regular Plan - Daily IDCW,2012-06,0,upstream
107700,Mirae Asset Low Duration Fund - Regular Plan - Daily IDCW,2012-07,0,upstream
107700,Mirae Asset Low Duration Fund - Regular Plan - Daily IDCW,2012-08,0,upstream
107700,Mirae Asset Low Duration Fund - Regular Plan - Daily IDCW,2012-09,0,upstream
107700,Mirae Asset Low Duration Fund - Regular Plan - Daily IDCW,2012-10,0,upstream
107700,Mirae Asset Low Duration Fund - Regular Plan - Daily IDCW,2012-11,0,upstream
107700,Mirae Asset Low Duration Fund - Regular Plan - Daily IDCW,2012-12,0,upstream
107700,Mirae Asset Low Duration Fund - Regular Plan - Daily IDCW,2013-01,0,upstream
107700,Mirae Asset Low Duration Fund - Regular Plan - Daily IDCW,2013-02,0,upstream
107700,Mirae Asset Low Duration Fund - Regular Plan - Daily IDCW,2013-03,0,upstream
107700,Mirae Asset Low Duration Fund - Regular Plan - Daily IDCW,2013-04,0,upstream
107700,Mirae Asset Low Duration Fund - Regular Plan - Daily IDCW,2013-05,0,upstream
107700,Mirae Asset Low Duration Fund - Regular Plan - Daily IDCW,2013-06,0,upstream
107700,Mirae Asset Low Duration Fund - Regular Plan - Daily IDCW,2013-07,0,upstream
107701,Mirae Asset Low Duration Fund - Regular Plan - Weekly IDCW,2008-11,0,upstream
107701,Mirae Asset Low Duration Fund - Regular Plan - Weekly IDCW,2008-12,0,upstream
107701,Mirae Asset Low Duration Fund - Regular Plan - Weekly IDCW,2009-01,0,upstream
107701,Mirae Asset Low Duration Fund - Regular Plan - Weekly IDCW,2009-02,0,upstream
107701,Mirae Asset Low Duration Fund - Regular Plan - Weekly IDCW,2009-03,0,upstream
107701,Mirae Asset Low Duration Fund - Regular Plan - Weekly IDCW,2009-04,0,upstream
107701,Mirae Asset Low Duration Fund - Regular Plan - Weekly IDCW,2009-05,0,upstream
107701,Mirae Asset Low Duration Fund - Regular Plan - Weekly IDCW,2009-06,0,upstream
107701,Mirae Asset Low Duration Fund - Regular Plan - Weekly IDCW,2009-07,0,upstream
107701,Mirae Asset Low Duration Fund - Regular Plan - Weekly IDCW,2009-08,0,upstream
107701,Mirae Asset Low Duration Fund - Regular Plan - Weekly IDCW,2009-09,0,upstream
107701,Mirae Asset Low Duration Fund - Regular Plan - Weekly IDCW,2009-10,0,upstream
107701,Mirae Asset Low Duration Fund - Regular Plan - Weekly IDCW,2009-11,0,upstream
107701,Mirae Asset Low Duration Fund - Regular Plan - Weekly IDCW,2009-12,0,upstream
107701,Mirae Asset Low Duration Fund - Regular Plan - Weekly IDCW,2010-01,0,upstream
107701,Mirae Asset Low Duration Fund - Regular Plan - Weekly IDCW,2010-02,0,upstream
107701,Mirae Asset Low Duration Fund - Regular Plan - Weekly IDCW,2010-03,0,upstream
107701,Mirae Asset Low Duration Fund - Regular Plan - Weekly IDCW,2010-04,0,upstream
107701,Mirae Asset Low Duration Fund - Regular Plan - Weekly IDCW,2010-05,0,upstream
107701,Mirae Asset Low Duration Fund - Regular Plan - Weekly IDCW,2010-06,0,upstream
107701,Mirae Asset Low Duration Fund - Regular Plan - Weekly IDCW,2010-07,0,upstream
107701,Mirae Asset Low Duration Fund - Regular Plan - Weekly IDCW,2010-08,0,upstream
107701,Mirae Asset Low Duration Fund - Regular Plan - Weekly IDCW,2010-09,0,upstream
107701,Mirae Asset Low Duration Fund - Regular Plan - Weekly IDCW,2010-10,0,upstream
107701,Mirae Asset Low Duration Fund - Regular Plan - Weekly IDCW,2010-11,0,upstream
107701,Mirae Asset Low Duration Fund - Regular Plan - Weekly IDCW,2010-12,0,upstream
107701,Mirae Asset Low Duration Fund - Regular Plan - Weekly IDCW,2011-01,0,upstream
107701,Mirae Asset Low Duration Fund - Regular Plan - Weekly IDCW,2011-02,0,upstream
107701,Mirae Asset Low Duration Fund - Regular Plan - Weekly IDCW,2011-03,0,upstream
107701,Mirae Asset Low Duration Fund - Regular Plan - Weekly IDCW,2011-04,0,upstream
107701,Mirae Asset Low Duration Fund - Regular Plan - Weekly IDCW,2011-05,0,upstream
107701,Mirae Asset Low Duration Fund - Regular Plan - Weekly IDCW,2011-06,0,upstream
107701,Mirae Asset Low Duration Fund - Regular Plan - Weekly IDCW,2011-07,0,upstream
107701,Mirae Asset Low Duration Fund - Regular Plan - Weekly IDCW,2011-08,0,upstream
107701,Mirae Asset Low Duration Fund - Regular Plan - Weekly IDCW,2011-09,0,upstream
107701,Mirae Asset Low Duration Fund - Regular Plan - Weekly IDCW,2011-10,0,upstream
107701,Mirae Asset Low Duration Fund - Regular Plan - Weekly IDCW,2011-11,0,upstream
107701,Mirae Asset Low Duration Fund - Regular Plan - Weekly IDCW,2011-12,0,upstream
107701,Mirae Asset Low Duration Fund - Regular Plan - Weekly IDCW,2012-01,0,upstream
107701,Mirae Asset Low Duration Fund - Regular Plan - Weekly IDCW,2012-02,0,upstream
107701,Mirae Asset Low Duration Fund - Regular Plan - Weekly IDCW,2012-03,0,upstream
107701,Mirae Asset Low Duration Fund - Regular Plan - Weekly IDCW,2012-04,0,upstream
107701,Mirae Asset Low Duration Fund - Regular Plan - Weekly IDCW,2012-05,0,upstream
107701,Mirae Asset Low Duration Fund - Regular Plan - Weekly IDCW,2012-06,0,upstream
107701,Mirae Asset Low Duration Fund - Regular Plan - Weekly IDCW,2012-07,0,upstream
107701,Mirae Asset Low Duration Fund - Regular Plan - Weekly IDCW,2012-08,0,upstream
107701,Mirae Asset Low Duration Fund - Regular Plan - Weekly IDCW,2012-09,0,upstream
107704,Mirae Asset Low Duration Fund - Regular Plan - Monthly IDCW,2008-11,0,upstream
107704,Mirae Asset Low Duration Fund - Regular Plan - Monthly IDCW,2008-12,0,upstream
107704,Mirae Asset Low Duration Fund - Regular Plan - Monthly IDCW,2009-01,0,upstream
107704,Mirae Asset Low Duration Fund - Regular Plan - Monthly IDCW,2009-02,0,upstream
107704,Mirae Asset Low Duration Fund - Regular Plan - Monthly IDCW,2009-03,0,upstream
107704,Mirae Asset Low Duration Fund - Regular Plan - Monthly IDCW,2009-04,0,upstream
107704,Mirae Asset Low Duration Fund - Regular Plan - Monthly IDCW,2009-05,0,upstream
107704,Mirae Asset Low Duration Fund - Regular Plan - Monthly IDCW,2009-06,0,upstream
107704,Mirae Asset Low Duration Fund - Regular Plan - Monthly IDCW,2009-07,0,upstream
107704,Mirae Asset Low Duration Fund - Regular Plan - Monthly IDCW,2009-08,0,upstream
107704,Mirae Asset Low Duration Fund - Regular Plan - Monthly IDCW,2009-09,0,upstream
107704,Mirae Asset Low Duration Fund - Regular Plan - Monthly IDCW,2009-10,0,upstream
107704,Mirae Asset Low Duration Fund - Regular Plan - Monthly IDCW,2009-11,0,upstream
107704,Mirae Asset Low Duration Fund - Regular Plan - Monthly IDCW,2009-12,0,upstream
107704,Mirae Asset Low Duration Fund - Regular Plan - Monthly IDCW,2010-01,0,upstream
107704,Mirae Asset Low Duration Fund - Regular Plan - Monthly IDCW,2010-02,0,upstream
107704,Mirae Asset Low Duration Fund - Regular Plan - Monthly IDCW,2010-03,0,upstream
107704,Mirae Asset Low Duration Fund - Regular Plan - Monthly IDCW,2010-04,0,upstream
107704,Mirae Asset Low Duration Fund - Regular Plan - Monthly IDCW,2010-05,0,upstream
107704,Mirae Asset Low Duration Fund - Regular Plan - Monthly IDCW,2010-06,0,upstream
107704,Mirae Asset Low Duration Fund - Regular Plan - Monthly IDCW,2010-07,0,upstream
107704,Mirae Asset Low Duration Fund - Regular Plan - Monthly IDCW,2010-08,0,upstream
107704,Mirae Asset Low Duration Fund - Regular Plan - Monthly IDCW,2010-09,0,upstream
107704,Mirae Asset Low Duration Fund - Regular Plan - Monthly IDCW,2010-10,0,upstream
107704,Mirae Asset Low Duration Fund - Regular Plan - Monthly IDCW,2010-11,0,upstream
107704,Mirae Asset Low Duration Fund - Regular Plan - Monthly IDCW,2010-12,0,upstream
107704,Mirae Asset Low Duration Fund - Regular Plan - Monthly IDCW,2011-01,0,upstream
107704,Mirae Asset Low Duration Fund - Regular Plan - Monthly IDCW,2011-02,0,upstream
107704,Mirae Asset Low Duration Fund - Regular Plan - Monthly IDCW,2011-03,0,upstream
107704,Mirae Asset Low Duration Fund - Regular Plan - Monthly IDCW,2011-04,0,upstream
107704,Mirae Asset Low Duration Fund - Regular Plan - Monthly IDCW,2011-05,0,upstream
107704,Mirae Asset Low Duration Fund - Regular Plan - Monthly IDCW,2011-06,0,upstream
107704,Mirae Asset Low Duration Fund - Regular Plan - Monthly IDCW,2011-07,0,upstream
107704,Mirae Asset Low Duration Fund - Regular Plan - Monthly IDCW,2011-08,0,upstream
107704,Mirae Asset Low Duration Fund - Regular Plan - Monthly IDCW,2011-09,0,upstream
107704,Mirae Asset Low Duration Fund - Regular Plan - Monthly IDCW,2011-10,0,upstream
107704,Mirae Asset Low Duration Fund - Regular Plan - Monthly IDCW,2011-11,0,upstream
107704,Mirae Asset Low Duration Fund - Regular Plan - Monthly IDCW,2011-12,0,upstream
107704,Mirae Asset Low Duration Fund - Regular Plan - Monthly IDCW,2012-01,0,upstream
107704,Mirae Asset Low Duration Fund - Regular Plan - Monthly IDCW,2012-02,0,upstream
107704,Mirae Asset Low Duration Fund - Regular Plan - Monthly IDCW,2012-03,0,upstream
107704,Mirae Asset Low Duration Fund - Regular Plan - Monthly IDCW,2012-04,0,upstream
107704,Mirae Asset Low Duration Fund - Regular Plan - Monthly IDCW,2012-05,0,upstream
107705,Mirae Asset Low Duration Fund - Regular Plan - Growth,2008-11,0,upstream
107705,Mirae Asset Low Duration Fund - Regular Plan - Growth,2008-12,0,upstream
107705,Mirae Asset Low Duration Fund - Regular Plan - Growth,2009-01,0,upstream
107705,Mirae Asset Low Duration Fund - Regular Plan - Growth,2009-02,0,upstream
107705,Mirae Asset Low Duration Fund - Regular Plan - Growth,2009-03,0,upstream
107705,Mirae Asset Low Duration Fund - Regular Plan - Growth,2009-04,0,upstream
107705,Mirae Asset Low Duration Fund - Regular Plan - Growth,2009-05,0,upstream
107705,Mirae Asset Low Duration Fund - Regular Plan - Growth,2009-06,0,upstream
107705,Mirae Asset Low Duration Fund - Regular Plan - Growth,2009-07,0,upstream
107705,Mirae Asset Low Duration Fund - Regular Plan - Growth,2009-08,0,upstream
107705,Mirae Asset Low Duration Fund - Regular Plan - Growth,2009-09,0,upstream
107705,Mirae Asset Low Duration Fund - Regular Plan - Growth,2009-10,0,upstream
107705,Mirae Asset Low Duration Fund - Regular Plan - Growth,2009-11,0,upstream
107705,Mirae Asset Low Duration Fund - Regular Plan - Growth,2009-12,0,upstream
107705,Mirae Asset Low Duration Fund - Regular Plan - Growth,2010-01,0,upstream
107705,Mirae Asset Low Duration Fund - Regular Plan - Growth,2010-02,0,upstream
107705,Mirae Asset Low Duration Fund - Regular Plan - Growth,2010-03,0,upstream
107705,Mirae Asset Low Duration Fund - Regular Plan - Growth,2010-04,0,upstream
107705,Mirae Asset Low Duration Fund - Regular Plan - Growth,2010-05,0,upstream
107705,Mirae Asset Low Duration Fund - Regular Plan - Growth,2010-06,0,upstream
107705,Mirae Asset Low Duration Fund - Regular Plan - Growth,2010-07,0,upstream
107705,Mirae Asset Low Duration Fund - Regular Plan - Growth,2010-08,0,upstream
107705,Mirae Asset Low Duration Fund - Regular Plan - Growth,2010-09,0,upstream
107705,Mirae Asset Low Duration Fund - Regular Plan - Growth,2010-10,0,upstream
107705,Mirae Asset Low Duration Fund - Regular Plan - Growth,2010-11,0,upstream
107705,Mirae Asset Low Duration Fund - Regular Plan - Growth,2010-12,0,upstream
107705,Mirae Asset Low Duration Fund - Regular Plan - Growth,2011-01,0,upstream
107705,Mirae Asset Low Duration Fund - Regular Plan - Growth,2011-02,0,upstream
107705,Mirae Asset Low Duration Fund - Regular Plan - Growth,2011-03,0,upstream
107705,Mirae Asset Low Duration Fund - Regular Plan - Growth,2011-04,0,upstream
107705,Mirae Asset Low Duration Fund - Regular Plan - Growth,2011-05,0,upstream
107705,Mirae Asset Low Duration Fund - Regular Plan - Growth,2011-06,0,upstream
107705,Mirae Asset Low Duration Fund - Regular Plan - Growth,2011-07,0,upstream
107705,Mirae Asset Low Duration Fund - Regular Plan - Growth,2011-08,0,upstream
107705,Mirae Asset Low Duration Fund - Regular Plan - Growth,2011-09,0,upstream
107705,Mirae Asset Low Duration Fund - Regular Plan - Growth,2011-10,0,upstream
107705,Mirae Asset Low Duration Fund - Regular Plan - Growth,2011-11,0,upstream
107705,Mirae Asset Low Duration Fund - Regular Plan - Growth,2011-12,0,upstream
107705,Mirae Asset Low Duration Fund - Regular Plan - Growth,2012-01,0,upstream
107705,Mirae Asset Low Duration Fund - Regular Plan - Growth,2012-02,0,upstream
107705,Mirae Asset Low Duration Fund - Regular Plan - Growth,2012-03,0,upstream
107705,Mirae Asset Low Duration Fund - Regular Plan - Growth,2012-04,0,upstream
107705,Mirae Asset Low Duration Fund - Regular Plan - Growth,2012-05,0,upstream
108558,Bandhan Gilt Fund - Regular - Plan B - Half Yearly IDCW,2014-01,0,upstream
108558,Bandhan Gilt Fund - Regular - Plan B - Half Yearly IDCW,2014-02,0,upstream
108558,Bandhan Gilt Fund - Regular - Plan B - Half Yearly IDCW,2014-03,0,upstream
108558,Bandhan Gilt Fund - Regular - Plan B - Half Yearly IDCW,2014-04,0,upstream
108558,Bandhan Gilt Fund - Regular - Plan B - Half Yearly IDCW,2014-05,0,upstream
108558,Bandhan Gilt Fund - Regular - Plan B - Half Yearly IDCW,2014-06,0,upstream
108558,Bandhan Gilt Fund - Regular - Plan B - Half Yearly IDCW,2014-07,0,upstream
108558,Bandhan Gilt Fund - Regular - Plan B - Half Yearly IDCW,2014-08,0,upstream
108558,Bandhan Gilt Fund - Regular - Plan B - Half Yearly IDCW,2014-09,0,upstream
108558,Bandhan Gilt Fund - Regular - Plan B - Half Yearly IDCW,2014-10,0,upstream
108691,BANDHAN LIQUID Fund - Regular Plan - Weekly IDCW,2009-04,0,upstream
108691,BANDHAN LIQUID Fund - Regular Plan - Weekly IDCW,2009-09,0,upstream
108691,BANDHAN LIQUID Fund - Regular Plan - Weekly IDCW,2009-10,0,upstream
108691,BANDHAN LIQUID Fund - Regular Plan - Weekly IDCW,2009-11,0,upstream
108691,BANDHAN LIQUID Fund - Regular Plan - Weekly IDCW,2009-12,0,upstream
108691,BANDHAN LIQUID Fund - Regular Plan - Weekly IDCW,2010-02,0,upstream
108691,BANDHAN LIQUID Fund - Regular Plan - Weekly IDCW,2010-03,0,upstream
108691,BANDHAN LIQUID Fund - Regular Plan - Weekly IDCW,2010-04,0,upstream
108691,BANDHAN LIQUID Fund - Regular Plan - Weekly IDCW,2010-07,0,upstream
108691,BANDHAN LIQUID Fund - Regular Plan - Weekly IDCW,2010-11,0,upstream
108691,BANDHAN LIQUID Fund - Regular Plan - Weekly IDCW,2010-12,0,upstream
108691,BANDHAN LIQUID Fund - Regular Plan - Weekly IDCW,2011-01,0,upstream
108691,BANDHAN LIQUID Fund - Regular Plan - Weekly IDCW,2011-02,0,upstream
108691,BANDHAN LIQUID Fund - Regular Plan - Weekly IDCW,2011-04,0,upstream
108693,BANDHAN LIQUID Fund - Regular Plan - Monthly IDCW,2010-01,0,upstream
108693,BANDHAN LIQUID Fund - Regular Plan - Monthly IDCW,2010-02,0,upstream
108693,BANDHAN LIQUID Fund - Regular Plan - Monthly IDCW,2010-03,0,upstream
108693,BANDHAN LIQUID Fund - Regular Plan - Monthly IDCW,2010-04,0,upstream
108693,BANDHAN LIQUID Fund - Regular Plan - Monthly IDCW,2010-05,0,upstream
108693,BANDHAN LIQUID Fund - Regular Plan - Monthly IDCW,2010-06,0,upstream
108693,BANDHAN LIQUID Fund - Regular Plan - Monthly IDCW,2010-07,0,upstream
108693,BANDHAN LIQUID Fund - Regular Plan - Monthly IDCW,2010-08,0,upstream
108693,BANDHAN LIQUID Fund - Regular Plan - Monthly IDCW,2010-09,0,upstream
108693,BANDHAN LIQUID Fund - Regular Plan - Monthly IDCW,2010-10,0,upstream
108693,BANDHAN LIQUID Fund - Regular Plan - Monthly IDCW,2010-11,0,upstream
108693,BANDHAN LIQUID Fund - Regular Plan - Monthly IDCW,2010-12,0,upstream
108693,BANDHAN LIQUID Fund - Regular Plan - Monthly IDCW,2011-01,0,upstream
108693,BANDHAN LIQUID Fund - Regular Plan - Monthly IDCW,2011-02,0,upstream
108693,BANDHAN LIQUID Fund - Regular Plan - Monthly IDCW,2011-03,0,upstream
108693,BANDHAN LIQUID Fund - Regular Plan - Monthly IDCW,2011-04,0,upstream
108693,BANDHAN LIQUID Fund - Regular Plan - Monthly IDCW,2011-05,0,upstream
108693,BANDHAN LIQUID Fund - Regular Plan - Monthly IDCW,2011-06,0,upstream
108693,BANDHAN LIQUID Fund - Regular Plan - Monthly IDCW,2011-07,0,upstream
108693,BANDHAN LIQUID Fund - Regular Plan - Monthly IDCW,2011-08,0,upstream
108693,BANDHAN LIQUID Fund - Regular Plan - Monthly IDCW,2011-09,0,upstream
109716,Nippon India Gilt  Fund -P F Option-Automatic Annual Reinvest Option,2010-04,0,upstream
109716,Nippon India Gilt  Fund -P F Option-Automatic Annual Reinvest Option,2010-05,0,upstream
111343,Bandhan Gilt Fund with 10 year constant duration Fund - Regular Plan - Weekly IDCW,2009-09,0,upstream
111343,Bandhan Gilt Fund with 10 year constant duration Fund - Regular Plan - Weekly IDCW,2009-10,0,upstream
111343,Bandhan Gilt Fund with 10 year constant duration Fund - Regular Plan - Weekly IDCW,2009-11,0,upstream
111343,Bandhan Gilt Fund with 10 year constant duration Fund - Regular Plan - Weekly IDCW,2009-12,0,upstream
111343,Bandhan Gilt Fund with 10 year constant duration Fund - Regular Plan - Weekly IDCW,2010-01,0,upstream
111343,Bandhan Gilt Fund with 10 year constant duration Fund - Regular Plan - Weekly IDCW,2010-02,0,upstream
111343,Bandhan Gilt Fund with 10 year constant duration Fund - Regular Plan - Weekly IDCW,2010-03,0,upstream
111343,Bandhan Gilt Fund with 10 year constant duration Fund - Regular Plan - Weekly IDCW,2010-04,0,upstream
111343,Bandhan Gilt Fund with 10 year constant duration Fund - Regular Plan - Weekly IDCW,2010-05,0,upstream
111343,Bandhan Gilt Fund with 10 year constant duration Fund - Regular Plan - Weekly IDCW,2010-06,0,upstream
111343,Bandhan Gilt Fund with 10 year constant duration Fund - Regular Plan - Weekly IDCW,2010-07,0,upstream
111343,Bandhan Gilt Fund with 10 year constant duration Fund - Regular Plan - Weekly IDCW,2010-08,0,upstream
111343,Bandhan Gilt Fund with 10 year constant duration Fund - Regular Plan - Weekly IDCW,2010-09,0,upstream
111343,Bandhan Gilt Fund with 10 year constant duration Fund - Regular Plan - Weekly IDCW,2010-10,0,upstream
111343,Bandhan Gilt Fund with 10 year constant duration Fund - Regular Plan - Weekly IDCW,2010-11,0,upstream
111343,Bandhan Gilt Fund with 10 year constant duration Fund - Regular Plan - Weekly IDCW,2010-12,0,upstream
111343,Bandhan Gilt Fund with 10 year constant duration Fund - Regular Plan - Weekly IDCW,2011-01,0,upstream
111343,Bandhan Gilt Fund with 10 year constant duration Fund - Regular Plan - Weekly IDCW,2011-02,0,upstream
111343,Bandhan Gilt Fund with 10 year constant duration Fund - Regular Plan - Weekly IDCW,2011-03,0,upstream
111343,Bandhan Gilt Fund with 10 year constant duration Fund - Regular Plan - Weekly IDCW,2011-04,0,upstream
111343,Bandhan Gilt Fund with 10 year constant duration Fund - Regular Plan - Weekly IDCW,2011-05,0,upstream
111343,Bandhan Gilt Fund with 10 year constant duration Fund - Regular Plan - Weekly IDCW,2011-06,0,upstream
111343,Bandhan Gilt Fund with 10 year constant duration Fund - Regular Plan - Weekly IDCW,2011-07,0,upstream
111343,Bandhan Gilt Fund with 10 year constant duration Fund - Regular Plan - Weekly IDCW,2011-08,0,upstream
111343,Bandhan Gilt Fund with 10 year constant duration Fund - Regular Plan - Weekly IDCW,2011-09,0,upstream
111343,Bandhan Gilt Fund with 10 year constant duration Fund - Regular Plan - Weekly IDCW,2011-10,0,upstream
111343,Bandhan Gilt Fund with 10 year constant duration Fund - Regular Plan - Weekly IDCW,2011-11,0,upstream
111343,Bandhan Gilt Fund with 10 year constant duration Fund - Regular Plan - Weekly IDCW,2011-12,0,upstream
111545,ICICI Prudential Floating Interest Fund - Weekly IDCW,2011-08,0,upstream
111545,ICICI Prudential Floating Interest Fund - Weekly IDCW,2011-09,0,upstream
111545,ICICI Prudential Floating Interest Fund - Weekly IDCW,2011-10,0,upstream
111545,ICICI Prudential Floating Interest Fund - Weekly IDCW,2011-11,0,upstream
111545,ICICI Prudential Floating Interest Fund - Weekly IDCW,2011-12,0,upstream
111545,ICICI Prudential Floating Interest Fund - Weekly IDCW,2012-01,0,upstream
111545,ICICI Prudential Floating Interest Fund - Weekly IDCW,2012-02,0,upstream
111705,Baroda BNP Paribas LIQUID FUND - Regular Plan - WEEKLY IDCW OPTION,2011-09,0,upstream
111705,Baroda BNP Paribas LIQUID FUND - Regular Plan - WEEKLY IDCW OPTION,2011-10,0,upstream
111705,Baroda BNP Paribas LIQUID FUND - Regular Plan - WEEKLY IDCW OPTION,2012-07,0,upstream
111705,Baroda BNP Paribas LIQUID FUND - Regular Plan - WEEKLY IDCW OPTION,2012-08,0,upstream
111705,Baroda BNP Paribas LIQUID FUND - Regular Plan - WEEKLY IDCW OPTION,2012-09,0,upstream
111705,Baroda BNP Paribas LIQUID FUND - Regular Plan - WEEKLY IDCW OPTION,2012-11,0,upstream
111746,Nippon India Low Duration Fund -Growth Plan -Bonus Option,2010-04,0,upstream
111746,Nippon India Low Duration Fund -Growth Plan -Bonus Option,2010-05,0,upstream
111746,Nippon India Low Duration Fund -Growth Plan -Bonus Option,2010-06,0,upstream
111746,Nippon India Low Duration Fund -Growth Plan -Bonus Option,2010-07,0,upstream
111746,Nippon India Low Duration Fund -Growth Plan -Bonus Option,2010-08,0,upstream
111746,Nippon India Low Duration Fund -Growth Plan -Bonus Option,2010-09,0,upstream
111746,Nippon India Low Duration Fund -Growth Plan -Bonus Option,2010-10,0,upstream
111746,Nippon India Low Duration Fund -Growth Plan -Bonus Option,2010-11,0,upstream
111746,Nippon India Low Duration Fund -Growth Plan -Bonus Option,2010-12,0,upstream
111746,Nippon India Low Duration Fund -Growth Plan -Bonus Option,2011-01,0,upstream
111746,Nippon India Low Duration Fund -Growth Plan -Bonus Option,2011-02,0,upstream
111746,Nippon India Low Duration Fund -Growth Plan -Bonus Option,2011-03,0,upstream
111746,Nippon India Low Duration Fund -Growth Plan -Bonus Option,2011-04,0,upstream
111746,Nippon India Low Duration Fund -Growth Plan -Bonus Option,2011-05,0,upstream
111746,Nippon India Low Duration Fund -Growth Plan -Bonus Option,2011-06,0,upstream
111746,Nippon India Low Duration Fund -Growth Plan -Bonus Option,2011-07,0,upstream
111746,Nippon India Low Duration Fund -Growth Plan -Bonus Option,2011-08,0,upstream
111746,Nippon India Low Duration Fund -Growth Plan -Bonus Option,2011-09,0,upstream
111746,Nippon India Low Duration Fund -Growth Plan -Bonus Option,2011-10,0,upstream
111746,Nippon India Low Duration Fund -Growth Plan -Bonus Option,2011-11,0,upstream
111746,Nippon India Low Duration Fund -Growth Plan -Bonus Option,2011-12,0,upstream
111746,Nippon India Low Duration Fund -Growth Plan -Bonus Option,2012-01,0,upstream
111746,Nippon India Low Duration Fund -Growth Plan -Bonus Option,2012-02,0,upstream
111746,Nippon India Low Duration Fund -Growth Plan -Bonus Option,2012-03,0,upstream
111746,Nippon India Low Duration Fund -Growth Plan -Bonus Option,2012-04,0,upstream
111746,Nippon India Low Duration Fund -Growth Plan -Bonus Option,2012-05,0,upstream
111746,Nippon India Low Duration Fund -Growth Plan -Bonus Option,2012-06,0,upstream
111746,Nippon India Low Duration Fund -Growth Plan -Bonus Option,2012-07,0,upstream
111746,Nippon India Low Duration Fund -Growth Plan -Bonus Option,2012-08,0,upstream
111746,Nippon India Low Duration Fund -Growth Plan -Bonus Option,2012-09,0,upstream
111750,NIPPON INDIA LOW DURATION FUND - QUARTERLY IDCW Option,2010-04,0,upstream
111750,NIPPON INDIA LOW DURATION FUND - QUARTERLY IDCW Option,2010-05,0,upstream
111750,NIPPON INDIA LOW DURATION FUND - QUARTERLY IDCW Option,2010-06,0,upstream
111750,NIPPON INDIA LOW DURATION FUND - QUARTERLY IDCW Option,2010-07,0,upstream
111750,NIPPON INDIA LOW DURATION FUND - QUARTERLY IDCW Option,2010-08,0,upstream
111750,NIPPON INDIA LOW DURATION FUND - QUARTERLY IDCW Option,2010-09,0,upstream
111750,NIPPON INDIA LOW DURATION FUND - QUARTERLY IDCW Option,2010-10,0,upstream
111750,NIPPON INDIA LOW DURATION FUND - QUARTERLY IDCW Option,2010-11,0,upstream
111750,NIPPON INDIA LOW DURATION FUND - QUARTERLY IDCW Option,2010-12,0,upstream
111750,NIPPON INDIA LOW DURATION FUND - QUARTERLY IDCW Option,2011-01,0,upstream
111750,NIPPON INDIA LOW DURATION FUND - QUARTERLY IDCW Option,2011-02,0,upstream
111750,NIPPON INDIA LOW DURATION FUND - QUARTERLY IDCW Option,2011-03,0,upstream
111750,NIPPON INDIA LOW DURATION FUND - QUARTERLY IDCW Option,2011-04,0,upstream
111750,NIPPON INDIA LOW DURATION FUND - QUARTERLY IDCW Option,2011-05,0,upstream
111750,NIPPON INDIA LOW DURATION FUND - QUARTERLY IDCW Option,2011-06,0,upstream
111750,NIPPON INDIA LOW DURATION FUND - QUARTERLY IDCW Option,2011-07,0,upstream
111750,NIPPON INDIA LOW DURATION FUND - QUARTERLY IDCW Option,2011-08,0,upstream
111750,NIPPON INDIA LOW DURATION FUND - QUARTERLY IDCW Option,2011-09,0,upstream
111750,NIPPON INDIA LOW DURATION FUND - QUARTERLY IDCW Option,2011-10,0,upstream
111750,NIPPON INDIA LOW DURATION FUND - QUARTERLY IDCW Option,2011-11,0,upstream
111750,NIPPON INDIA LOW DURATION FUND - QUARTERLY IDCW Option,2011-12,0,upstream
111750,NIPPON INDIA LOW DURATION FUND - QUARTERLY IDCW Option,2012-01,0,upstream
111750,NIPPON INDIA LOW DURATION FUND - QUARTERLY IDCW Option,2012-02,0,upstream
111750,NIPPON INDIA LOW DURATION FUND - QUARTERLY IDCW Option,2012-03,0,upstream
111750,NIPPON INDIA LOW DURATION FUND - QUARTERLY IDCW Option,2012-04,0,upstream
111750,NIPPON INDIA LOW DURATION FUND - QUARTERLY IDCW Option,2012-05,0,upstream
111750,NIPPON INDIA LOW DURATION FUND - QUARTERLY IDCW Option,2012-06,0,upstream
111750,NIPPON INDIA LOW DURATION FUND - QUARTERLY IDCW Option,2012-07,0,upstream
111750,NIPPON INDIA LOW DURATION FUND - QUARTERLY IDCW Option,2012-08,0,upstream
111750,NIPPON INDIA LOW DURATION FUND - QUARTERLY IDCW Option,2012-09,0,upstream
111987,ICICI Prudential Corporate Bond Fund - Growth,2011-03,0,upstream
111991,ICICI Prudential Corporate Bond Fund - Monthly IDCW,2011-06,0,upstream
111991,ICICI Prudential Corporate Bond Fund - Monthly IDCW,2011-07,0,upstream
111991,ICICI Prudential Corporate Bond Fund - Monthly IDCW,2011-08,0,upstream
111992,ICICI Prudential Corporate Bond Fund -Quarterly IDCW,2012-09,0,upstream
111992,ICICI Prudential Corporate Bond Fund -Quarterly IDCW,2012-10,0,upstream
112097,ICICI Prudential All Seasons Bond Fund - IDCW,2012-02,0,upstream
112097,ICICI Prudential All Seasons Bond Fund - IDCW,2012-03,0,upstream
112097,ICICI Prudential All Seasons Bond Fund - IDCW,2012-04,0,upstream
112097,ICICI Prudential All Seasons Bond Fund - IDCW,2012-05,0,upstream
112097,ICICI Prudential All Seasons Bond Fund - IDCW,2012-06,0,upstream
112097,ICICI Prudential All Seasons Bond Fund - IDCW,2012-07,0,upstream
112097,ICICI Prudential All Seasons Bond Fund - IDCW,2012-08,0,upstream
112097,ICICI Prudential All Seasons Bond Fund - IDCW,2012-09,0,upstream
112097,ICICI Prudential All Seasons Bond Fund - IDCW,2012-10,0,upstream
112097,ICICI Prudential All Seasons Bond Fund - IDCW,2012-11,0,upstream
112097,ICICI Prudential All Seasons Bond Fund - IDCW,2012-12,0,upstream
112340,NIPPON INDIA LIQUID FUND - QUARTERLY IDCW OPTION,2010-05,0,upstream
112340,NIPPON INDIA LIQUID FUND - QUARTERLY IDCW OPTION,2010-06,0,upstream
112340,NIPPON INDIA LIQUID FUND - QUARTERLY IDCW OPTION,2010-07,0,upstream
112340,NIPPON INDIA LIQUID FUND - QUARTERLY IDCW OPTION,2010-08,0,upstream
112340,NIPPON INDIA LIQUID FUND - QUARTERLY IDCW OPTION,2010-09,0,upstream
112340,NIPPON INDIA LIQUID FUND - QUARTERLY IDCW OPTION,2010-10,0,upstream
112340,NIPPON INDIA LIQUID FUND - QUARTERLY IDCW OPTION,2010-11,0,upstream
112340,NIPPON INDIA LIQUID FUND - QUARTERLY IDCW OPTION,2010-12,0,upstream
112340,NIPPON INDIA LIQUID FUND - QUARTERLY IDCW OPTION,2011-01,0,upstream
112340,NIPPON INDIA LIQUID FUND - QUARTERLY IDCW OPTION,2011-02,0,upstream
112340,NIPPON INDIA LIQUID FUND - QUARTERLY IDCW OPTION,2011-03,0,upstream
112340,NIPPON INDIA LIQUID FUND - QUARTERLY IDCW OPTION,2011-04,0,upstream
112340,NIPPON INDIA LIQUID FUND - QUARTERLY IDCW OPTION,2011-05,0,upstream
112340,NIPPON INDIA LIQUID FUND - QUARTERLY IDCW OPTION,2011-06,0,upstream
112340,NIPPON INDIA LIQUID FUND - QUARTERLY IDCW OPTION,2011-07,0,upstream
112340,NIPPON INDIA LIQUID FUND - QUARTERLY IDCW OPTION,2011-08,0,upstream
112340,NIPPON INDIA LIQUID FUND - QUARTERLY IDCW OPTION,2011-09,0,upstream
112340,NIPPON INDIA LIQUID FUND - QUARTERLY IDCW OPTION,2011-10,0,upstream
112340,NIPPON INDIA LIQUID FUND - QUARTERLY IDCW OPTION,2011-11,0,upstream
112340,NIPPON INDIA LIQUID FUND - QUARTERLY IDCW OPTION,2011-12,0,upstream
112340,NIPPON INDIA LIQUID FUND - QUARTERLY IDCW OPTION,2012-01,0,upstream
112340,NIPPON INDIA LIQUID FUND - QUARTERLY IDCW OPTION,2012-02,0,upstream
112340,NIPPON INDIA LIQUID FUND - QUARTERLY IDCW OPTION,2012-03,0,upstream
112340,NIPPON INDIA LIQUID FUND - QUARTERLY IDCW OPTION,2012-04,0,upstream
112340,NIPPON INDIA LIQUID FUND - QUARTERLY IDCW OPTION,2012-05,0,upstream
112340,NIPPON INDIA LIQUID FUND - QUARTERLY IDCW OPTION,2012-06,0,upstream
112340,NIPPON INDIA LIQUID FUND - QUARTERLY IDCW OPTION,2012-07,0,upstream
112341,NIPPON INDIA MONEY MARKET FUND - QUARTERLY IDCW Option,2010-05,0,upstream
112341,NIPPON INDIA MONEY MARKET FUND - QUARTERLY IDCW Option,2010-06,0,upstream
112341,NIPPON INDIA MONEY MARKET FUND - QUARTERLY IDCW Option,2010-07,0,upstream
112341,NIPPON INDIA MONEY MARKET FUND - QUARTERLY IDCW Option,2010-08,0,upstream
112341,NIPPON INDIA MONEY MARKET FUND - QUARTERLY IDCW Option,2010-09,0,upstream
112341,NIPPON INDIA MONEY MARKET FUND - QUARTERLY IDCW Option,2010-10,0,upstream
112341,NIPPON INDIA MONEY MARKET FUND - QUARTERLY IDCW Option,2010-11,0,upstream
112341,NIPPON INDIA MONEY MARKET FUND - QUARTERLY IDCW Option,2010-12,0,upstream
112341,NIPPON INDIA MONEY MARKET FUND - QUARTERLY IDCW Option,2011-01,0,upstream
112341,NIPPON INDIA MONEY MARKET FUND - QUARTERLY IDCW Option,2011-02,0,upstream
112341,NIPPON INDIA MONEY MARKET FUND - QUARTERLY IDCW Option,2011-03,0,upstream
112341,NIPPON INDIA MONEY MARKET FUND - QUARTERLY IDCW Option,2011-04,0,upstream
112341,NIPPON INDIA MONEY MARKET FUND - QUARTERLY IDCW Option,2011-05,0,upstream
112341,NIPPON INDIA MONEY MARKET FUND - QUARTERLY IDCW Option,2011-06,0,upstream
112341,NIPPON INDIA MONEY MARKET FUND - QUARTERLY IDCW Option,2011-07,0,upstream
112341,NIPPON INDIA MONEY MARKET FUND - QUARTERLY IDCW Option,2011-08,0,upstream
112341,NIPPON INDIA MONEY MARKET FUND - QUARTERLY IDCW Option,2011-09,0,upstream
112341,NIPPON INDIA MONEY MARKET FUND - QUARTERLY IDCW Option,2011-10,0,upstream
112341,NIPPON INDIA MONEY MARKET FUND - QUARTERLY IDCW Option,2011-11,0,upstream
112341,NIPPON INDIA MONEY MARKET FUND - QUARTERLY IDCW Option,2011-12,0,upstream
112341,NIPPON INDIA MONEY MARKET FUND - QUARTERLY IDCW Option,2012-01,0,upstream
112341,NIPPON INDIA MONEY MARKET FUND - QUARTERLY IDCW Option,2012-02,0,upstream
112341,NIPPON INDIA MONEY MARKET FUND - QUARTERLY IDCW Option,2012-03,0,upstream
112341,NIPPON INDIA MONEY MARKET FUND - QUARTERLY IDCW Option,2012-04,0,upstream
112341,NIPPON INDIA MONEY MARKET FUND - QUARTERLY IDCW Option,2012-05,0,upstream
112341,NIPPON INDIA MONEY MARKET FUND - QUARTERLY IDCW Option,2012-06,0,upstream
112341,NIPPON INDIA MONEY MARKET FUND - QUARTERLY IDCW Option,2012-07,0,upstream
112341,NIPPON INDIA MONEY MARKET FUND - QUARTERLY IDCW Option,2012-09,0,upstream
112635,UTI Money Market Fund - Regular Plan - Weekly IDCW,2010-06,0,upstream
112635,UTI Money Market Fund - Regular Plan - Weekly IDCW,2010-07,0,upstream
112635,UTI Money Market Fund - Regular Plan - Weekly IDCW,2010-08,0,upstream
112635,UTI Money Market Fund - Regular Plan - Weekly IDCW,2010-09,0,upstream
112635,UTI Money Market Fund - Regular Plan - Weekly IDCW,2010-10,0,upstream
112635,UTI Money Market Fund - Regular Plan - Weekly IDCW,2010-11,0,upstream
112635,UTI Money Market Fund - Regular Plan - Weekly IDCW,2010-12,0,upstream
112635,UTI Money Market Fund - Regular Plan - Weekly IDCW,2011-01,0,upstream
112635,UTI Money Market Fund - Regular Plan - Weekly IDCW,2011-02,0,upstream
112646,Navi Liquid Fund - Regular Plan Weekly IDCW,2010-04,0,upstream
112647,Navi Liquid Fund - Regular Plan Monthly IDCW,2010-04,0,upstream
112647,Navi Liquid Fund - Regular Plan Monthly IDCW,2010-05,0,upstream
112647,Navi Liquid Fund - Regular Plan Monthly IDCW,2010-06,0,upstream
112647,Navi Liquid Fund - Regular Plan Monthly IDCW,2010-07,0,upstream
112647,Navi Liquid Fund - Regular Plan Monthly IDCW,2010-08,0,upstream
112647,Navi Liquid Fund - Regular Plan Monthly IDCW,2010-09,0,upstream
112647,Navi Liquid Fund - Regular Plan Monthly IDCW,2010-10,0,upstream
112647,Navi Liquid Fund - Regular Plan Monthly IDCW,2010-11,0,upstream
112647,Navi Liquid Fund - Regular Plan Monthly IDCW,2010-12,0,upstream
112647,Navi Liquid Fund - Regular Plan Monthly IDCW,2011-01,0,upstream
112647,Navi Liquid Fund - Regular Plan Monthly IDCW,2011-02,0,upstream
112647,Navi Liquid Fund - Regular Plan Monthly IDCW,2011-03,0,upstream
112647,Navi Liquid Fund - Regular Plan Monthly IDCW,2011-04,0,upstream
112647,Navi Liquid Fund - Regular Plan Monthly IDCW,2011-05,0,upstream
112647,Navi Liquid Fund - Regular Plan Monthly IDCW,2011-06,0,upstream
112647,Navi Liquid Fund - Regular Plan Monthly IDCW,2011-07,0,upstream
112647,Navi Liquid Fund - Regular Plan Monthly IDCW,2011-08,0,upstream
113076,ICICI Prudential Gold ETF,2010-09,0,upstream
113076,ICICI Prudential Gold ETF,2010-10,0,upstream
113076,ICICI Prudential Gold ETF,2010-11,0,upstream
113076,ICICI Prudential Gold ETF,2010-12,0,upstream
113076,ICICI Prudential Gold ETF,2011-01,0,upstream
113076,ICICI Prudential Gold ETF,2011-02,0,upstream
113076,ICICI Prudential Gold ETF,2011-03,0,upstream
113076,ICICI Prudential Gold ETF,2011-04,0,upstream
113076,ICICI Prudential Gold ETF,2011-05,0,upstream
113076,ICICI Prudential Gold ETF,2011-06,0,upstream
113076,ICICI Prudential Gold ETF,2011-07,0,upstream
113076,ICICI Prudential Gold ETF,2011-08,0,upstream
113076,ICICI Prudential Gold ETF,2011-09,0,upstream
113076,ICICI Prudential Gold ETF,2011-10,0,upstream
113076,ICICI Prudential Gold ETF,2011-11,0,upstream
113076,ICICI Prudential Gold ETF,2011-12,0,upstream
113076,ICICI Prudential Gold ETF,2012-01,0,upstream
113076,ICICI Prudential Gold ETF,2012-02,0,upstream
113076,ICICI Prudential Gold ETF,2012-03,0,upstream
113076,ICICI Prudential Gold ETF,2012-04,0,upstream
113076,ICICI Prudential Gold ETF,2012-05,0,upstream
113076,ICICI Prudential Gold ETF,2012-06,0,upstream
113076,ICICI Prudential Gold ETF,2012-07,0,upstream
113076,ICICI Prudential Gold ETF,2012-09,0,upstream
113076,ICICI Prudential Gold ETF,2012-10,0,upstream
113076,ICICI Prudential Gold ETF,2012-11,0,upstream
113076,ICICI Prudential Gold ETF,2012-12,0,upstream
113076,ICICI Prudential Gold ETF,2013-01,0,upstream
113076,ICICI Prudential Gold ETF,2013-02,0,upstream
113076,ICICI Prudential Gold ETF,2013-03,0,upstream
113076,ICICI Prudential Gold ETF,2013-04,0,upstream
113076,ICICI Prudential Gold ETF,2013-05,0,upstream
113076,ICICI Prudential Gold ETF,2013-06,0,upstream
113076,ICICI Prudential Gold ETF,2013-07,0,upstream
113076,ICICI Prudential Gold ETF,2013-08,0,upstream
113076,ICICI Prudential Gold ETF,2013-09,0,upstream
113076,ICICI Prudential Gold ETF,2013-10,0,upstream
113076,ICICI Prudential Gold ETF,2013-11,0,upstream
113076,ICICI Prudential Gold ETF,2013-12,0,upstream
113076,ICICI Prudential Gold ETF,2014-01,0,upstream
113076,ICICI Prudential Gold ETF,2014-02,0,upstream
113076,ICICI Prudential Gold ETF,2014-03,0,upstream
113076,ICICI Prudential Gold ETF,2014-04,0,upstream
113076,ICICI Prudential Gold ETF,2014-05,0,upstream
113076,ICICI Prudential Gold ETF,2014-07,0,upstream
113076,ICICI Prudential Gold ETF,2014-08,0,upstream
113076,ICICI Prudential Gold ETF,2014-09,0,upstream
113076,ICICI Prudential Gold ETF,2014-10,0,upstream
113076,ICICI Prudential Gold ETF,2014-11,0,upstream
113076,ICICI Prudential Gold ETF,2014-12,0,upstream
113076,ICICI Prudential Gold ETF,2015-01,0,upstream
113076,ICICI Prudential Gold ETF,2015-02,0,upstream
113076,ICICI Prudential Gold ETF,2015-03,0,upstream
113076,ICICI Prudential Gold ETF,2015-04,0,upstream
113076,ICICI Prudential Gold ETF,2015-05,0,upstream
113076,ICICI Prudential Gold ETF,2015-06,0,upstream
113076,ICICI Prudential Gold ETF,2015-07,0,upstream
113076,ICICI Prudential Gold ETF,2015-08,0,upstream
113076,ICICI Prudential Gold ETF,2015-09,0,upstream
113076,ICICI Prudential Gold ETF,2015-10,0,upstream
113076,ICICI Prudential Gold ETF,2015-11,0,upstream
113076,ICICI Prudential Gold ETF,2015-12,0,upstream
113076,ICICI Prudential Gold ETF,2016-01,0,upstream
113076,ICICI Prudential Gold ETF,2016-02,0,upstream
113076,ICICI Prudential Gold ETF,2016-03,0,upstream
113076,ICICI Prudential Gold ETF,2016-04,0,upstream
113076,ICICI Prudential Gold ETF,2016-05,0,upstream
113076,ICICI Prudential Gold ETF,2016-06,0,upstream
113076,ICICI Prudential Gold ETF,2016-07,0,upstream
113076,ICICI Prudential Gold ETF,2016-08,0,upstream
113076,ICICI Prudential Gold ETF,2016-09,0,upstream
113076,ICICI Prudential Gold ETF,2016-10,0,upstream
113076,ICICI Prudential Gold ETF,2016-11,0,upstream
113076,ICICI Prudential Gold ETF,2016-12,0,upstream
113076,ICICI Prudential Gold ETF,2017-01,0,upstream
113076,ICICI Prudential Gold ETF,2017-02,0,upstream
113076,ICICI Prudential Gold ETF,2017-03,0,upstream
113076,ICICI Prudential Gold ETF,2017-04,0,upstream
113076,ICICI Prudential Gold ETF,2017-05,0,upstream
113076,ICICI Prudential Gold ETF,2017-06,0,upstream
113076,ICICI Prudential Gold ETF,2017-07,0,upstream
113076,ICICI Prudential Gold ETF,2017-08,0,upstream
113076,ICICI Prudential Gold ETF,2017-09,0,upstream
113076,ICICI Prudential Gold ETF,2017-10,0,upstream
113076,ICICI Prudential Gold ETF,2017-11,0,upstream
113076,ICICI Prudential Gold ETF,2017-12,0,upstream
113076,ICICI Prudential Gold ETF,2018-01,0,upstream
113076,ICICI Prudential Gold ETF,2018-02,0,upstream
113076,ICICI Prudential Gold ETF,2018-03,0,upstream
113076,ICICI Prudential Gold ETF,2018-04,0,upstream
113076,ICICI Prudential Gold ETF,2018-05,0,upstream
113076,ICICI Prudential Gold ETF,2018-06,0,upstream
113218,ICICI Prudential All Seasons Bond Fund - Annual IDCW,2011-12,0,upstream
113218,ICICI Prudential All Seasons Bond Fund - Annual IDCW,2012-01,0,upstream
113218,ICICI Prudential All Seasons Bond Fund - Annual IDCW,2012-02,0,upstream
113218,ICICI Prudential All Seasons Bond Fund - Annual IDCW,2012-03,0,upstream
113218,ICICI Prudential All Seasons Bond Fund - Annual IDCW,2012-04,0,upstream
113218,ICICI Prudential All Seasons Bond Fund - Annual IDCW,2012-05,0,upstream
113403,ICICI Prudential All Seasons Bond Fund - Quarterly IDCW,2012-06,0,upstream
115399,Union Liquid Fund - Fortnightly IDCW Option,2011-08,0,upstream
115399,Union Liquid Fund - Fortnightly IDCW Option,2011-09,0,upstream
115399,Union Liquid Fund - Fortnightly IDCW Option,2012-01,0,upstream
115458,Invesco India Low Duration Fund - Discretionary IDCW (Payout / Reinvestment),2011-08,0,upstream
115458,Invesco India Low Duration Fund - Discretionary IDCW (Payout / Reinvestment),2012-02,0,upstream
115458,Invesco India Low Duration Fund - Discretionary IDCW (Payout / Reinvestment),2012-03,0,upstream
115458,Invesco India Low Duration Fund - Discretionary IDCW (Payout / Reinvestment),2012-04,0,upstream
115458,Invesco India Low Duration Fund - Discretionary IDCW (Payout / Reinvestment),2012-05,0,upstream
115458,Invesco India Low Duration Fund - Discretionary IDCW (Payout / Reinvestment),2012-06,0,upstream
115458,Invesco India Low Duration Fund - Discretionary IDCW (Payout / Reinvestment),2012-07,0,upstream
115458,Invesco India Low Duration Fund - Discretionary IDCW (Payout / Reinvestment),2012-08,0,upstream
115458,Invesco India Low Duration Fund - Discretionary IDCW (Payout / Reinvestment),2012-09,0,upstream
115458,Invesco India Low Duration Fund - Discretionary IDCW (Payout / Reinvestment),2017-09,0,upstream
115458,Invesco India Low Duration Fund - Discretionary IDCW (Payout / Reinvestment),2017-10,0,upstream
115458,Invesco India Low Duration Fund - Discretionary IDCW (Payout / Reinvestment),2017-11,0,upstream
115458,Invesco India Low Duration Fund - Discretionary IDCW (Payout / Reinvestment),2017-12,0,upstream
115458,Invesco India Low Duration Fund - Discretionary IDCW (Payout / Reinvestment),2018-01,0,upstream
115458,Invesco India Low Duration Fund - Discretionary IDCW (Payout / Reinvestment),2018-02,0,upstream
115464,Tata Treasury Advantage Fund Regular Plan - Periodic Payout of IDCW Option,2011-08,0,upstream
115483,UTI Low Duration Fund - Regular Plan - Quarterly IDCW,2011-08,0,upstream
115483,UTI Low Duration Fund - Regular Plan - Quarterly IDCW,2012-02,0,upstream
115483,UTI Low Duration Fund - Regular Plan - Quarterly IDCW,2012-03,0,upstream
115483,UTI Low Duration Fund - Regular Plan - Quarterly IDCW,2012-04,0,upstream
115483,UTI Low Duration Fund - Regular Plan - Quarterly IDCW,2012-05,0,upstream
115483,UTI Low Duration Fund - Regular Plan - Quarterly IDCW,2012-06,0,upstream
115483,UTI Low Duration Fund - Regular Plan - Quarterly IDCW,2012-07,0,upstream
115483,UTI Low Duration Fund - Regular Plan - Quarterly IDCW,2012-08,0,upstream
115483,UTI Low Duration Fund - Regular Plan - Quarterly IDCW,2012-09,0,upstream
115489,BANDHAN LIQUID Fund - Regular Plan - Periodic IDCW,2011-08,0,upstream
115505,ICICI Prudential Liquid Fund - IDCW Others,2011-08,0,upstream
115505,ICICI Prudential Liquid Fund - IDCW Others,2011-09,0,upstream
115505,ICICI Prudential Liquid Fund - IDCW Others,2011-10,0,upstream
115505,ICICI Prudential Liquid Fund - IDCW Others,2011-11,0,upstream
115505,ICICI Prudential Liquid Fund - IDCW Others,2011-12,0,upstream
115505,ICICI Prudential Liquid Fund - IDCW Others,2012-01,0,upstream
115505,ICICI Prudential Liquid Fund - IDCW Others,2012-02,0,upstream
115505,ICICI Prudential Liquid Fund - IDCW Others,2012-03,0,upstream
115505,ICICI Prudential Liquid Fund - IDCW Others,2012-04,0,upstream
115505,ICICI Prudential Liquid Fund - IDCW Others,2012-05,0,upstream
115505,ICICI Prudential Liquid Fund - IDCW Others,2012-06,0,upstream
115505,ICICI Prudential Liquid Fund - IDCW Others,2012-07,0,upstream
115505,ICICI Prudential Liquid Fund - IDCW Others,2012-08,0,upstream
115505,ICICI Prudential Liquid Fund - IDCW Others,2012-09,0,upstream
115505,ICICI Prudential Liquid Fund - IDCW Others,2012-10,0,upstream
115505,ICICI Prudential Liquid Fund - IDCW Others,2012-11,0,upstream
115505,ICICI Prudential Liquid Fund - IDCW Others,2012-12,0,upstream
115505,ICICI Prudential Liquid Fund - IDCW Others,2013-01,0,upstream
115505,ICICI Prudential Liquid Fund - IDCW Others,2013-02,0,upstream
115505,ICICI Prudential Liquid Fund - IDCW Others,2013-03,0,upstream
115505,ICICI Prudential Liquid Fund - IDCW Others,2013-04,0,upstream
115505,ICICI Prudential Liquid Fund - IDCW Others,2013-05,0,upstream
115505,ICICI Prudential Liquid Fund - IDCW Others,2013-06,0,upstream
115505,ICICI Prudential Liquid Fund - IDCW Others,2013-07,0,upstream
115505,ICICI Prudential Liquid Fund - IDCW Others,2013-08,0,upstream
115505,ICICI Prudential Liquid Fund - IDCW Others,2013-09,0,upstream
115505,ICICI Prudential Liquid Fund - IDCW Others,2013-10,0,upstream
115505,ICICI Prudential Liquid Fund - IDCW Others,2013-11,0,upstream
115505,ICICI Prudential Liquid Fund - IDCW Others,2013-12,0,upstream
115993,Groww Liquid Fund (formerly known as Indiabulls Liquid Fund)- Regular Plan- Weekly - Income Distribution cum capital withdrawal Option (Payout & Reinvestment),2014-08,0,upstream
115993,Groww Liquid Fund (formerly known as Indiabulls Liquid Fund)- Regular Plan- Weekly - Income Distribution cum capital withdrawal Option (Payout & Reinvestment),2014-09,0,upstream
115993,Groww Liquid Fund (formerly known as Indiabulls Liquid Fund)- Regular Plan- Weekly - Income Distribution cum capital withdrawal Option (Payout & Reinvestment),2014-10,0,upstream
115993,Groww Liquid Fund (formerly known as Indiabulls Liquid Fund)- Regular Plan- Weekly - Income Distribution cum capital withdrawal Option (Payout & Reinvestment),2014-11,0,upstream
115994,Groww Liquid Fund (formerly known as Indiabulls Liquid) Fund- Regular Plan- Fortnightly - Income Distribution cum capital withdrawal Option (Payout & Reinvestment),2012-07,0,upstream
115994,Groww Liquid Fund (formerly known as Indiabulls Liquid) Fund- Regular Plan- Fortnightly - Income Distribution cum capital withdrawal Option (Payout & Reinvestment),2012-08,0,upstream
115994,Groww Liquid Fund (formerly known as Indiabulls Liquid) Fund- Regular Plan- Fortnightly - Income Distribution cum capital withdrawal Option (Payout & Reinvestment),2012-09,0,upstream
115994,Groww Liquid Fund (formerly known as Indiabulls Liquid) Fund- Regular Plan- Fortnightly - Income Distribution cum capital withdrawal Option (Payout & Reinvestment),2012-10,0,upstream
115994,Groww Liquid Fund (formerly known as Indiabulls Liquid) Fund- Regular Plan- Fortnightly - Income Distribution cum capital withdrawal Option (Payout & Reinvestment),2012-11,0,upstream
115994,Groww Liquid Fund (formerly known as Indiabulls Liquid) Fund- Regular Plan- Fortnightly - Income Distribution cum capital withdrawal Option (Payout & Reinvestment),2012-12,0,upstream
115994,Groww Liquid Fund (formerly known as Indiabulls Liquid) Fund- Regular Plan- Fortnightly - Income Distribution cum capital withdrawal Option (Payout & Reinvestment),2013-01,0,upstream
115994,Groww Liquid Fund (formerly known as Indiabulls Liquid) Fund- Regular Plan- Fortnightly - Income Distribution cum capital withdrawal Option (Payout & Reinvestment),2013-02,0,upstream
115994,Groww Liquid Fund (formerly known as Indiabulls Liquid) Fund- Regular Plan- Fortnightly - Income Distribution cum capital withdrawal Option (Payout & Reinvestment),2013-03,0,upstream
115994,Groww Liquid Fund (formerly known as Indiabulls Liquid) Fund- Regular Plan- Fortnightly - Income Distribution cum capital withdrawal Option (Payout & Reinvestment),2013-04,0,upstream
115994,Groww Liquid Fund (formerly known as Indiabulls Liquid) Fund- Regular Plan- Fortnightly - Income Distribution cum capital withdrawal Option (Payout & Reinvestment),2013-05,0,upstream
115994,Groww Liquid Fund (formerly known as Indiabulls Liquid) Fund- Regular Plan- Fortnightly - Income Distribution cum capital withdrawal Option (Payout & Reinvestment),2013-06,0,upstream
115994,Groww Liquid Fund (formerly known as Indiabulls Liquid) Fund- Regular Plan- Fortnightly - Income Distribution cum capital withdrawal Option (Payout & Reinvestment),2013-07,0,upstream
115994,Groww Liquid Fund (formerly known as Indiabulls Liquid) Fund- Regular Plan- Fortnightly - Income Distribution cum capital withdrawal Option (Payout & Reinvestment),2013-08,0,upstream
115994,Groww Liquid Fund (formerly known as Indiabulls Liquid) Fund- Regular Plan- Fortnightly - Income Distribution cum capital withdrawal Option (Payout & Reinvestment),2013-09,0,upstream
115994,Groww Liquid Fund (formerly known as Indiabulls Liquid) Fund- Regular Plan- Fortnightly - Income Distribution cum capital withdrawal Option (Payout & Reinvestment),2013-10,0,upstream
115994,Groww Liquid Fund (formerly known as Indiabulls Liquid) Fund- Regular Plan- Fortnightly - Income Distribution cum capital withdrawal Option (Payout & Reinvestment),2013-11,0,upstream
115994,Groww Liquid Fund (formerly known as Indiabulls Liquid) Fund- Regular Plan- Fortnightly - Income Distribution cum capital withdrawal Option (Payout & Reinvestment),2013-12,0,upstream
115994,Groww Liquid Fund (formerly known as Indiabulls Liquid) Fund- Regular Plan- Fortnightly - Income Distribution cum capital withdrawal Option (Payout & Reinvestment),2014-01,0,upstream
115994,Groww Liquid Fund (formerly known as Indiabulls Liquid) Fund- Regular Plan- Fortnightly - Income Distribution cum capital withdrawal Option (Payout & Reinvestment),2014-02,0,upstream
115994,Groww Liquid Fund (formerly known as Indiabulls Liquid) Fund- Regular Plan- Fortnightly - Income Distribution cum capital withdrawal Option (Payout & Reinvestment),2014-03,0,upstream
115994,Groww Liquid Fund (formerly known as Indiabulls Liquid) Fund- Regular Plan- Fortnightly - Income Distribution cum capital withdrawal Option (Payout & Reinvestment),2014-04,0,upstream
115994,Groww Liquid Fund (formerly known as Indiabulls Liquid) Fund- Regular Plan- Fortnightly - Income Distribution cum capital withdrawal Option (Payout & Reinvestment),2014-05,0,upstream
115994,Groww Liquid Fund (formerly known as Indiabulls Liquid) Fund- Regular Plan- Fortnightly - Income Distribution cum capital withdrawal Option (Payout & Reinvestment),2014-06,0,upstream
115994,Groww Liquid Fund (formerly known as Indiabulls Liquid) Fund- Regular Plan- Fortnightly - Income Distribution cum capital withdrawal Option (Payout & Reinvestment),2014-07,0,upstream
115994,Groww Liquid Fund (formerly known as Indiabulls Liquid) Fund- Regular Plan- Fortnightly - Income Distribution cum capital withdrawal Option (Payout & Reinvestment),2014-08,0,upstream
115994,Groww Liquid Fund (formerly known as Indiabulls Liquid) Fund- Regular Plan- Fortnightly - Income Distribution cum capital withdrawal Option (Payout & Reinvestment),2014-09,0,upstream
115994,Groww Liquid Fund (formerly known as Indiabulls Liquid) Fund- Regular Plan- Fortnightly - Income Distribution cum capital withdrawal Option (Payout & Reinvestment),2014-10,0,upstream
115994,Groww Liquid Fund (formerly known as Indiabulls Liquid) Fund- Regular Plan- Fortnightly - Income Distribution cum capital withdrawal Option (Payout & Reinvestment),2014-11,0,upstream
115994,Groww Liquid Fund (formerly known as Indiabulls Liquid) Fund- Regular Plan- Fortnightly - Income Distribution cum capital withdrawal Option (Payout & Reinvestment),2014-12,0,upstream
115994,Groww Liquid Fund (formerly known as Indiabulls Liquid) Fund- Regular Plan- Fortnightly - Income Distribution cum capital withdrawal Option (Payout & Reinvestment),2015-01,0,upstream
115994,Groww Liquid Fund (formerly known as Indiabulls Liquid) Fund- Regular Plan- Fortnightly - Income Distribution cum capital withdrawal Option (Payout & Reinvestment),2015-02,0,upstream
115994,Groww Liquid Fund (formerly known as Indiabulls Liquid) Fund- Regular Plan- Fortnightly - Income Distribution cum capital withdrawal Option (Payout & Reinvestment),2015-03,0,upstream
115994,Groww Liquid Fund (formerly known as Indiabulls Liquid) Fund- Regular Plan- Fortnightly - Income Distribution cum capital withdrawal Option (Payout & Reinvestment),2015-04,0,upstream
115994,Groww Liquid Fund (formerly known as Indiabulls Liquid) Fund- Regular Plan- Fortnightly - Income Distribution cum capital withdrawal Option (Payout & Reinvestment),2015-05,0,upstream
115994,Groww Liquid Fund (formerly known as Indiabulls Liquid) Fund- Regular Plan- Fortnightly - Income Distribution cum capital withdrawal Option (Payout & Reinvestment),2015-06,0,upstream
115994,Groww Liquid Fund (formerly known as Indiabulls Liquid) Fund- Regular Plan- Fortnightly - Income Distribution cum capital withdrawal Option (Payout & Reinvestment),2015-07,0,upstream
115994,Groww Liquid Fund (formerly known as Indiabulls Liquid) Fund- Regular Plan- Fortnightly - Income Distribution cum capital withdrawal Option (Payout & Reinvestment),2015-08,0,upstream
115994,Groww Liquid Fund (formerly known as Indiabulls Liquid) Fund- Regular Plan- Fortnightly - Income Distribution cum capital withdrawal Option (Payout & Reinvestment),2015-09,0,upstream
115994,Groww Liquid Fund (formerly known as Indiabulls Liquid) Fund- Regular Plan- Fortnightly - Income Distribution cum capital withdrawal Option (Payout & Reinvestment),2015-10,0,upstream
115994,Groww Liquid Fund (formerly known as Indiabulls Liquid) Fund- Regular Plan- Fortnightly - Income Distribution cum capital withdrawal Option (Payout & Reinvestment),2015-11,0,upstream
115994,Groww Liquid Fund (formerly known as Indiabulls Liquid) Fund- Regular Plan- Fortnightly - Income Distribution cum capital withdrawal Option (Payout & Reinvestment),2015-12,0,upstream
115994,Groww Liquid Fund (formerly known as Indiabulls Liquid) Fund- Regular Plan- Fortnightly - Income Distribution cum capital withdrawal Option (Payout & Reinvestment),2016-01,0,upstream
115994,Groww Liquid Fund (formerly known as Indiabulls Liquid) Fund- Regular Plan- Fortnightly - Income Distribution cum capital withdrawal Option (Payout & Reinvestment),2016-02,0,upstream
115994,Groww Liquid Fund (formerly known as Indiabulls Liquid) Fund- Regular Plan- Fortnightly - Income Distribution cum capital withdrawal Option (Payout & Reinvestment),2016-03,0,upstream
115994,Groww Liquid Fund (formerly known as Indiabulls Liquid) Fund- Regular Plan- Fortnightly - Income Distribution cum capital withdrawal Option (Payout & Reinvestment),2016-04,0,upstream
115994,Groww Liquid Fund (formerly known as Indiabulls Liquid) Fund- Regular Plan- Fortnightly - Income Distribution cum capital withdrawal Option (Payout & Reinvestment),2016-05,0,upstream
115994,Groww Liquid Fund (formerly known as Indiabulls Liquid) Fund- Regular Plan- Fortnightly - Income Distribution cum capital withdrawal Option (Payout & Reinvestment),2016-06,0,upstream
115994,Groww Liquid Fund (formerly known as Indiabulls Liquid) Fund- Regular Plan- Fortnightly - Income Distribution cum capital withdrawal Option (Payout & Reinvestment),2016-07,0,upstream
115994,Groww Liquid Fund (formerly known as Indiabulls Liquid) Fund- Regular Plan- Fortnightly - Income Distribution cum capital withdrawal Option (Payout & Reinvestment),2016-08,0,upstream
115995,Groww Liquid Fund (formerly known as Indiabulls Liquid Fund)- Regular Plan- Monthly - Income Distribution cum capital withdrawal Option (Payout & Reinvestment),2013-09,0,upstream
115995,Groww Liquid Fund (formerly known as Indiabulls Liquid Fund)- Regular Plan- Monthly - Income Distribution cum capital withdrawal Option (Payout & Reinvestment),2013-10,0,upstream
115995,Groww Liquid Fund (formerly known as Indiabulls Liquid Fund)- Regular Plan- Monthly - Income Distribution cum capital withdrawal Option (Payout & Reinvestment),2013-11,0,upstream
115995,Groww Liquid Fund (formerly known as Indiabulls Liquid Fund)- Regular Plan- Monthly - Income Distribution cum capital withdrawal Option (Payout & Reinvestment),2013-12,0,upstream
115995,Groww Liquid Fund (formerly known as Indiabulls Liquid Fund)- Regular Plan- Monthly - Income Distribution cum capital withdrawal Option (Payout & Reinvestment),2014-01,0,upstream
115995,Groww Liquid Fund (formerly known as Indiabulls Liquid Fund)- Regular Plan- Monthly - Income Distribution cum capital withdrawal Option (Payout & Reinvestment),2014-02,0,upstream
115995,Groww Liquid Fund (formerly known as Indiabulls Liquid Fund)- Regular Plan- Monthly - Income Distribution cum capital withdrawal Option (Payout & Reinvestment),2014-03,0,upstream
115995,Groww Liquid Fund (formerly known as Indiabulls Liquid Fund)- Regular Plan- Monthly - Income Distribution cum capital withdrawal Option (Payout & Reinvestment),2014-04,0,upstream
115995,Groww Liquid Fund (formerly known as Indiabulls Liquid Fund)- Regular Plan- Monthly - Income Distribution cum capital withdrawal Option (Payout & Reinvestment),2014-05,0,upstream
115995,Groww Liquid Fund (formerly known as Indiabulls Liquid Fund)- Regular Plan- Monthly - Income Distribution cum capital withdrawal Option (Payout & Reinvestment),2014-06,0,upstream
115995,Groww Liquid Fund (formerly known as Indiabulls Liquid Fund)- Regular Plan- Monthly - Income Distribution cum capital withdrawal Option (Payout & Reinvestment),2014-07,0,upstream
115995,Groww Liquid Fund (formerly known as Indiabulls Liquid Fund)- Regular Plan- Monthly - Income Distribution cum capital withdrawal Option (Payout & Reinvestment),2014-08,0,upstream
115995,Groww Liquid Fund (formerly known as Indiabulls Liquid Fund)- Regular Plan- Monthly - Income Distribution cum capital withdrawal Option (Payout & Reinvestment),2014-09,0,upstream
115995,Groww Liquid Fund (formerly known as Indiabulls Liquid Fund)- Regular Plan- Monthly - Income Distribution cum capital withdrawal Option (Payout & Reinvestment),2014-10,0,upstream
115995,Groww Liquid Fund (formerly known as Indiabulls Liquid Fund)- Regular Plan- Monthly - Income Distribution cum capital withdrawal Option (Payout & Reinvestment),2014-11,0,upstream
115995,Groww Liquid Fund (formerly known as Indiabulls Liquid Fund)- Regular Plan- Monthly - Income Distribution cum capital withdrawal Option (Payout & Reinvestment),2014-12,0,upstream
115995,Groww Liquid Fund (formerly known as Indiabulls Liquid Fund)- Regular Plan- Monthly - Income Distribution cum capital withdrawal Option (Payout & Reinvestment),2015-01,0,upstream
115995,Groww Liquid Fund (formerly known as Indiabulls Liquid Fund)- Regular Plan- Monthly - Income Distribution cum capital withdrawal Option (Payout & Reinvestment),2015-02,0,upstream
115995,Groww Liquid Fund (formerly known as Indiabulls Liquid Fund)- Regular Plan- Monthly - Income Distribution cum capital withdrawal Option (Payout & Reinvestment),2015-03,0,upstream
115995,Groww Liquid Fund (formerly known as Indiabulls Liquid Fund)- Regular Plan- Monthly - Income Distribution cum capital withdrawal Option (Payout & Reinvestment),2015-04,0,upstream
115995,Groww Liquid Fund (formerly known as Indiabulls Liquid Fund)- Regular Plan- Monthly - Income Distribution cum capital withdrawal Option (Payout & Reinvestment),2015-05,0,upstream
115995,Groww Liquid Fund (formerly known as Indiabulls Liquid Fund)- Regular Plan- Monthly - Income Distribution cum capital withdrawal Option (Payout & Reinvestment),2015-06,0,upstream
115995,Groww Liquid Fund (formerly known as Indiabulls Liquid Fund)- Regular Plan- Monthly - Income Distribution cum capital withdrawal Option (Payout & Reinvestment),2015-07,0,upstream
115995,Groww Liquid Fund (formerly known as Indiabulls Liquid Fund)- Regular Plan- Monthly - Income Distribution cum capital withdrawal Option (Payout & Reinvestment),2015-08,0,upstream
115995,Groww Liquid Fund (formerly known as Indiabulls Liquid Fund)- Regular Plan- Monthly - Income Distribution cum capital withdrawal Option (Payout & Reinvestment),2015-09,0,upstream
115995,Groww Liquid Fund (formerly known as Indiabulls Liquid Fund)- Regular Plan- Monthly - Income Distribution cum capital withdrawal Option (Payout & Reinvestment),2015-10,0,upstream
115995,Groww Liquid Fund (formerly known as Indiabulls Liquid Fund)- Regular Plan- Monthly - Income Distribution cum capital withdrawal Option (Payout & Reinvestment),2015-11,0,upstream
115995,Groww Liquid Fund (formerly known as Indiabulls Liquid Fund)- Regular Plan- Monthly - Income Distribution cum capital withdrawal Option (Payout & Reinvestment),2015-12,0,upstream
115995,Groww Liquid Fund (formerly known as Indiabulls Liquid Fund)- Regular Plan- Monthly - Income Distribution cum capital withdrawal Option (Payout & Reinvestment),2016-01,0,upstream
116020,BANDHAN Low Duration Fund - Regular Plan - Periodic IDCW,2012-03,0,upstream
116020,BANDHAN Low Duration Fund - Regular Plan - Periodic IDCW,2012-04,0,upstream
116020,BANDHAN Low Duration Fund - Regular Plan - Periodic IDCW,2012-05,0,upstream
116020,BANDHAN Low Duration Fund - Regular Plan - Periodic IDCW,2012-06,0,upstream
116020,BANDHAN Low Duration Fund - Regular Plan - Periodic IDCW,2012-07,0,upstream
116020,BANDHAN Low Duration Fund - Regular Plan - Periodic IDCW,2012-08,0,upstream
116020,BANDHAN Low Duration Fund - Regular Plan - Periodic IDCW,2013-08,0,upstream
116109,Invesco India Corporate Bond Fund - Regular Plan - Discretionary IDCW (Payout / Reinvestment),2012-08,0,upstream
116109,Invesco India Corporate Bond Fund - Regular Plan - Discretionary IDCW (Payout / Reinvestment),2012-09,0,upstream
116109,Invesco India Corporate Bond Fund - Regular Plan - Discretionary IDCW (Payout / Reinvestment),2015-08,0,upstream
116109,Invesco India Corporate Bond Fund - Regular Plan - Discretionary IDCW (Payout / Reinvestment),2015-09,0,upstream
116109,Invesco India Corporate Bond Fund - Regular Plan - Discretionary IDCW (Payout / Reinvestment),2015-10,0,upstream
116109,Invesco India Corporate Bond Fund - Regular Plan - Discretionary IDCW (Payout / Reinvestment),2015-11,0,upstream
116109,Invesco India Corporate Bond Fund - Regular Plan - Discretionary IDCW (Payout / Reinvestment),2015-12,0,upstream
116109,Invesco India Corporate Bond Fund - Regular Plan - Discretionary IDCW (Payout / Reinvestment),2016-01,0,upstream
116109,Invesco India Corporate Bond Fund - Regular Plan - Discretionary IDCW (Payout / Reinvestment),2016-02,0,upstream
116109,Invesco India Corporate Bond Fund - Regular Plan - Discretionary IDCW (Payout / Reinvestment),2016-03,0,upstream
116109,Invesco India Corporate Bond Fund - Regular Plan - Discretionary IDCW (Payout / Reinvestment),2016-04,0,upstream
116109,Invesco India Corporate Bond Fund - Regular Plan - Discretionary IDCW (Payout / Reinvestment),2016-05,0,upstream
116109,Invesco India Corporate Bond Fund - Regular Plan - Discretionary IDCW (Payout / Reinvestment),2016-06,0,upstream
116109,Invesco India Corporate Bond Fund - Regular Plan - Discretionary IDCW (Payout / Reinvestment),2016-07,0,upstream
116109,Invesco India Corporate Bond Fund - Regular Plan - Discretionary IDCW (Payout / Reinvestment),2016-08,0,upstream
116109,Invesco India Corporate Bond Fund - Regular Plan - Discretionary IDCW (Payout / Reinvestment),2016-09,0,upstream
116109,Invesco India Corporate Bond Fund - Regular Plan - Discretionary IDCW (Payout / Reinvestment),2016-10,0,upstream
116109,Invesco India Corporate Bond Fund - Regular Plan - Discretionary IDCW (Payout / Reinvestment),2016-11,0,upstream
116109,Invesco India Corporate Bond Fund - Regular Plan - Discretionary IDCW (Payout / Reinvestment),2016-12,0,upstream
116109,Invesco India Corporate Bond Fund - Regular Plan - Discretionary IDCW (Payout / Reinvestment),2017-01,0,upstream
116109,Invesco India Corporate Bond Fund - Regular Plan - Discretionary IDCW (Payout / Reinvestment),2017-02,0,upstream
116109,Invesco India Corporate Bond Fund - Regular Plan - Discretionary IDCW (Payout / Reinvestment),2017-03,0,upstream
116109,Invesco India Corporate Bond Fund - Regular Plan - Discretionary IDCW (Payout / Reinvestment),2017-04,0,upstream
116109,Invesco India Corporate Bond Fund - Regular Plan - Discretionary IDCW (Payout / Reinvestment),2017-05,0,upstream
116109,Invesco India Corporate Bond Fund - Regular Plan - Discretionary IDCW (Payout / Reinvestment),2017-06,0,upstream
116109,Invesco India Corporate Bond Fund - Regular Plan - Discretionary IDCW (Payout / Reinvestment),2017-07,0,upstream
116109,Invesco India Corporate Bond Fund - Regular Plan - Discretionary IDCW (Payout / Reinvestment),2017-08,0,upstream
116109,Invesco India Corporate Bond Fund - Regular Plan - Discretionary IDCW (Payout / Reinvestment),2017-09,0,upstream
116109,Invesco India Corporate Bond Fund - Regular Plan - Discretionary IDCW (Payout / Reinvestment),2017-10,0,upstream
116109,Invesco India Corporate Bond Fund - Regular Plan - Discretionary IDCW (Payout / Reinvestment),2017-11,0,upstream
116109,Invesco India Corporate Bond Fund - Regular Plan - Discretionary IDCW (Payout / Reinvestment),2017-12,0,upstream
116109,Invesco India Corporate Bond Fund - Regular Plan - Discretionary IDCW (Payout / Reinvestment),2018-01,0,upstream
116109,Invesco India Corporate Bond Fund - Regular Plan - Discretionary IDCW (Payout / Reinvestment),2018-02,0,upstream
116109,Invesco India Corporate Bond Fund - Regular Plan - Discretionary IDCW (Payout / Reinvestment),2018-03,0,upstream
116109,Invesco India Corporate Bond Fund - Regular Plan - Discretionary IDCW (Payout / Reinvestment),2018-04,0,upstream
116109,Invesco India Corporate Bond Fund - Regular Plan - Discretionary IDCW (Payout / Reinvestment),2018-05,0,upstream
116109,Invesco India Corporate Bond Fund - Regular Plan - Discretionary IDCW (Payout / Reinvestment),2018-06,0,upstream
116109,Invesco India Corporate Bond Fund - Regular Plan - Discretionary IDCW (Payout / Reinvestment),2018-08,0,upstream
116109,Invesco India Corporate Bond Fund - Regular Plan - Discretionary IDCW (Payout / Reinvestment),2018-09,0,upstream
116109,Invesco India Corporate Bond Fund - Regular Plan - Discretionary IDCW (Payout / Reinvestment),2018-10,0,upstream
116109,Invesco India Corporate Bond Fund - Regular Plan - Discretionary IDCW (Payout / Reinvestment),2018-11,0,upstream
116109,Invesco India Corporate Bond Fund - Regular Plan - Discretionary IDCW (Payout / Reinvestment),2018-12,0,upstream
116110,Invesco India Short Duration Fund- Regular Plan - Discretionary IDCW (Payout / Reinvestment),2016-01,0,upstream
116110,Invesco India Short Duration Fund- Regular Plan - Discretionary IDCW (Payout / Reinvestment),2016-02,0,upstream
116110,Invesco India Short Duration Fund- Regular Plan - Discretionary IDCW (Payout / Reinvestment),2016-03,0,upstream
116110,Invesco India Short Duration Fund- Regular Plan - Discretionary IDCW (Payout / Reinvestment),2016-04,0,upstream
116110,Invesco India Short Duration Fund- Regular Plan - Discretionary IDCW (Payout / Reinvestment),2016-05,0,upstream
116110,Invesco India Short Duration Fund- Regular Plan - Discretionary IDCW (Payout / Reinvestment),2016-06,0,upstream
116110,Invesco India Short Duration Fund- Regular Plan - Discretionary IDCW (Payout / Reinvestment),2016-07,0,upstream
116110,Invesco India Short Duration Fund- Regular Plan - Discretionary IDCW (Payout / Reinvestment),2016-08,0,upstream
116110,Invesco India Short Duration Fund- Regular Plan - Discretionary IDCW (Payout / Reinvestment),2016-09,0,upstream
116110,Invesco India Short Duration Fund- Regular Plan - Discretionary IDCW (Payout / Reinvestment),2016-11,0,upstream
116110,Invesco India Short Duration Fund- Regular Plan - Discretionary IDCW (Payout / Reinvestment),2016-12,0,upstream
116110,Invesco India Short Duration Fund- Regular Plan - Discretionary IDCW (Payout / Reinvestment),2017-01,0,upstream
116110,Invesco India Short Duration Fund- Regular Plan - Discretionary IDCW (Payout / Reinvestment),2017-02,0,upstream
116110,Invesco India Short Duration Fund- Regular Plan - Discretionary IDCW (Payout / Reinvestment),2017-03,0,upstream
116110,Invesco India Short Duration Fund- Regular Plan - Discretionary IDCW (Payout / Reinvestment),2017-04,0,upstream
116110,Invesco India Short Duration Fund- Regular Plan - Discretionary IDCW (Payout / Reinvestment),2017-05,0,upstream
116110,Invesco India Short Duration Fund- Regular Plan - Discretionary IDCW (Payout / Reinvestment),2017-06,0,upstream
116110,Invesco India Short Duration Fund- Regular Plan - Discretionary IDCW (Payout / Reinvestment),2017-07,0,upstream
116110,Invesco India Short Duration Fund- Regular Plan - Discretionary IDCW (Payout / Reinvestment),2017-09,0,upstream
116110,Invesco India Short Duration Fund- Regular Plan - Discretionary IDCW (Payout / Reinvestment),2017-10,0,upstream
116110,Invesco India Short Duration Fund- Regular Plan - Discretionary IDCW (Payout / Reinvestment),2017-11,0,upstream
116110,Invesco India Short Duration Fund- Regular Plan - Discretionary IDCW (Payout / Reinvestment),2017-12,0,upstream
116110,Invesco India Short Duration Fund- Regular Plan - Discretionary IDCW (Payout / Reinvestment),2018-01,0,upstream
116110,Invesco India Short Duration Fund- Regular Plan - Discretionary IDCW (Payout / Reinvestment),2018-02,0,upstream
116110,Invesco India Short Duration Fund- Regular Plan - Discretionary IDCW (Payout / Reinvestment),2018-03,0,upstream
116110,Invesco India Short Duration Fund- Regular Plan - Discretionary IDCW (Payout / Reinvestment),2018-04,0,upstream
116110,Invesco India Short Duration Fund- Regular Plan - Discretionary IDCW (Payout / Reinvestment),2018-05,0,upstream
116110,Invesco India Short Duration Fund- Regular Plan - Discretionary IDCW (Payout / Reinvestment),2018-06,0,upstream
116110,Invesco India Short Duration Fund- Regular Plan - Discretionary IDCW (Payout / Reinvestment),2018-07,0,upstream
116110,Invesco India Short Duration Fund- Regular Plan - Discretionary IDCW (Payout / Reinvestment),2018-08,0,upstream
116110,Invesco India Short Duration Fund- Regular Plan - Discretionary IDCW (Payout / Reinvestment),2018-10,0,upstream
116110,Invesco India Short Duration Fund- Regular Plan - Discretionary IDCW (Payout / Reinvestment),2018-11,0,upstream
116110,Invesco India Short Duration Fund- Regular Plan - Discretionary IDCW (Payout / Reinvestment),2018-12,0,upstream
116110,Invesco India Short Duration Fund- Regular Plan - Discretionary IDCW (Payout / Reinvestment),2019-01,0,upstream
116110,Invesco India Short Duration Fund- Regular Plan - Discretionary IDCW (Payout / Reinvestment),2019-02,0,upstream
116110,Invesco India Short Duration Fund- Regular Plan - Discretionary IDCW (Payout / Reinvestment),2019-03,0,upstream
116110,Invesco India Short Duration Fund- Regular Plan - Discretionary IDCW (Payout / Reinvestment),2019-04,0,upstream
116110,Invesco India Short Duration Fund- Regular Plan - Discretionary IDCW (Payout / Reinvestment),2019-05,0,upstream
116110,Invesco India Short Duration Fund- Regular Plan - Discretionary IDCW (Payout / Reinvestment),2019-06,0,upstream
116110,Invesco India Short Duration Fund- Regular Plan - Discretionary IDCW (Payout / Reinvestment),2019-07,0,upstream
116110,Invesco India Short Duration Fund- Regular Plan - Discretionary IDCW (Payout / Reinvestment),2019-08,0,upstream
116110,Invesco India Short Duration Fund- Regular Plan - Discretionary IDCW (Payout / Reinvestment),2019-09,0,upstream
116110,Invesco India Short Duration Fund- Regular Plan - Discretionary IDCW (Payout / Reinvestment),2019-10,0,upstream
116653,Invesco India Money Market Fund - Discretionary IDCW (Payout / Reinvestment),2012-07,0,upstream
116653,Invesco India Money Market Fund - Discretionary IDCW (Payout / Reinvestment),2012-08,0,upstream
116653,Invesco India Money Market Fund - Discretionary IDCW (Payout / Reinvestment),2012-09,0,upstream
116653,Invesco India Money Market Fund - Discretionary IDCW (Payout / Reinvestment),2013-03,0,upstream
116653,Invesco India Money Market Fund - Discretionary IDCW (Payout / Reinvestment),2013-04,0,upstream
116653,Invesco India Money Market Fund - Discretionary IDCW (Payout / Reinvestment),2013-05,0,upstream
116653,Invesco India Money Market Fund - Discretionary IDCW (Payout / Reinvestment),2013-06,0,upstream
116653,Invesco India Money Market Fund - Discretionary IDCW (Payout / Reinvestment),2013-07,0,upstream
116653,Invesco India Money Market Fund - Discretionary IDCW (Payout / Reinvestment),2013-08,0,upstream
116653,Invesco India Money Market Fund - Discretionary IDCW (Payout / Reinvestment),2013-09,0,upstream
116653,Invesco India Money Market Fund - Discretionary IDCW (Payout / Reinvestment),2013-10,0,upstream
116653,Invesco India Money Market Fund - Discretionary IDCW (Payout / Reinvestment),2013-11,0,upstream
116653,Invesco India Money Market Fund - Discretionary IDCW (Payout / Reinvestment),2013-12,0,upstream
116653,Invesco India Money Market Fund - Discretionary IDCW (Payout / Reinvestment),2014-01,0,upstream
116653,Invesco India Money Market Fund - Discretionary IDCW (Payout / Reinvestment),2014-02,0,upstream
116653,Invesco India Money Market Fund - Discretionary IDCW (Payout / Reinvestment),2014-03,0,upstream
116653,Invesco India Money Market Fund - Discretionary IDCW (Payout / Reinvestment),2014-04,0,upstream
116653,Invesco India Money Market Fund - Discretionary IDCW (Payout / Reinvestment),2014-05,0,upstream
116653,Invesco India Money Market Fund - Discretionary IDCW (Payout / Reinvestment),2014-06,0,upstream
116653,Invesco India Money Market Fund - Discretionary IDCW (Payout / Reinvestment),2014-07,0,upstream
116653,Invesco India Money Market Fund - Discretionary IDCW (Payout / Reinvestment),2014-08,0,upstream
116653,Invesco India Money Market Fund - Discretionary IDCW (Payout / Reinvestment),2014-09,0,upstream
116653,Invesco India Money Market Fund - Discretionary IDCW (Payout / Reinvestment),2014-10,0,upstream
117868,Bandhan Income Plus Arbitrage Active FOF - Regular Plan - Daily IDCW,2017-06,0,upstream
117868,Bandhan Income Plus Arbitrage Active FOF - Regular Plan - Daily IDCW,2017-07,0,upstream
117868,Bandhan Income Plus Arbitrage Active FOF - Regular Plan - Daily IDCW,2017-08,0,upstream
117868,Bandhan Income Plus Arbitrage Active FOF - Regular Plan - Daily IDCW,2017-09,0,upstream
118389,Bandhan Gilt Fund with 10 year constant duration Fund - Direct Plan - Weekly IDCW,2013-06,0,upstream
118389,Bandhan Gilt Fund with 10 year constant duration Fund - Direct Plan - Weekly IDCW,2013-07,0,upstream
118389,Bandhan Gilt Fund with 10 year constant duration Fund - Direct Plan - Weekly IDCW,2013-08,0,upstream
118389,Bandhan Gilt Fund with 10 year constant duration Fund - Direct Plan - Weekly IDCW,2013-09,0,upstream
118389,Bandhan Gilt Fund with 10 year constant duration Fund - Direct Plan - Weekly IDCW,2013-10,0,upstream
118389,Bandhan Gilt Fund with 10 year constant duration Fund - Direct Plan - Weekly IDCW,2013-11,0,upstream
118389,Bandhan Gilt Fund with 10 year constant duration Fund - Direct Plan - Weekly IDCW,2013-12,0,upstream
118389,Bandhan Gilt Fund with 10 year constant duration Fund - Direct Plan - Weekly IDCW,2014-01,0,upstream
118389,Bandhan Gilt Fund with 10 year constant duration Fund - Direct Plan - Weekly IDCW,2014-02,0,upstream
118389,Bandhan Gilt Fund with 10 year constant duration Fund - Direct Plan - Weekly IDCW,2014-03,0,upstream
118389,Bandhan Gilt Fund with 10 year constant duration Fund - Direct Plan - Weekly IDCW,2014-11,0,upstream
118389,Bandhan Gilt Fund with 10 year constant duration Fund - Direct Plan - Weekly IDCW,2014-12,0,upstream
118389,Bandhan Gilt Fund with 10 year constant duration Fund - Direct Plan - Weekly IDCW,2015-01,0,upstream
118389,Bandhan Gilt Fund with 10 year constant duration Fund - Direct Plan - Weekly IDCW,2015-02,0,upstream
118389,Bandhan Gilt Fund with 10 year constant duration Fund - Direct Plan - Weekly IDCW,2015-03,0,upstream
118389,Bandhan Gilt Fund with 10 year constant duration Fund - Direct Plan - Weekly IDCW,2015-04,0,upstream
118389,Bandhan Gilt Fund with 10 year constant duration Fund - Direct Plan - Weekly IDCW,2015-05,0,upstream
118389,Bandhan Gilt Fund with 10 year constant duration Fund - Direct Plan - Weekly IDCW,2015-06,0,upstream
118389,Bandhan Gilt Fund with 10 year constant duration Fund - Direct Plan - Weekly IDCW,2015-07,0,upstream
118389,Bandhan Gilt Fund with 10 year constant duration Fund - Direct Plan - Weekly IDCW,2015-08,0,upstream
118390,Bandhan Gilt Fund with 10 year constant duration Fund - Direct Plan - Monthly IDCW,2013-06,0,upstream
118390,Bandhan Gilt Fund with 10 year constant duration Fund - Direct Plan - Monthly IDCW,2013-07,0,upstream
118390,Bandhan Gilt Fund with 10 year constant duration Fund - Direct Plan - Monthly IDCW,2013-08,0,upstream
118390,Bandhan Gilt Fund with 10 year constant duration Fund - Direct Plan - Monthly IDCW,2013-09,0,upstream
118390,Bandhan Gilt Fund with 10 year constant duration Fund - Direct Plan - Monthly IDCW,2013-10,0,upstream
118390,Bandhan Gilt Fund with 10 year constant duration Fund - Direct Plan - Monthly IDCW,2013-11,0,upstream
118390,Bandhan Gilt Fund with 10 year constant duration Fund - Direct Plan - Monthly IDCW,2013-12,0,upstream
118390,Bandhan Gilt Fund with 10 year constant duration Fund - Direct Plan - Monthly IDCW,2014-01,0,upstream
118390,Bandhan Gilt Fund with 10 year constant duration Fund - Direct Plan - Monthly IDCW,2014-02,0,upstream
118390,Bandhan Gilt Fund with 10 year constant duration Fund - Direct Plan - Monthly IDCW,2014-03,0,upstream
118390,Bandhan Gilt Fund with 10 year constant duration Fund - Direct Plan - Monthly IDCW,2014-04,0,upstream
118390,Bandhan Gilt Fund with 10 year constant duration Fund - Direct Plan - Monthly IDCW,2014-05,0,upstream
118390,Bandhan Gilt Fund with 10 year constant duration Fund - Direct Plan - Monthly IDCW,2014-06,0,upstream
118390,Bandhan Gilt Fund with 10 year constant duration Fund - Direct Plan - Monthly IDCW,2014-07,0,upstream
118390,Bandhan Gilt Fund with 10 year constant duration Fund - Direct Plan - Monthly IDCW,2014-08,0,upstream
118390,Bandhan Gilt Fund with 10 year constant duration Fund - Direct Plan - Monthly IDCW,2014-09,0,upstream
118390,Bandhan Gilt Fund with 10 year constant duration Fund - Direct Plan - Monthly IDCW,2014-10,0,upstream
118390,Bandhan Gilt Fund with 10 year constant duration Fund - Direct Plan - Monthly IDCW,2014-11,0,upstream
118390,Bandhan Gilt Fund with 10 year constant duration Fund - Direct Plan - Monthly IDCW,2015-02,0,upstream
118390,Bandhan Gilt Fund with 10 year constant duration Fund - Direct Plan - Monthly IDCW,2015-03,0,upstream
118390,Bandhan Gilt Fund with 10 year constant duration Fund - Direct Plan - Monthly IDCW,2015-04,0,upstream
118390,Bandhan Gilt Fund with 10 year constant duration Fund - Direct Plan - Monthly IDCW,2015-05,0,upstream
118390,Bandhan Gilt Fund with 10 year constant duration Fund - Direct Plan - Monthly IDCW,2015-06,0,upstream
118390,Bandhan Gilt Fund with 10 year constant duration Fund - Direct Plan - Monthly IDCW,2015-07,0,upstream
118390,Bandhan Gilt Fund with 10 year constant duration Fund - Direct Plan - Monthly IDCW,2015-08,0,upstream
118390,Bandhan Gilt Fund with 10 year constant duration Fund - Direct Plan - Monthly IDCW,2015-09,0,upstream
118390,Bandhan Gilt Fund with 10 year constant duration Fund - Direct Plan - Monthly IDCW,2015-10,0,upstream
118390,Bandhan Gilt Fund with 10 year constant duration Fund - Direct Plan - Monthly IDCW,2015-11,0,upstream
118390,Bandhan Gilt Fund with 10 year constant duration Fund - Direct Plan - Monthly IDCW,2015-12,0,upstream
118390,Bandhan Gilt Fund with 10 year constant duration Fund - Direct Plan - Monthly IDCW,2016-01,0,upstream
118390,Bandhan Gilt Fund with 10 year constant duration Fund - Direct Plan - Monthly IDCW,2016-02,0,upstream
118390,Bandhan Gilt Fund with 10 year constant duration Fund - Direct Plan - Monthly IDCW,2017-04,0,upstream
118390,Bandhan Gilt Fund with 10 year constant duration Fund - Direct Plan - Monthly IDCW,2017-05,0,upstream
118390,Bandhan Gilt Fund with 10 year constant duration Fund - Direct Plan - Monthly IDCW,2017-06,0,upstream
118390,Bandhan Gilt Fund with 10 year constant duration Fund - Direct Plan - Monthly IDCW,2017-07,0,upstream
118390,Bandhan Gilt Fund with 10 year constant duration Fund - Direct Plan - Monthly IDCW,2017-09,0,upstream
118390,Bandhan Gilt Fund with 10 year constant duration Fund - Direct Plan - Monthly IDCW,2017-10,0,upstream
118390,Bandhan Gilt Fund with 10 year constant duration Fund - Direct Plan - Monthly IDCW,2017-11,0,upstream
118390,Bandhan Gilt Fund with 10 year constant duration Fund - Direct Plan - Monthly IDCW,2017-12,0,upstream
118390,Bandhan Gilt Fund with 10 year constant duration Fund - Direct Plan - Monthly IDCW,2018-01,0,upstream
118390,Bandhan Gilt Fund with 10 year constant duration Fund - Direct Plan - Monthly IDCW,2018-02,0,upstream
118390,Bandhan Gilt Fund with 10 year constant duration Fund - Direct Plan - Monthly IDCW,2018-03,0,upstream
118390,Bandhan Gilt Fund with 10 year constant duration Fund - Direct Plan - Monthly IDCW,2018-04,0,upstream
118390,Bandhan Gilt Fund with 10 year constant duration Fund - Direct Plan - Monthly IDCW,2018-05,0,upstream
118390,Bandhan Gilt Fund with 10 year constant duration Fund - Direct Plan - Monthly IDCW,2018-06,0,upstream
118390,Bandhan Gilt Fund with 10 year constant duration Fund - Direct Plan - Monthly IDCW,2018-07,0,upstream
118390,Bandhan Gilt Fund with 10 year constant duration Fund - Direct Plan - Monthly IDCW,2018-08,0,upstream
118390,Bandhan Gilt Fund with 10 year constant duration Fund - Direct Plan - Monthly IDCW,2018-09,0,upstream
118390,Bandhan Gilt Fund with 10 year constant duration Fund - Direct Plan - Monthly IDCW,2018-10,0,upstream
118390,Bandhan Gilt Fund with 10 year constant duration Fund - Direct Plan - Monthly IDCW,2018-11,0,upstream
118390,Bandhan Gilt Fund with 10 year constant duration Fund - Direct Plan - Monthly IDCW,2018-12,0,upstream
118393,Bandhan Medium to Long Duration Fund - Direct Plan - Annual IDCW,2013-03,0,upstream
118395,Bandhan Medium to Long Duration Fund - Direct Plan - Half Yearly IDCW,2013-11,0,upstream
118395,Bandhan Medium to Long Duration Fund - Direct Plan - Half Yearly IDCW,2013-12,0,upstream
118395,Bandhan Medium to Long Duration Fund - Direct Plan - Half Yearly IDCW,2014-01,0,upstream
118395,Bandhan Medium to Long Duration Fund - Direct Plan - Half Yearly IDCW,2014-02,0,upstream
118395,Bandhan Medium to Long Duration Fund - Direct Plan - Half Yearly IDCW,2014-03,0,upstream
118395,Bandhan Medium to Long Duration Fund - Direct Plan - Half Yearly IDCW,2014-04,0,upstream
118395,Bandhan Medium to Long Duration Fund - Direct Plan - Half Yearly IDCW,2014-05,0,upstream
118395,Bandhan Medium to Long Duration Fund - Direct Plan - Half Yearly IDCW,2014-06,0,upstream
118395,Bandhan Medium to Long Duration Fund - Direct Plan - Half Yearly IDCW,2014-07,0,upstream
118395,Bandhan Medium to Long Duration Fund - Direct Plan - Half Yearly IDCW,2014-08,0,upstream
118395,Bandhan Medium to Long Duration Fund - Direct Plan - Half Yearly IDCW,2014-09,0,upstream
118395,Bandhan Medium to Long Duration Fund - Direct Plan - Half Yearly IDCW,2014-10,0,upstream
118395,Bandhan Medium to Long Duration Fund - Direct Plan - Half Yearly IDCW,2014-11,0,upstream
118395,Bandhan Medium to Long Duration Fund - Direct Plan - Half Yearly IDCW,2014-12,0,upstream
118395,Bandhan Medium to Long Duration Fund - Direct Plan - Half Yearly IDCW,2015-01,0,upstream
118395,Bandhan Medium to Long Duration Fund - Direct Plan - Half Yearly IDCW,2015-02,0,upstream
118395,Bandhan Medium to Long Duration Fund - Direct Plan - Half Yearly IDCW,2015-03,0,upstream
118395,Bandhan Medium to Long Duration Fund - Direct Plan - Half Yearly IDCW,2015-04,0,upstream
118395,Bandhan Medium to Long Duration Fund - Direct Plan - Half Yearly IDCW,2015-05,0,upstream
118395,Bandhan Medium to Long Duration Fund - Direct Plan - Half Yearly IDCW,2015-06,0,upstream
118395,Bandhan Medium to Long Duration Fund - Direct Plan - Half Yearly IDCW,2015-07,0,upstream
118395,Bandhan Medium to Long Duration Fund - Direct Plan - Half Yearly IDCW,2015-08,0,upstream
118395,Bandhan Medium to Long Duration Fund - Direct Plan - Half Yearly IDCW,2015-09,0,upstream
118395,Bandhan Medium to Long Duration Fund - Direct Plan - Half Yearly IDCW,2015-10,0,upstream
118395,Bandhan Medium to Long Duration Fund - Direct Plan - Half Yearly IDCW,2015-11,0,upstream
118395,Bandhan Medium to Long Duration Fund - Direct Plan - Half Yearly IDCW,2015-12,0,upstream
118395,Bandhan Medium to Long Duration Fund - Direct Plan - Half Yearly IDCW,2016-01,0,upstream
118395,Bandhan Medium to Long Duration Fund - Direct Plan - Half Yearly IDCW,2016-02,0,upstream
118395,Bandhan Medium to Long Duration Fund - Direct Plan - Half Yearly IDCW,2016-03,0,upstream
118395,Bandhan Medium to Long Duration Fund - Direct Plan - Half Yearly IDCW,2016-04,0,upstream
118395,Bandhan Medium to Long Duration Fund - Direct Plan - Half Yearly IDCW,2016-05,0,upstream
118395,Bandhan Medium to Long Duration Fund - Direct Plan - Half Yearly IDCW,2016-06,0,upstream
118395,Bandhan Medium to Long Duration Fund - Direct Plan - Half Yearly IDCW,2016-07,0,upstream
118395,Bandhan Medium to Long Duration Fund - Direct Plan - Half Yearly IDCW,2016-08,0,upstream
118395,Bandhan Medium to Long Duration Fund - Direct Plan - Half Yearly IDCW,2016-09,0,upstream
118395,Bandhan Medium to Long Duration Fund - Direct Plan - Half Yearly IDCW,2016-10,0,upstream
118395,Bandhan Medium to Long Duration Fund - Direct Plan - Half Yearly IDCW,2016-11,0,upstream
118395,Bandhan Medium to Long Duration Fund - Direct Plan - Half Yearly IDCW,2016-12,0,upstream
118395,Bandhan Medium to Long Duration Fund - Direct Plan - Half Yearly IDCW,2017-01,0,upstream
118395,Bandhan Medium to Long Duration Fund - Direct Plan - Half Yearly IDCW,2017-02,0,upstream
118395,Bandhan Medium to Long Duration Fund - Direct Plan - Half Yearly IDCW,2017-03,0,upstream
118395,Bandhan Medium to Long Duration Fund - Direct Plan - Half Yearly IDCW,2017-04,0,upstream
118395,Bandhan Medium to Long Duration Fund - Direct Plan - Half Yearly IDCW,2017-05,0,upstream
118395,Bandhan Medium to Long Duration Fund - Direct Plan - Half Yearly IDCW,2017-06,0,upstream
118395,Bandhan Medium to Long Duration Fund - Direct Plan - Half Yearly IDCW,2017-07,0,upstream
118395,Bandhan Medium to Long Duration Fund - Direct Plan - Half Yearly IDCW,2017-08,0,upstream
118395,Bandhan Medium to Long Duration Fund - Direct Plan - Half Yearly IDCW,2017-09,0,upstream
118395,Bandhan Medium to Long Duration Fund - Direct Plan - Half Yearly IDCW,2017-10,0,upstream
118395,Bandhan Medium to Long Duration Fund - Direct Plan - Half Yearly IDCW,2017-11,0,upstream
118395,Bandhan Medium to Long Duration Fund - Direct Plan - Half Yearly IDCW,2017-12,0,upstream
118395,Bandhan Medium to Long Duration Fund - Direct Plan - Half Yearly IDCW,2018-01,0,upstream
118395,Bandhan Medium to Long Duration Fund - Direct Plan - Half Yearly IDCW,2018-02,0,upstream
118395,Bandhan Medium to Long Duration Fund - Direct Plan - Half Yearly IDCW,2018-03,0,upstream
118395,Bandhan Medium to Long Duration Fund - Direct Plan - Half Yearly IDCW,2018-04,0,upstream
118395,Bandhan Medium to Long Duration Fund - Direct Plan - Half Yearly IDCW,2018-05,0,upstream
118395,Bandhan Medium to Long Duration Fund - Direct Plan - Half Yearly IDCW,2018-06,0,upstream
118395,Bandhan Medium to Long Duration Fund - Direct Plan - Half Yearly IDCW,2018-07,0,upstream
118395,Bandhan Medium to Long Duration Fund - Direct Plan - Half Yearly IDCW,2018-08,0,upstream
118395,Bandhan Medium to Long Duration Fund - Direct Plan - Half Yearly IDCW,2018-09,0,upstream
118395,Bandhan Medium to Long Duration Fund - Direct Plan - Half Yearly IDCW,2018-10,0,upstream
118395,Bandhan Medium to Long Duration Fund - Direct Plan - Half Yearly IDCW,2018-11,0,upstream
118395,Bandhan Medium to Long Duration Fund - Direct Plan - Half Yearly IDCW,2018-12,0,upstream
118395,Bandhan Medium to Long Duration Fund - Direct Plan - Half Yearly IDCW,2019-01,0,upstream
118395,Bandhan Medium to Long Duration Fund - Direct Plan - Half Yearly IDCW,2019-02,0,upstream
118395,Bandhan Medium to Long Duration Fund - Direct Plan - Half Yearly IDCW,2019-03,0,upstream
118395,Bandhan Medium to Long Duration Fund - Direct Plan - Half Yearly IDCW,2019-04,0,upstream
118395,Bandhan Medium to Long Duration Fund - Direct Plan - Half Yearly IDCW,2019-05,0,upstream
118395,Bandhan Medium to Long Duration Fund - Direct Plan - Half Yearly IDCW,2019-06,0,upstream
118395,Bandhan Medium to Long Duration Fund - Direct Plan - Half Yearly IDCW,2019-07,0,upstream
118404,BANDHAN Bond Fund - Medium Term Plan-Direct Plan-Fortnightly IDCW,2016-03,0,upstream
118404,BANDHAN Bond Fund - Medium Term Plan-Direct Plan-Fortnightly IDCW,2016-04,0,upstream
118404,BANDHAN Bond Fund - Medium Term Plan-Direct Plan-Fortnightly IDCW,2016-05,0,upstream
118404,BANDHAN Bond Fund - Medium Term Plan-Direct Plan-Fortnightly IDCW,2016-06,0,upstream
118404,BANDHAN Bond Fund - Medium Term Plan-Direct Plan-Fortnightly IDCW,2016-07,0,upstream
118404,BANDHAN Bond Fund - Medium Term Plan-Direct Plan-Fortnightly IDCW,2016-08,0,upstream
118404,BANDHAN Bond Fund - Medium Term Plan-Direct Plan-Fortnightly IDCW,2016-09,0,upstream
118404,BANDHAN Bond Fund - Medium Term Plan-Direct Plan-Fortnightly IDCW,2016-10,0,upstream
118404,BANDHAN Bond Fund - Medium Term Plan-Direct Plan-Fortnightly IDCW,2016-11,0,upstream
118404,BANDHAN Bond Fund - Medium Term Plan-Direct Plan-Fortnightly IDCW,2016-12,0,upstream
118404,BANDHAN Bond Fund - Medium Term Plan-Direct Plan-Fortnightly IDCW,2017-01,0,upstream
118404,BANDHAN Bond Fund - Medium Term Plan-Direct Plan-Fortnightly IDCW,2018-12,0,upstream
118404,BANDHAN Bond Fund - Medium Term Plan-Direct Plan-Fortnightly IDCW,2019-01,0,upstream
118404,BANDHAN Bond Fund - Medium Term Plan-Direct Plan-Fortnightly IDCW,2019-02,0,upstream
118404,BANDHAN Bond Fund - Medium Term Plan-Direct Plan-Fortnightly IDCW,2019-03,0,upstream
118404,BANDHAN Bond Fund - Medium Term Plan-Direct Plan-Fortnightly IDCW,2019-04,0,upstream
118404,BANDHAN Bond Fund - Medium Term Plan-Direct Plan-Fortnightly IDCW,2019-05,0,upstream
118404,BANDHAN Bond Fund - Medium Term Plan-Direct Plan-Fortnightly IDCW,2019-06,0,upstream
118404,BANDHAN Bond Fund - Medium Term Plan-Direct Plan-Fortnightly IDCW,2019-07,0,upstream
118404,BANDHAN Bond Fund - Medium Term Plan-Direct Plan-Fortnightly IDCW,2019-08,0,upstream
118404,BANDHAN Bond Fund - Medium Term Plan-Direct Plan-Fortnightly IDCW,2019-09,0,upstream
118404,BANDHAN Bond Fund - Medium Term Plan-Direct Plan-Fortnightly IDCW,2019-10,0,upstream
118409,Bandhan Income Plus Arbitrage Active FOF - Direct Plan - Daily IDCW,2016-10,0,upstream
118409,Bandhan Income Plus Arbitrage Active FOF - Direct Plan - Daily IDCW,2016-11,0,upstream
118409,Bandhan Income Plus Arbitrage Active FOF - Direct Plan - Daily IDCW,2016-12,0,upstream
118409,Bandhan Income Plus Arbitrage Active FOF - Direct Plan - Daily IDCW,2017-01,0,upstream
118409,Bandhan Income Plus Arbitrage Active FOF - Direct Plan - Daily IDCW,2017-02,0,upstream
118409,Bandhan Income Plus Arbitrage Active FOF - Direct Plan - Daily IDCW,2017-03,0,upstream
118409,Bandhan Income Plus Arbitrage Active FOF - Direct Plan - Daily IDCW,2017-04,0,upstream
118412,Bandhan Income Plus Arbitrage Active FOF - Direct Plan - Weekly IDCW,2016-03,0,upstream
118412,Bandhan Income Plus Arbitrage Active FOF - Direct Plan - Weekly IDCW,2016-04,0,upstream
118412,Bandhan Income Plus Arbitrage Active FOF - Direct Plan - Weekly IDCW,2016-05,0,upstream
118412,Bandhan Income Plus Arbitrage Active FOF - Direct Plan - Weekly IDCW,2016-06,0,upstream
118412,Bandhan Income Plus Arbitrage Active FOF - Direct Plan - Weekly IDCW,2016-07,0,upstream
118412,Bandhan Income Plus Arbitrage Active FOF - Direct Plan - Weekly IDCW,2016-08,0,upstream
118412,Bandhan Income Plus Arbitrage Active FOF - Direct Plan - Weekly IDCW,2016-09,0,upstream
118412,Bandhan Income Plus Arbitrage Active FOF - Direct Plan - Weekly IDCW,2016-10,0,upstream
118412,Bandhan Income Plus Arbitrage Active FOF - Direct Plan - Weekly IDCW,2016-11,0,upstream
118412,Bandhan Income Plus Arbitrage Active FOF - Direct Plan - Weekly IDCW,2016-12,0,upstream
118412,Bandhan Income Plus Arbitrage Active FOF - Direct Plan - Weekly IDCW,2017-01,0,upstream
118412,Bandhan Income Plus Arbitrage Active FOF - Direct Plan - Weekly IDCW,2017-02,0,upstream
118412,Bandhan Income Plus Arbitrage Active FOF - Direct Plan - Weekly IDCW,2017-03,0,upstream
118412,Bandhan Income Plus Arbitrage Active FOF - Direct Plan - Weekly IDCW,2017-04,0,upstream
118412,Bandhan Income Plus Arbitrage Active FOF - Direct Plan - Weekly IDCW,2017-05,0,upstream
118412,Bandhan Income Plus Arbitrage Active FOF - Direct Plan - Weekly IDCW,2017-06,0,upstream
118412,Bandhan Income Plus Arbitrage Active FOF - Direct Plan - Weekly IDCW,2017-07,0,upstream
118412,Bandhan Income Plus Arbitrage Active FOF - Direct Plan - Weekly IDCW,2017-08,0,upstream
118412,Bandhan Income Plus Arbitrage Active FOF - Direct Plan - Weekly IDCW,2017-09,0,upstream
118412,Bandhan Income Plus Arbitrage Active FOF - Direct Plan - Weekly IDCW,2017-10,0,upstream
118412,Bandhan Income Plus Arbitrage Active FOF - Direct Plan - Weekly IDCW,2017-11,0,upstream
118412,Bandhan Income Plus Arbitrage Active FOF - Direct Plan - Weekly IDCW,2017-12,0,upstream
118412,Bandhan Income Plus Arbitrage Active FOF - Direct Plan - Weekly IDCW,2018-01,0,upstream
118412,Bandhan Income Plus Arbitrage Active FOF - Direct Plan - Weekly IDCW,2018-02,0,upstream
118412,Bandhan Income Plus Arbitrage Active FOF - Direct Plan - Weekly IDCW,2018-03,0,upstream
118412,Bandhan Income Plus Arbitrage Active FOF - Direct Plan - Weekly IDCW,2018-04,0,upstream
118412,Bandhan Income Plus Arbitrage Active FOF - Direct Plan - Weekly IDCW,2018-05,0,upstream
118412,Bandhan Income Plus Arbitrage Active FOF - Direct Plan - Weekly IDCW,2018-06,0,upstream
118412,Bandhan Income Plus Arbitrage Active FOF - Direct Plan - Weekly IDCW,2018-07,0,upstream
118412,Bandhan Income Plus Arbitrage Active FOF - Direct Plan - Weekly IDCW,2018-08,0,upstream
118412,Bandhan Income Plus Arbitrage Active FOF - Direct Plan - Weekly IDCW,2018-09,0,upstream
118412,Bandhan Income Plus Arbitrage Active FOF - Direct Plan - Weekly IDCW,2018-10,0,upstream
118412,Bandhan Income Plus Arbitrage Active FOF - Direct Plan - Weekly IDCW,2018-11,0,upstream
118412,Bandhan Income Plus Arbitrage Active FOF - Direct Plan - Weekly IDCW,2018-12,0,upstream
118412,Bandhan Income Plus Arbitrage Active FOF - Direct Plan - Weekly IDCW,2019-01,0,upstream
118412,Bandhan Income Plus Arbitrage Active FOF - Direct Plan - Weekly IDCW,2019-02,0,upstream
118412,Bandhan Income Plus Arbitrage Active FOF - Direct Plan - Weekly IDCW,2019-03,0,upstream
118412,Bandhan Income Plus Arbitrage Active FOF - Direct Plan - Weekly IDCW,2019-04,0,upstream
118412,Bandhan Income Plus Arbitrage Active FOF - Direct Plan - Weekly IDCW,2019-05,0,upstream
118412,Bandhan Income Plus Arbitrage Active FOF - Direct Plan - Weekly IDCW,2019-06,0,upstream
118412,Bandhan Income Plus Arbitrage Active FOF - Direct Plan - Weekly IDCW,2019-07,0,upstream
118412,Bandhan Income Plus Arbitrage Active FOF - Direct Plan - Weekly IDCW,2019-08,0,upstream
118412,Bandhan Income Plus Arbitrage Active FOF - Direct Plan - Weekly IDCW,2019-09,0,upstream
118412,Bandhan Income Plus Arbitrage Active FOF - Direct Plan - Weekly IDCW,2019-10,0,upstream
118412,Bandhan Income Plus Arbitrage Active FOF - Direct Plan - Weekly IDCW,2019-11,0,upstream
118412,Bandhan Income Plus Arbitrage Active FOF - Direct Plan - Weekly IDCW,2019-12,0,upstream
118412,Bandhan Income Plus Arbitrage Active FOF - Direct Plan - Weekly IDCW,2020-01,0,upstream
118412,Bandhan Income Plus Arbitrage Active FOF - Direct Plan - Weekly IDCW,2020-02,0,upstream
118412,Bandhan Income Plus Arbitrage Active FOF - Direct Plan - Weekly IDCW,2020-03,0,upstream
118412,Bandhan Income Plus Arbitrage Active FOF - Direct Plan - Weekly IDCW,2020-04,0,upstream
118412,Bandhan Income Plus Arbitrage Active FOF - Direct Plan - Weekly IDCW,2020-05,0,upstream
118412,Bandhan Income Plus Arbitrage Active FOF - Direct Plan - Weekly IDCW,2020-06,0,upstream
118412,Bandhan Income Plus Arbitrage Active FOF - Direct Plan - Weekly IDCW,2020-07,0,upstream
118412,Bandhan Income Plus Arbitrage Active FOF - Direct Plan - Weekly IDCW,2020-08,0,upstream
118412,Bandhan Income Plus Arbitrage Active FOF - Direct Plan - Weekly IDCW,2020-09,0,upstream
118412,Bandhan Income Plus Arbitrage Active FOF - Direct Plan - Weekly IDCW,2020-10,0,upstream
118412,Bandhan Income Plus Arbitrage Active FOF - Direct Plan - Weekly IDCW,2020-11,0,upstream
118412,Bandhan Income Plus Arbitrage Active FOF - Direct Plan - Weekly IDCW,2020-12,0,upstream
118412,Bandhan Income Plus Arbitrage Active FOF - Direct Plan - Weekly IDCW,2021-01,0,upstream
118412,Bandhan Income Plus Arbitrage Active FOF - Direct Plan - Weekly IDCW,2021-02,0,upstream
118412,Bandhan Income Plus Arbitrage Active FOF - Direct Plan - Weekly IDCW,2021-03,0,upstream
118412,Bandhan Income Plus Arbitrage Active FOF - Direct Plan - Weekly IDCW,2021-04,0,upstream
118412,Bandhan Income Plus Arbitrage Active FOF - Direct Plan - Weekly IDCW,2021-05,0,upstream
118412,Bandhan Income Plus Arbitrage Active FOF - Direct Plan - Weekly IDCW,2021-06,0,upstream
118412,Bandhan Income Plus Arbitrage Active FOF - Direct Plan - Weekly IDCW,2021-07,0,upstream
118414,Bandhan Income Plus Arbitrage Active FOF - Direct Plan - Fortnightly IDCW,2018-09,0,upstream
118414,Bandhan Income Plus Arbitrage Active FOF - Direct Plan - Fortnightly IDCW,2018-10,0,upstream
118414,Bandhan Income Plus Arbitrage Active FOF - Direct Plan - Fortnightly IDCW,2018-11,0,upstream
118414,Bandhan Income Plus Arbitrage Active FOF - Direct Plan - Fortnightly IDCW,2018-12,0,upstream
118414,Bandhan Income Plus Arbitrage Active FOF - Direct Plan - Fortnightly IDCW,2019-01,0,upstream
118414,Bandhan Income Plus Arbitrage Active FOF - Direct Plan - Fortnightly IDCW,2019-02,0,upstream
118414,Bandhan Income Plus Arbitrage Active FOF - Direct Plan - Fortnightly IDCW,2019-03,0,upstream
118414,Bandhan Income Plus Arbitrage Active FOF - Direct Plan - Fortnightly IDCW,2019-04,0,upstream
118414,Bandhan Income Plus Arbitrage Active FOF - Direct Plan - Fortnightly IDCW,2019-05,0,upstream
118465,Bandhan Gilt Fund - Direct Plan - Half Yearly IDCW,2015-01,0,upstream
118465,Bandhan Gilt Fund - Direct Plan - Half Yearly IDCW,2015-02,0,upstream
118465,Bandhan Gilt Fund - Direct Plan - Half Yearly IDCW,2015-03,0,upstream
118465,Bandhan Gilt Fund - Direct Plan - Half Yearly IDCW,2015-04,0,upstream
118465,Bandhan Gilt Fund - Direct Plan - Half Yearly IDCW,2015-05,0,upstream
118465,Bandhan Gilt Fund - Direct Plan - Half Yearly IDCW,2015-06,0,upstream
118465,Bandhan Gilt Fund - Direct Plan - Half Yearly IDCW,2015-07,0,upstream
118465,Bandhan Gilt Fund - Direct Plan - Half Yearly IDCW,2015-08,0,upstream
118465,Bandhan Gilt Fund - Direct Plan - Half Yearly IDCW,2015-09,0,upstream
118465,Bandhan Gilt Fund - Direct Plan - Half Yearly IDCW,2015-10,0,upstream
118465,Bandhan Gilt Fund - Direct Plan - Half Yearly IDCW,2015-11,0,upstream
118465,Bandhan Gilt Fund - Direct Plan - Half Yearly IDCW,2015-12,0,upstream
118465,Bandhan Gilt Fund - Direct Plan - Half Yearly IDCW,2016-01,0,upstream
118465,Bandhan Gilt Fund - Direct Plan - Half Yearly IDCW,2016-02,0,upstream
118465,Bandhan Gilt Fund - Direct Plan - Half Yearly IDCW,2016-03,0,upstream
118465,Bandhan Gilt Fund - Direct Plan - Half Yearly IDCW,2016-04,0,upstream
118465,Bandhan Gilt Fund - Direct Plan - Half Yearly IDCW,2016-05,0,upstream
118465,Bandhan Gilt Fund - Direct Plan - Half Yearly IDCW,2016-06,0,upstream
118465,Bandhan Gilt Fund - Direct Plan - Half Yearly IDCW,2016-07,0,upstream
118465,Bandhan Gilt Fund - Direct Plan - Half Yearly IDCW,2016-08,0,upstream
118465,Bandhan Gilt Fund - Direct Plan - Half Yearly IDCW,2016-09,0,upstream
118465,Bandhan Gilt Fund - Direct Plan - Half Yearly IDCW,2016-10,0,upstream
118465,Bandhan Gilt Fund - Direct Plan - Half Yearly IDCW,2016-11,0,upstream
118465,Bandhan Gilt Fund - Direct Plan - Half Yearly IDCW,2016-12,0,upstream
118465,Bandhan Gilt Fund - Direct Plan - Half Yearly IDCW,2017-01,0,upstream
118465,Bandhan Gilt Fund - Direct Plan - Half Yearly IDCW,2017-02,0,upstream
118465,Bandhan Gilt Fund - Direct Plan - Half Yearly IDCW,2017-03,0,upstream
118465,Bandhan Gilt Fund - Direct Plan - Half Yearly IDCW,2017-04,0,upstream
118465,Bandhan Gilt Fund - Direct Plan - Half Yearly IDCW,2017-05,0,upstream
118465,Bandhan Gilt Fund - Direct Plan - Half Yearly IDCW,2017-06,0,upstream
118465,Bandhan Gilt Fund - Direct Plan - Half Yearly IDCW,2017-07,0,upstream
118465,Bandhan Gilt Fund - Direct Plan - Half Yearly IDCW,2017-08,0,upstream
118465,Bandhan Gilt Fund - Direct Plan - Half Yearly IDCW,2017-09,0,upstream
118465,Bandhan Gilt Fund - Direct Plan - Half Yearly IDCW,2017-10,0,upstream
118465,Bandhan Gilt Fund - Direct Plan - Half Yearly IDCW,2017-11,0,upstream
118465,Bandhan Gilt Fund - Direct Plan - Half Yearly IDCW,2017-12,0,upstream
118465,Bandhan Gilt Fund - Direct Plan - Half Yearly IDCW,2018-01,0,upstream
118465,Bandhan Gilt Fund - Direct Plan - Half Yearly IDCW,2018-02,0,upstream
118465,Bandhan Gilt Fund - Direct Plan - Half Yearly IDCW,2018-03,0,upstream
118465,Bandhan Gilt Fund - Direct Plan - Half Yearly IDCW,2018-04,0,upstream
118465,Bandhan Gilt Fund - Direct Plan - Half Yearly IDCW,2018-05,0,upstream
118465,Bandhan Gilt Fund - Direct Plan - Half Yearly IDCW,2018-06,0,upstream
118465,Bandhan Gilt Fund - Direct Plan - Half Yearly IDCW,2018-07,0,upstream
118465,Bandhan Gilt Fund - Direct Plan - Half Yearly IDCW,2018-08,0,upstream
118465,Bandhan Gilt Fund - Direct Plan - Half Yearly IDCW,2018-09,0,upstream
118465,Bandhan Gilt Fund - Direct Plan - Half Yearly IDCW,2018-10,0,upstream
118465,Bandhan Gilt Fund - Direct Plan - Half Yearly IDCW,2018-11,0,upstream
118465,Bandhan Gilt Fund - Direct Plan - Half Yearly IDCW,2018-12,0,upstream
118465,Bandhan Gilt Fund - Direct Plan - Half Yearly IDCW,2019-01,0,upstream
118465,Bandhan Gilt Fund - Direct Plan - Half Yearly IDCW,2019-02,0,upstream
118465,Bandhan Gilt Fund - Direct Plan - Half Yearly IDCW,2019-03,0,upstream
118465,Bandhan Gilt Fund - Direct Plan - Half Yearly IDCW,2019-04,0,upstream
118465,Bandhan Gilt Fund - Direct Plan - Half Yearly IDCW,2019-05,0,upstream
118465,Bandhan Gilt Fund - Direct Plan - Half Yearly IDCW,2019-06,0,upstream
118465,Bandhan Gilt Fund - Direct Plan - Half Yearly IDCW,2019-07,0,upstream
118465,Bandhan Gilt Fund - Direct Plan - Half Yearly IDCW,2019-08,0,upstream
118465,Bandhan Gilt Fund - Direct Plan - Half Yearly IDCW,2019-09,0,upstream
118465,Bandhan Gilt Fund - Direct Plan - Half Yearly IDCW,2019-10,0,upstream
118465,Bandhan Gilt Fund - Direct Plan - Half Yearly IDCW,2019-11,0,upstream
118465,Bandhan Gilt Fund - Direct Plan - Half Yearly IDCW,2019-12,0,upstream
118465,Bandhan Gilt Fund - Direct Plan - Half Yearly IDCW,2020-01,0,upstream
118465,Bandhan Gilt Fund - Direct Plan - Half Yearly IDCW,2020-02,0,upstream
118465,Bandhan Gilt Fund - Direct Plan - Half Yearly IDCW,2020-03,0,upstream
118465,Bandhan Gilt Fund - Direct Plan - Half Yearly IDCW,2020-04,0,upstream
118465,Bandhan Gilt Fund - Direct Plan - Half Yearly IDCW,2020-05,0,upstream
118465,Bandhan Gilt Fund - Direct Plan - Half Yearly IDCW,2020-06,0,upstream
118661,NIPPON INDIA FLOATER FUND - DIRECT Plan - QUARTERLY IDCW Option,2014-04,0,upstream
118661,NIPPON INDIA FLOATER FUND - DIRECT Plan - QUARTERLY IDCW Option,2014-05,0,upstream
118661,NIPPON INDIA FLOATER FUND - DIRECT Plan - QUARTERLY IDCW Option,2014-06,0,upstream
118661,NIPPON INDIA FLOATER FUND - DIRECT Plan - QUARTERLY IDCW Option,2014-07,0,upstream
118661,NIPPON INDIA FLOATER FUND - DIRECT Plan - QUARTERLY IDCW Option,2014-08,0,upstream
118661,NIPPON INDIA FLOATER FUND - DIRECT Plan - QUARTERLY IDCW Option,2014-09,0,upstream
118661,NIPPON INDIA FLOATER FUND - DIRECT Plan - QUARTERLY IDCW Option,2014-10,0,upstream
118661,NIPPON INDIA FLOATER FUND - DIRECT Plan - QUARTERLY IDCW Option,2014-11,0,upstream
118661,NIPPON INDIA FLOATER FUND - DIRECT Plan - QUARTERLY IDCW Option,2014-12,0,upstream
118669,Nippon India Gilt  Fund - Direct Plan - P F Option - Automatic Capital Appreciation Payout Option,2013-02,0,upstream
118669,Nippon India Gilt  Fund - Direct Plan - P F Option - Automatic Capital Appreciation Payout Option,2013-03,0,upstream
118669,Nippon India Gilt  Fund - Direct Plan - P F Option - Automatic Capital Appreciation Payout Option,2013-04,0,upstream
118669,Nippon India Gilt  Fund - Direct Plan - P F Option - Automatic Capital Appreciation Payout Option,2013-05,0,upstream
118669,Nippon India Gilt  Fund - Direct Plan - P F Option - Automatic Capital Appreciation Payout Option,2013-06,0,upstream
118674,Nippon India Gilt Fund - Direct Plan - P F Option - Automatic Annual Reinvest Option,2013-03,0,upstream
118674,Nippon India Gilt Fund - Direct Plan - P F Option - Automatic Annual Reinvest Option,2015-03,0,upstream
118689,NIPPON INDIA QUARTERLY INTERVAL FUND - SERIES II - Direct Plan - IDCW Option,2013-06,0,upstream
118689,NIPPON INDIA QUARTERLY INTERVAL FUND - SERIES II - Direct Plan - IDCW Option,2013-07,0,upstream
118716,NIPPON INDIA MONEY MARKET FUND - DIRECT Plan - QUARTERLY IDCW Option,2013-10,0,upstream
118716,NIPPON INDIA MONEY MARKET FUND - DIRECT Plan - QUARTERLY IDCW Option,2013-11,0,upstream
118716,NIPPON INDIA MONEY MARKET FUND - DIRECT Plan - QUARTERLY IDCW Option,2013-12,0,upstream
118716,NIPPON INDIA MONEY MARKET FUND - DIRECT Plan - QUARTERLY IDCW Option,2014-01,0,upstream
118841,Mirae Asset Low Duration Fund - Direct Plan - Monthly IDCW,2014-08,0,upstream
118841,Mirae Asset Low Duration Fund - Direct Plan - Monthly IDCW,2014-09,0,upstream
118841,Mirae Asset Low Duration Fund - Direct Plan - Monthly IDCW,2014-10,0,upstream
118841,Mirae Asset Low Duration Fund - Direct Plan - Monthly IDCW,2014-11,0,upstream
118841,Mirae Asset Low Duration Fund - Direct Plan - Monthly IDCW,2014-12,0,upstream
118841,Mirae Asset Low Duration Fund - Direct Plan - Monthly IDCW,2015-01,0,upstream
118841,Mirae Asset Low Duration Fund - Direct Plan - Monthly IDCW,2015-02,0,upstream
118841,Mirae Asset Low Duration Fund - Direct Plan - Monthly IDCW,2015-03,0,upstream
118841,Mirae Asset Low Duration Fund - Direct Plan - Monthly IDCW,2015-04,0,upstream
118841,Mirae Asset Low Duration Fund - Direct Plan - Monthly IDCW,2015-05,0,upstream
118841,Mirae Asset Low Duration Fund - Direct Plan - Monthly IDCW,2015-06,0,upstream
118860,Mirae Asset Liquid Fund - Direct Plan -Monthly IDCW,2013-07,0,upstream
118860,Mirae Asset Liquid Fund - Direct Plan -Monthly IDCW,2013-08,0,upstream
118860,Mirae Asset Liquid Fund - Direct Plan -Monthly IDCW,2013-09,0,upstream
118860,Mirae Asset Liquid Fund - Direct Plan -Monthly IDCW,2013-10,0,upstream
118860,Mirae Asset Liquid Fund - Direct Plan -Monthly IDCW,2013-11,0,upstream
118860,Mirae Asset Liquid Fund - Direct Plan -Monthly IDCW,2013-12,0,upstream
118860,Mirae Asset Liquid Fund - Direct Plan -Monthly IDCW,2014-01,0,upstream
118860,Mirae Asset Liquid Fund - Direct Plan -Monthly IDCW,2014-02,0,upstream
118860,Mirae Asset Liquid Fund - Direct Plan -Monthly IDCW,2014-03,0,upstream
118860,Mirae Asset Liquid Fund - Direct Plan -Monthly IDCW,2014-04,0,upstream
118860,Mirae Asset Liquid Fund - Direct Plan -Monthly IDCW,2014-05,0,upstream
118860,Mirae Asset Liquid Fund - Direct Plan -Monthly IDCW,2014-06,0,upstream
118860,Mirae Asset Liquid Fund - Direct Plan -Monthly IDCW,2014-07,0,upstream
118860,Mirae Asset Liquid Fund - Direct Plan -Monthly IDCW,2014-08,0,upstream
118860,Mirae Asset Liquid Fund - Direct Plan -Monthly IDCW,2014-09,0,upstream
118860,Mirae Asset Liquid Fund - Direct Plan -Monthly IDCW,2014-10,0,upstream
118860,Mirae Asset Liquid Fund - Direct Plan -Monthly IDCW,2014-11,0,upstream
118860,Mirae Asset Liquid Fund - Direct Plan -Monthly IDCW,2014-12,0,upstream
118860,Mirae Asset Liquid Fund - Direct Plan -Monthly IDCW,2015-01,0,upstream
118860,Mirae Asset Liquid Fund - Direct Plan -Monthly IDCW,2015-02,0,upstream
118860,Mirae Asset Liquid Fund - Direct Plan -Monthly IDCW,2015-03,0,upstream
118860,Mirae Asset Liquid Fund - Direct Plan -Monthly IDCW,2015-04,0,upstream
118860,Mirae Asset Liquid Fund - Direct Plan -Monthly IDCW,2015-05,0,upstream
118860,Mirae Asset Liquid Fund - Direct Plan -Monthly IDCW,2015-06,0,upstream
118860,Mirae Asset Liquid Fund - Direct Plan -Monthly IDCW,2015-07,0,upstream
118860,Mirae Asset Liquid Fund - Direct Plan -Monthly IDCW,2015-08,0,upstream
118860,Mirae Asset Liquid Fund - Direct Plan -Monthly IDCW,2015-09,0,upstream
118860,Mirae Asset Liquid Fund - Direct Plan -Monthly IDCW,2015-10,0,upstream
118860,Mirae Asset Liquid Fund - Direct Plan -Monthly IDCW,2015-11,0,upstream
119137,Groww Liquid Fund (formerly known as Indiabulls Liquid Fund)- Direct Plan- Weekly - Income Distribution cum capital withdrawal Option (Payout & Reinvestment),2014-04,0,upstream
119137,Groww Liquid Fund (formerly known as Indiabulls Liquid Fund)- Direct Plan- Weekly - Income Distribution cum capital withdrawal Option (Payout & Reinvestment),2014-05,0,upstream
119137,Groww Liquid Fund (formerly known as Indiabulls Liquid Fund)- Direct Plan- Weekly - Income Distribution cum capital withdrawal Option (Payout & Reinvestment),2014-06,0,upstream
119137,Groww Liquid Fund (formerly known as Indiabulls Liquid Fund)- Direct Plan- Weekly - Income Distribution cum capital withdrawal Option (Payout & Reinvestment),2014-07,0,upstream
119137,Groww Liquid Fund (formerly known as Indiabulls Liquid Fund)- Direct Plan- Weekly - Income Distribution cum capital withdrawal Option (Payout & Reinvestment),2014-08,0,upstream
119137,Groww Liquid Fund (formerly known as Indiabulls Liquid Fund)- Direct Plan- Weekly - Income Distribution cum capital withdrawal Option (Payout & Reinvestment),2014-09,0,upstream
119137,Groww Liquid Fund (formerly known as Indiabulls Liquid Fund)- Direct Plan- Weekly - Income Distribution cum capital withdrawal Option (Payout & Reinvestment),2014-10,0,upstream
119137,Groww Liquid Fund (formerly known as Indiabulls Liquid Fund)- Direct Plan- Weekly - Income Distribution cum capital withdrawal Option (Payout & Reinvestment),2014-11,0,upstream
119139,Groww Liquid Fund (formerly known as Indiabulls Liquid Fund)- Direct Plan- Monthly - Income Distribution cum capital withdrawal Option (Payout & Reinvestment),2014-05,0,upstream
119139,Groww Liquid Fund (formerly known as Indiabulls Liquid Fund)- Direct Plan- Monthly - Income Distribution cum capital withdrawal Option (Payout & Reinvestment),2014-06,0,upstream
119139,Groww Liquid Fund (formerly known as Indiabulls Liquid Fund)- Direct Plan- Monthly - Income Distribution cum capital withdrawal Option (Payout & Reinvestment),2014-07,0,upstream
119139,Groww Liquid Fund (formerly known as Indiabulls Liquid Fund)- Direct Plan- Monthly - Income Distribution cum capital withdrawal Option (Payout & Reinvestment),2014-08,0,upstream
119139,Groww Liquid Fund (formerly known as Indiabulls Liquid Fund)- Direct Plan- Monthly - Income Distribution cum capital withdrawal Option (Payout & Reinvestment),2014-09,0,upstream
119139,Groww Liquid Fund (formerly known as Indiabulls Liquid Fund)- Direct Plan- Monthly - Income Distribution cum capital withdrawal Option (Payout & Reinvestment),2014-10,0,upstream
119139,Groww Liquid Fund (formerly known as Indiabulls Liquid Fund)- Direct Plan- Monthly - Income Distribution cum capital withdrawal Option (Payout & Reinvestment),2014-11,0,upstream
119139,Groww Liquid Fund (formerly known as Indiabulls Liquid Fund)- Direct Plan- Monthly - Income Distribution cum capital withdrawal Option (Payout & Reinvestment),2014-12,0,upstream
119139,Groww Liquid Fund (formerly known as Indiabulls Liquid Fund)- Direct Plan- Monthly - Income Distribution cum capital withdrawal Option (Payout & Reinvestment),2015-01,0,upstream
119139,Groww Liquid Fund (formerly known as Indiabulls Liquid Fund)- Direct Plan- Monthly - Income Distribution cum capital withdrawal Option (Payout & Reinvestment),2015-02,0,upstream
119139,Groww Liquid Fund (formerly known as Indiabulls Liquid Fund)- Direct Plan- Monthly - Income Distribution cum capital withdrawal Option (Payout & Reinvestment),2015-03,0,upstream
119139,Groww Liquid Fund (formerly known as Indiabulls Liquid Fund)- Direct Plan- Monthly - Income Distribution cum capital withdrawal Option (Payout & Reinvestment),2015-04,0,upstream
119139,Groww Liquid Fund (formerly known as Indiabulls Liquid Fund)- Direct Plan- Monthly - Income Distribution cum capital withdrawal Option (Payout & Reinvestment),2015-05,0,upstream
119139,Groww Liquid Fund (formerly known as Indiabulls Liquid Fund)- Direct Plan- Monthly - Income Distribution cum capital withdrawal Option (Payout & Reinvestment),2015-08,0,upstream
119139,Groww Liquid Fund (formerly known as Indiabulls Liquid Fund)- Direct Plan- Monthly - Income Distribution cum capital withdrawal Option (Payout & Reinvestment),2015-09,0,upstream
119139,Groww Liquid Fund (formerly known as Indiabulls Liquid Fund)- Direct Plan- Monthly - Income Distribution cum capital withdrawal Option (Payout & Reinvestment),2015-10,0,upstream
119139,Groww Liquid Fund (formerly known as Indiabulls Liquid Fund)- Direct Plan- Monthly - Income Distribution cum capital withdrawal Option (Payout & Reinvestment),2015-11,0,upstream
119363,BANK OF INDIA Manufacturing & Infrastructure Fund-Direct Plan-Regular IDCW,2013-06,0,upstream
119363,BANK OF INDIA Manufacturing & Infrastructure Fund-Direct Plan-Regular IDCW,2013-07,0,upstream
119363,BANK OF INDIA Manufacturing & Infrastructure Fund-Direct Plan-Regular IDCW,2013-08,0,upstream
119363,BANK OF INDIA Manufacturing & Infrastructure Fund-Direct Plan-Regular IDCW,2013-10,0,upstream
119363,BANK OF INDIA Manufacturing & Infrastructure Fund-Direct Plan-Regular IDCW,2013-11,0,upstream
119363,BANK OF INDIA Manufacturing & Infrastructure Fund-Direct Plan-Regular IDCW,2013-12,0,upstream
119363,BANK OF INDIA Manufacturing & Infrastructure Fund-Direct Plan-Regular IDCW,2014-01,0,upstream
119363,BANK OF INDIA Manufacturing & Infrastructure Fund-Direct Plan-Regular IDCW,2014-02,0,upstream
119363,BANK OF INDIA Manufacturing & Infrastructure Fund-Direct Plan-Regular IDCW,2014-03,0,upstream
119370,BANK OF INDIA Liquid Fund- Direct Plan- Weekly IDCW,2013-02,0,upstream
119370,BANK OF INDIA Liquid Fund- Direct Plan- Weekly IDCW,2013-03,0,upstream
119370,BANK OF INDIA Liquid Fund- Direct Plan- Weekly IDCW,2013-04,0,upstream
119370,BANK OF INDIA Liquid Fund- Direct Plan- Weekly IDCW,2013-05,0,upstream
119370,BANK OF INDIA Liquid Fund- Direct Plan- Weekly IDCW,2013-06,0,upstream
119384,BANK OF INDIA Short Term Income Fund-Direct Plan- Quarterly IDCW,2013-07,0,upstream
119384,BANK OF INDIA Short Term Income Fund-Direct Plan- Quarterly IDCW,2013-08,0,upstream
119384,BANK OF INDIA Short Term Income Fund-Direct Plan- Quarterly IDCW,2013-09,0,upstream
119384,BANK OF INDIA Short Term Income Fund-Direct Plan- Quarterly IDCW,2013-10,0,upstream
119384,BANK OF INDIA Short Term Income Fund-Direct Plan- Quarterly IDCW,2013-11,0,upstream
119384,BANK OF INDIA Short Term Income Fund-Direct Plan- Quarterly IDCW,2013-12,0,upstream
119384,BANK OF INDIA Short Term Income Fund-Direct Plan- Quarterly IDCW,2014-01,0,upstream
119384,BANK OF INDIA Short Term Income Fund-Direct Plan- Quarterly IDCW,2014-02,0,upstream
119384,BANK OF INDIA Short Term Income Fund-Direct Plan- Quarterly IDCW,2014-03,0,upstream
119384,BANK OF INDIA Short Term Income Fund-Direct Plan- Quarterly IDCW,2014-04,0,upstream
119384,BANK OF INDIA Short Term Income Fund-Direct Plan- Quarterly IDCW,2014-05,0,upstream
119384,BANK OF INDIA Short Term Income Fund-Direct Plan- Quarterly IDCW,2014-06,0,upstream
119384,BANK OF INDIA Short Term Income Fund-Direct Plan- Quarterly IDCW,2014-07,0,upstream
119384,BANK OF INDIA Short Term Income Fund-Direct Plan- Quarterly IDCW,2014-08,0,upstream
119384,BANK OF INDIA Short Term Income Fund-Direct Plan- Quarterly IDCW,2014-09,0,upstream
119384,BANK OF INDIA Short Term Income Fund-Direct Plan- Quarterly IDCW,2014-10,0,upstream
119384,BANK OF INDIA Short Term Income Fund-Direct Plan- Quarterly IDCW,2014-11,0,upstream
119384,BANK OF INDIA Short Term Income Fund-Direct Plan- Quarterly IDCW,2014-12,0,upstream
119384,BANK OF INDIA Short Term Income Fund-Direct Plan- Quarterly IDCW,2015-01,0,upstream
119384,BANK OF INDIA Short Term Income Fund-Direct Plan- Quarterly IDCW,2015-02,0,upstream
119384,BANK OF INDIA Short Term Income Fund-Direct Plan- Quarterly IDCW,2015-03,0,upstream
119384,BANK OF INDIA Short Term Income Fund-Direct Plan- Quarterly IDCW,2015-04,0,upstream
119384,BANK OF INDIA Short Term Income Fund-Direct Plan- Quarterly IDCW,2015-05,0,upstream
119384,BANK OF INDIA Short Term Income Fund-Direct Plan- Quarterly IDCW,2015-06,0,upstream
119384,BANK OF INDIA Short Term Income Fund-Direct Plan- Quarterly IDCW,2015-07,0,upstream
119384,BANK OF INDIA Short Term Income Fund-Direct Plan- Quarterly IDCW,2015-08,0,upstream
119384,BANK OF INDIA Short Term Income Fund-Direct Plan- Quarterly IDCW,2015-09,0,upstream
119396,BANK OF INDIA Conservative Hybrid Fund-Direct Plan-Annual IDCW,2015-02,0,upstream
119396,BANK OF INDIA Conservative Hybrid Fund-Direct Plan-Annual IDCW,2015-03,0,upstream
119396,BANK OF INDIA Conservative Hybrid Fund-Direct Plan-Annual IDCW,2015-04,0,upstream
119396,BANK OF INDIA Conservative Hybrid Fund-Direct Plan-Annual IDCW,2015-05,0,upstream
119396,BANK OF INDIA Conservative Hybrid Fund-Direct Plan-Annual IDCW,2015-06,0,upstream
119396,BANK OF INDIA Conservative Hybrid Fund-Direct Plan-Annual IDCW,2015-07,0,upstream
119396,BANK OF INDIA Conservative Hybrid Fund-Direct Plan-Annual IDCW,2015-08,0,upstream
119396,BANK OF INDIA Conservative Hybrid Fund-Direct Plan-Annual IDCW,2015-09,0,upstream
119396,BANK OF INDIA Conservative Hybrid Fund-Direct Plan-Annual IDCW,2015-10,0,upstream
119396,BANK OF INDIA Conservative Hybrid Fund-Direct Plan-Annual IDCW,2015-11,0,upstream
119396,BANK OF INDIA Conservative Hybrid Fund-Direct Plan-Annual IDCW,2015-12,0,upstream
119396,BANK OF INDIA Conservative Hybrid Fund-Direct Plan-Annual IDCW,2016-01,0,upstream
119396,BANK OF INDIA Conservative Hybrid Fund-Direct Plan-Annual IDCW,2016-02,0,upstream
119396,BANK OF INDIA Conservative Hybrid Fund-Direct Plan-Annual IDCW,2016-03,0,upstream
119396,BANK OF INDIA Conservative Hybrid Fund-Direct Plan-Annual IDCW,2016-04,0,upstream
119396,BANK OF INDIA Conservative Hybrid Fund-Direct Plan-Annual IDCW,2016-05,0,upstream
119396,BANK OF INDIA Conservative Hybrid Fund-Direct Plan-Annual IDCW,2016-06,0,upstream
119396,BANK OF INDIA Conservative Hybrid Fund-Direct Plan-Annual IDCW,2016-07,0,upstream
119396,BANK OF INDIA Conservative Hybrid Fund-Direct Plan-Annual IDCW,2016-08,0,upstream
119396,BANK OF INDIA Conservative Hybrid Fund-Direct Plan-Annual IDCW,2016-09,0,upstream
119630,Sundaram Corporate Bond Fund Direct Plan-Income Distribution cum Capital Withdrawal(IDCW),2013-08,0,upstream
119630,Sundaram Corporate Bond Fund Direct Plan-Income Distribution cum Capital Withdrawal(IDCW),2014-08,0,upstream
119630,Sundaram Corporate Bond Fund Direct Plan-Income Distribution cum Capital Withdrawal(IDCW),2014-09,0,upstream
119630,Sundaram Corporate Bond Fund Direct Plan-Income Distribution cum Capital Withdrawal(IDCW),2014-10,0,upstream
119630,Sundaram Corporate Bond Fund Direct Plan-Income Distribution cum Capital Withdrawal(IDCW),2014-11,0,upstream
119630,Sundaram Corporate Bond Fund Direct Plan-Income Distribution cum Capital Withdrawal(IDCW),2014-12,0,upstream
119630,Sundaram Corporate Bond Fund Direct Plan-Income Distribution cum Capital Withdrawal(IDCW),2015-01,0,upstream
119630,Sundaram Corporate Bond Fund Direct Plan-Income Distribution cum Capital Withdrawal(IDCW),2015-02,0,upstream
119630,Sundaram Corporate Bond Fund Direct Plan-Income Distribution cum Capital Withdrawal(IDCW),2015-03,0,upstream
119630,Sundaram Corporate Bond Fund Direct Plan-Income Distribution cum Capital Withdrawal(IDCW),2015-04,0,upstream
119630,Sundaram Corporate Bond Fund Direct Plan-Income Distribution cum Capital Withdrawal(IDCW),2015-05,0,upstream
119630,Sundaram Corporate Bond Fund Direct Plan-Income Distribution cum Capital Withdrawal(IDCW),2015-06,0,upstream
119630,Sundaram Corporate Bond Fund Direct Plan-Income Distribution cum Capital Withdrawal(IDCW),2015-07,0,upstream
119630,Sundaram Corporate Bond Fund Direct Plan-Income Distribution cum Capital Withdrawal(IDCW),2015-08,0,upstream
119630,Sundaram Corporate Bond Fund Direct Plan-Income Distribution cum Capital Withdrawal(IDCW),2015-09,0,upstream
119630,Sundaram Corporate Bond Fund Direct Plan-Income Distribution cum Capital Withdrawal(IDCW),2015-10,0,upstream
119630,Sundaram Corporate Bond Fund Direct Plan-Income Distribution cum Capital Withdrawal(IDCW),2015-11,0,upstream
119630,Sundaram Corporate Bond Fund Direct Plan-Income Distribution cum Capital Withdrawal(IDCW),2015-12,0,upstream
119630,Sundaram Corporate Bond Fund Direct Plan-Income Distribution cum Capital Withdrawal(IDCW),2016-01,0,upstream
119630,Sundaram Corporate Bond Fund Direct Plan-Income Distribution cum Capital Withdrawal(IDCW),2016-02,0,upstream
119630,Sundaram Corporate Bond Fund Direct Plan-Income Distribution cum Capital Withdrawal(IDCW),2016-03,0,upstream
119630,Sundaram Corporate Bond Fund Direct Plan-Income Distribution cum Capital Withdrawal(IDCW),2016-04,0,upstream
119630,Sundaram Corporate Bond Fund Direct Plan-Income Distribution cum Capital Withdrawal(IDCW),2016-05,0,upstream
119630,Sundaram Corporate Bond Fund Direct Plan-Income Distribution cum Capital Withdrawal(IDCW),2016-06,0,upstream
119747,Kotak Money Market Fund - (Monthly Payout of Income Distribution cum capital withdrawal option) - Direct,2013-07,0,upstream
119950,Tata Short Term Bond Fund Direct Plan - Monthly Payout of IDCW Option,2013-03,0,upstream
119958,Tata Equity Savings Fund-Direct Plan - Monthly Payout of IDCW Option,2013-03,0,upstream
119958,Tata Equity Savings Fund-Direct Plan - Monthly Payout of IDCW Option,2013-06,0,upstream
119958,Tata Equity Savings Fund-Direct Plan - Monthly Payout of IDCW Option,2013-07,0,upstream
119958,Tata Equity Savings Fund-Direct Plan - Monthly Payout of IDCW Option,2013-08,0,upstream
119958,Tata Equity Savings Fund-Direct Plan - Monthly Payout of IDCW Option,2013-09,0,upstream
119958,Tata Equity Savings Fund-Direct Plan - Monthly Payout of IDCW Option,2013-11,0,upstream
119958,Tata Equity Savings Fund-Direct Plan - Monthly Payout of IDCW Option,2013-12,0,upstream
119958,Tata Equity Savings Fund-Direct Plan - Monthly Payout of IDCW Option,2014-01,0,upstream
119958,Tata Equity Savings Fund-Direct Plan - Monthly Payout of IDCW Option,2014-02,0,upstream
119958,Tata Equity Savings Fund-Direct Plan - Monthly Payout of IDCW Option,2014-03,0,upstream
119958,Tata Equity Savings Fund-Direct Plan - Monthly Payout of IDCW Option,2014-04,0,upstream
119958,Tata Equity Savings Fund-Direct Plan - Monthly Payout of IDCW Option,2014-05,0,upstream
119959,Tata Equity Savings Fund-Direct Plan - Periodic Payout of IDCWS Option,2013-03,0,upstream
120039,HSBC Liquid Fund - Direct Monthly IDCW,2013-08,0,upstream
120086,PGIM India Dynamic Bond Fund - Direct Plan-Quarterly Dividend Option,2013-11,0,upstream
120086,PGIM India Dynamic Bond Fund - Direct Plan-Quarterly Dividend Option,2013-12,0,upstream
120086,PGIM India Dynamic Bond Fund - Direct Plan-Quarterly Dividend Option,2014-01,0,upstream
120086,PGIM India Dynamic Bond Fund - Direct Plan-Quarterly Dividend Option,2014-02,0,upstream
120086,PGIM India Dynamic Bond Fund - Direct Plan-Quarterly Dividend Option,2014-03,0,upstream
120086,PGIM India Dynamic Bond Fund - Direct Plan-Quarterly Dividend Option,2014-04,0,upstream
120086,PGIM India Dynamic Bond Fund - Direct Plan-Quarterly Dividend Option,2014-05,0,upstream
120086,PGIM India Dynamic Bond Fund - Direct Plan-Quarterly Dividend Option,2014-06,0,upstream
120086,PGIM India Dynamic Bond Fund - Direct Plan-Quarterly Dividend Option,2014-07,0,upstream
120086,PGIM India Dynamic Bond Fund - Direct Plan-Quarterly Dividend Option,2014-08,0,upstream
120086,PGIM India Dynamic Bond Fund - Direct Plan-Quarterly Dividend Option,2014-09,0,upstream
120086,PGIM India Dynamic Bond Fund - Direct Plan-Quarterly Dividend Option,2014-10,0,upstream
120086,PGIM India Dynamic Bond Fund - Direct Plan-Quarterly Dividend Option,2014-11,0,upstream
120086,PGIM India Dynamic Bond Fund - Direct Plan-Quarterly Dividend Option,2014-12,0,upstream
120086,PGIM India Dynamic Bond Fund - Direct Plan-Quarterly Dividend Option,2015-01,0,upstream
120086,PGIM India Dynamic Bond Fund - Direct Plan-Quarterly Dividend Option,2015-02,0,upstream
120086,PGIM India Dynamic Bond Fund - Direct Plan-Quarterly Dividend Option,2015-03,0,upstream
120086,PGIM India Dynamic Bond Fund - Direct Plan-Quarterly Dividend Option,2015-04,0,upstream
120086,PGIM India Dynamic Bond Fund - Direct Plan-Quarterly Dividend Option,2015-05,0,upstream
120086,PGIM India Dynamic Bond Fund - Direct Plan-Quarterly Dividend Option,2015-06,0,upstream
120086,PGIM India Dynamic Bond Fund - Direct Plan-Quarterly Dividend Option,2015-07,0,upstream
120086,PGIM India Dynamic Bond Fund - Direct Plan-Quarterly Dividend Option,2015-08,0,upstream
120191,ICICI Prudential Liquid Fund - Direct Plan -  IDCW Others,2014-06,0,upstream
120191,ICICI Prudential Liquid Fund - Direct Plan -  IDCW Others,2014-07,0,upstream
120191,ICICI Prudential Liquid Fund - Direct Plan -  IDCW Others,2014-08,0,upstream
120191,ICICI Prudential Liquid Fund - Direct Plan -  IDCW Others,2014-09,0,upstream
120191,ICICI Prudential Liquid Fund - Direct Plan -  IDCW Others,2014-10,0,upstream
120191,ICICI Prudential Liquid Fund - Direct Plan -  IDCW Others,2014-11,0,upstream
120191,ICICI Prudential Liquid Fund - Direct Plan -  IDCW Others,2014-12,0,upstream
120191,ICICI Prudential Liquid Fund - Direct Plan -  IDCW Others,2015-01,0,upstream
120191,ICICI Prudential Liquid Fund - Direct Plan -  IDCW Others,2015-02,0,upstream
120216,ICICI Prudential Money Market Fund Option - Direct Plan -  IDCW Others,2015-01,0,upstream
120216,ICICI Prudential Money Market Fund Option - Direct Plan -  IDCW Others,2015-03,0,upstream
120216,ICICI Prudential Money Market Fund Option - Direct Plan -  IDCW Others,2015-04,0,upstream
120216,ICICI Prudential Money Market Fund Option - Direct Plan -  IDCW Others,2015-05,0,upstream
120216,ICICI Prudential Money Market Fund Option - Direct Plan -  IDCW Others,2015-06,0,upstream
120274,LIC MF Conservative Hybrid Fund-Direct Plan-Quarterly IDCW,2014-05,0,upstream
120274,LIC MF Conservative Hybrid Fund-Direct Plan-Quarterly IDCW,2014-06,0,upstream
120274,LIC MF Conservative Hybrid Fund-Direct Plan-Quarterly IDCW,2014-07,0,upstream
120274,LIC MF Conservative Hybrid Fund-Direct Plan-Quarterly IDCW,2014-08,0,upstream
120274,LIC MF Conservative Hybrid Fund-Direct Plan-Quarterly IDCW,2014-09,0,upstream
120274,LIC MF Conservative Hybrid Fund-Direct Plan-Quarterly IDCW,2015-01,0,upstream
120274,LIC MF Conservative Hybrid Fund-Direct Plan-Quarterly IDCW,2015-02,0,upstream
120274,LIC MF Conservative Hybrid Fund-Direct Plan-Quarterly IDCW,2015-03,0,upstream
120339,LIC MF Banking & PSU Fund-Direct Plan-Monthly IDCW,2014-08,0,upstream
120339,LIC MF Banking & PSU Fund-Direct Plan-Monthly IDCW,2014-09,0,upstream
120339,LIC MF Banking & PSU Fund-Direct Plan-Monthly IDCW,2014-10,0,upstream
120339,LIC MF Banking & PSU Fund-Direct Plan-Monthly IDCW,2014-11,0,upstream
120339,LIC MF Banking & PSU Fund-Direct Plan-Monthly IDCW,2014-12,0,upstream
120339,LIC MF Banking & PSU Fund-Direct Plan-Monthly IDCW,2015-01,0,upstream
120339,LIC MF Banking & PSU Fund-Direct Plan-Monthly IDCW,2015-02,0,upstream
120339,LIC MF Banking & PSU Fund-Direct Plan-Monthly IDCW,2015-03,0,upstream
120339,LIC MF Banking & PSU Fund-Direct Plan-Monthly IDCW,2015-04,0,upstream
120339,LIC MF Banking & PSU Fund-Direct Plan-Monthly IDCW,2015-05,0,upstream
120339,LIC MF Banking & PSU Fund-Direct Plan-Monthly IDCW,2015-06,0,upstream
120339,LIC MF Banking & PSU Fund-Direct Plan-Monthly IDCW,2015-08,0,upstream
120339,LIC MF Banking & PSU Fund-Direct Plan-Monthly IDCW,2015-09,0,upstream
120339,LIC MF Banking & PSU Fund-Direct Plan-Monthly IDCW,2015-10,0,upstream
120339,LIC MF Banking & PSU Fund-Direct Plan-Monthly IDCW,2015-11,0,upstream
120339,LIC MF Banking & PSU Fund-Direct Plan-Monthly IDCW,2015-12,0,upstream
120339,LIC MF Banking & PSU Fund-Direct Plan-Monthly IDCW,2016-01,0,upstream
120339,LIC MF Banking & PSU Fund-Direct Plan-Monthly IDCW,2016-02,0,upstream
120339,LIC MF Banking & PSU Fund-Direct Plan-Monthly IDCW,2016-03,0,upstream
120339,LIC MF Banking & PSU Fund-Direct Plan-Monthly IDCW,2016-04,0,upstream
120339,LIC MF Banking & PSU Fund-Direct Plan-Monthly IDCW,2016-05,0,upstream
120339,LIC MF Banking & PSU Fund-Direct Plan-Monthly IDCW,2016-06,0,upstream
120339,LIC MF Banking & PSU Fund-Direct Plan-Monthly IDCW,2016-07,0,upstream
120339,LIC MF Banking & PSU Fund-Direct Plan-Monthly IDCW,2016-08,0,upstream
120339,LIC MF Banking & PSU Fund-Direct Plan-Monthly IDCW,2016-09,0,upstream
120339,LIC MF Banking & PSU Fund-Direct Plan-Monthly IDCW,2016-10,0,upstream
120339,LIC MF Banking & PSU Fund-Direct Plan-Monthly IDCW,2016-11,0,upstream
120339,LIC MF Banking & PSU Fund-Direct Plan-Monthly IDCW,2016-12,0,upstream
120339,LIC MF Banking & PSU Fund-Direct Plan-Monthly IDCW,2017-01,0,upstream
120339,LIC MF Banking & PSU Fund-Direct Plan-Monthly IDCW,2017-02,0,upstream
120339,LIC MF Banking & PSU Fund-Direct Plan-Monthly IDCW,2017-03,0,upstream
120339,LIC MF Banking & PSU Fund-Direct Plan-Monthly IDCW,2017-04,0,upstream
120426,ICICI Prudential Floating Interest Fund - Direct Plan - IDCW Others,2016-02,0,upstream
120426,ICICI Prudential Floating Interest Fund - Direct Plan - IDCW Others,2016-04,0,upstream
120426,ICICI Prudential Floating Interest Fund - Direct Plan - IDCW Others,2017-01,0,upstream
120426,ICICI Prudential Floating Interest Fund - Direct Plan - IDCW Others,2017-02,0,upstream
120436,Axis Banking & PSU Debt Fund - Direct Plan - Weekly IDCW,2013-05,0,upstream
120436,Axis Banking & PSU Debt Fund - Direct Plan - Weekly IDCW,2013-06,0,upstream
120436,Axis Banking & PSU Debt Fund - Direct Plan - Weekly IDCW,2013-07,0,upstream
120436,Axis Banking & PSU Debt Fund - Direct Plan - Weekly IDCW,2014-01,0,upstream
120436,Axis Banking & PSU Debt Fund - Direct Plan - Weekly IDCW,2015-01,0,upstream
120443,Invesco India Banking and PSU Fund - Direct Plan - Daily IDCW (Reinvestment),2016-01,0,upstream
120443,Invesco India Banking and PSU Fund - Direct Plan - Daily IDCW (Reinvestment),2016-02,0,upstream
120443,Invesco India Banking and PSU Fund - Direct Plan - Daily IDCW (Reinvestment),2017-04,0,upstream
120443,Invesco India Banking and PSU Fund - Direct Plan - Daily IDCW (Reinvestment),2017-05,0,upstream
120443,Invesco India Banking and PSU Fund - Direct Plan - Daily IDCW (Reinvestment),2017-06,0,upstream
120443,Invesco India Banking and PSU Fund - Direct Plan - Daily IDCW (Reinvestment),2017-07,0,upstream
120443,Invesco India Banking and PSU Fund - Direct Plan - Daily IDCW (Reinvestment),2017-08,0,upstream
120443,Invesco India Banking and PSU Fund - Direct Plan - Daily IDCW (Reinvestment),2017-10,0,upstream
120443,Invesco India Banking and PSU Fund - Direct Plan - Daily IDCW (Reinvestment),2017-11,0,upstream
120443,Invesco India Banking and PSU Fund - Direct Plan - Daily IDCW (Reinvestment),2017-12,0,upstream
120443,Invesco India Banking and PSU Fund - Direct Plan - Daily IDCW (Reinvestment),2018-01,0,upstream
120443,Invesco India Banking and PSU Fund - Direct Plan - Daily IDCW (Reinvestment),2018-02,0,upstream
120443,Invesco India Banking and PSU Fund - Direct Plan - Daily IDCW (Reinvestment),2018-03,0,upstream
120443,Invesco India Banking and PSU Fund - Direct Plan - Daily IDCW (Reinvestment),2018-04,0,upstream
120443,Invesco India Banking and PSU Fund - Direct Plan - Daily IDCW (Reinvestment),2018-05,0,upstream
120443,Invesco India Banking and PSU Fund - Direct Plan - Daily IDCW (Reinvestment),2018-06,0,upstream
120443,Invesco India Banking and PSU Fund - Direct Plan - Daily IDCW (Reinvestment),2018-07,0,upstream
120443,Invesco India Banking and PSU Fund - Direct Plan - Daily IDCW (Reinvestment),2018-08,0,upstream
120443,Invesco India Banking and PSU Fund - Direct Plan - Daily IDCW (Reinvestment),2018-09,0,upstream
120443,Invesco India Banking and PSU Fund - Direct Plan - Daily IDCW (Reinvestment),2018-10,0,upstream
120443,Invesco India Banking and PSU Fund - Direct Plan - Daily IDCW (Reinvestment),2018-11,0,upstream
120443,Invesco India Banking and PSU Fund - Direct Plan - Daily IDCW (Reinvestment),2018-12,0,upstream
120443,Invesco India Banking and PSU Fund - Direct Plan - Daily IDCW (Reinvestment),2019-01,0,upstream
120448,Axis Gilt Fund - Direct Plan - Half Yearly IDCW,2016-06,0,upstream
120448,Axis Gilt Fund - Direct Plan - Half Yearly IDCW,2016-07,0,upstream
120448,Axis Gilt Fund - Direct Plan - Half Yearly IDCW,2016-09,0,upstream
120448,Axis Gilt Fund - Direct Plan - Half Yearly IDCW,2016-10,0,upstream
120448,Axis Gilt Fund - Direct Plan - Half Yearly IDCW,2016-11,0,upstream
120448,Axis Gilt Fund - Direct Plan - Half Yearly IDCW,2016-12,0,upstream
120448,Axis Gilt Fund - Direct Plan - Half Yearly IDCW,2017-01,0,upstream
120448,Axis Gilt Fund - Direct Plan - Half Yearly IDCW,2017-02,0,upstream
120448,Axis Gilt Fund - Direct Plan - Half Yearly IDCW,2017-03,0,upstream
120448,Axis Gilt Fund - Direct Plan - Half Yearly IDCW,2017-04,0,upstream
120448,Axis Gilt Fund - Direct Plan - Half Yearly IDCW,2017-05,0,upstream
120448,Axis Gilt Fund - Direct Plan - Half Yearly IDCW,2017-06,0,upstream
120448,Axis Gilt Fund - Direct Plan - Half Yearly IDCW,2017-07,0,upstream
120448,Axis Gilt Fund - Direct Plan - Half Yearly IDCW,2017-08,0,upstream
120448,Axis Gilt Fund - Direct Plan - Half Yearly IDCW,2017-09,0,upstream
120448,Axis Gilt Fund - Direct Plan - Half Yearly IDCW,2017-10,0,upstream
120448,Axis Gilt Fund - Direct Plan - Half Yearly IDCW,2017-11,0,upstream
120448,Axis Gilt Fund - Direct Plan - Half Yearly IDCW,2017-12,0,upstream
120448,Axis Gilt Fund - Direct Plan - Half Yearly IDCW,2018-01,0,upstream
120448,Axis Gilt Fund - Direct Plan - Half Yearly IDCW,2018-02,0,upstream
120448,Axis Gilt Fund - Direct Plan - Half Yearly IDCW,2018-03,0,upstream
120448,Axis Gilt Fund - Direct Plan - Half Yearly IDCW,2018-04,0,upstream
120448,Axis Gilt Fund - Direct Plan - Half Yearly IDCW,2018-05,0,upstream
120448,Axis Gilt Fund - Direct Plan - Half Yearly IDCW,2018-06,0,upstream
120448,Axis Gilt Fund - Direct Plan - Half Yearly IDCW,2018-07,0,upstream
120448,Axis Gilt Fund - Direct Plan - Half Yearly IDCW,2018-08,0,upstream
120448,Axis Gilt Fund - Direct Plan - Half Yearly IDCW,2018-09,0,upstream
120448,Axis Gilt Fund - Direct Plan - Half Yearly IDCW,2018-10,0,upstream
120477,Axis Conservative Hybrid Fund - Direct Plan - Annual IDCW,2014-01,0,upstream
120477,Axis Conservative Hybrid Fund - Direct Plan - Annual IDCW,2014-02,0,upstream
120477,Axis Conservative Hybrid Fund - Direct Plan - Annual IDCW,2014-03,0,upstream
120499,Invesco India Corporate Bond Fund - Direct Plan - Discretionary IDCW (Payout / Reinvestment),2017-04,0,upstream
120499,Invesco India Corporate Bond Fund - Direct Plan - Discretionary IDCW (Payout / Reinvestment),2017-05,0,upstream
120499,Invesco India Corporate Bond Fund - Direct Plan - Discretionary IDCW (Payout / Reinvestment),2017-06,0,upstream
120499,Invesco India Corporate Bond Fund - Direct Plan - Discretionary IDCW (Payout / Reinvestment),2017-07,0,upstream
120499,Invesco India Corporate Bond Fund - Direct Plan - Discretionary IDCW (Payout / Reinvestment),2017-08,0,upstream
120499,Invesco India Corporate Bond Fund - Direct Plan - Discretionary IDCW (Payout / Reinvestment),2017-09,0,upstream
120499,Invesco India Corporate Bond Fund - Direct Plan - Discretionary IDCW (Payout / Reinvestment),2017-10,0,upstream
120499,Invesco India Corporate Bond Fund - Direct Plan - Discretionary IDCW (Payout / Reinvestment),2017-11,0,upstream
120499,Invesco India Corporate Bond Fund - Direct Plan - Discretionary IDCW (Payout / Reinvestment),2017-12,0,upstream
120499,Invesco India Corporate Bond Fund - Direct Plan - Discretionary IDCW (Payout / Reinvestment),2018-01,0,upstream
120500,Invesco India Corporate Bond Fund - Direct Plan - Annual IDCW (Payout / Reinvestment),2017-04,0,upstream
120500,Invesco India Corporate Bond Fund - Direct Plan - Annual IDCW (Payout / Reinvestment),2017-05,0,upstream
120500,Invesco India Corporate Bond Fund - Direct Plan - Annual IDCW (Payout / Reinvestment),2017-06,0,upstream
120500,Invesco India Corporate Bond Fund - Direct Plan - Annual IDCW (Payout / Reinvestment),2017-07,0,upstream
120500,Invesco India Corporate Bond Fund - Direct Plan - Annual IDCW (Payout / Reinvestment),2017-08,0,upstream
120500,Invesco India Corporate Bond Fund - Direct Plan - Annual IDCW (Payout / Reinvestment),2017-09,0,upstream
120500,Invesco India Corporate Bond Fund - Direct Plan - Annual IDCW (Payout / Reinvestment),2017-10,0,upstream
120500,Invesco India Corporate Bond Fund - Direct Plan - Annual IDCW (Payout / Reinvestment),2017-11,0,upstream
120500,Invesco India Corporate Bond Fund - Direct Plan - Annual IDCW (Payout / Reinvestment),2017-12,0,upstream
120500,Invesco India Corporate Bond Fund - Direct Plan - Annual IDCW (Payout / Reinvestment),2018-01,0,upstream
120500,Invesco India Corporate Bond Fund - Direct Plan - Annual IDCW (Payout / Reinvestment),2018-02,0,upstream
120500,Invesco India Corporate Bond Fund - Direct Plan - Annual IDCW (Payout / Reinvestment),2018-03,0,upstream
120500,Invesco India Corporate Bond Fund - Direct Plan - Annual IDCW (Payout / Reinvestment),2018-04,0,upstream
120500,Invesco India Corporate Bond Fund - Direct Plan - Annual IDCW (Payout / Reinvestment),2018-05,0,upstream
120500,Invesco India Corporate Bond Fund - Direct Plan - Annual IDCW (Payout / Reinvestment),2018-06,0,upstream
120500,Invesco India Corporate Bond Fund - Direct Plan - Annual IDCW (Payout / Reinvestment),2018-07,0,upstream
120519,Invesco India Gilt Fund - Direct Plan - Annual IDCW (Payout / Reinvestment),2018-07,0,upstream
120519,Invesco India Gilt Fund - Direct Plan - Annual IDCW (Payout / Reinvestment),2018-08,0,upstream
120519,Invesco India Gilt Fund - Direct Plan - Annual IDCW (Payout / Reinvestment),2018-09,0,upstream
120519,Invesco India Gilt Fund - Direct Plan - Annual IDCW (Payout / Reinvestment),2018-10,0,upstream
120519,Invesco India Gilt Fund - Direct Plan - Annual IDCW (Payout / Reinvestment),2018-11,0,upstream
120519,Invesco India Gilt Fund - Direct Plan - Annual IDCW (Payout / Reinvestment),2018-12,0,upstream
120519,Invesco India Gilt Fund - Direct Plan - Annual IDCW (Payout / Reinvestment),2019-01,0,upstream
120519,Invesco India Gilt Fund - Direct Plan - Annual IDCW (Payout / Reinvestment),2019-02,0,upstream
120519,Invesco India Gilt Fund - Direct Plan - Annual IDCW (Payout / Reinvestment),2019-03,0,upstream
120519,Invesco India Gilt Fund - Direct Plan - Annual IDCW (Payout / Reinvestment),2019-04,0,upstream
120522,Invesco India Gilt Fund - Direct Plan - Quarterly IDCW (Payout / Reinvestment),2018-08,0,upstream
120522,Invesco India Gilt Fund - Direct Plan - Quarterly IDCW (Payout / Reinvestment),2018-09,0,upstream
120522,Invesco India Gilt Fund - Direct Plan - Quarterly IDCW (Payout / Reinvestment),2018-10,0,upstream
120522,Invesco India Gilt Fund - Direct Plan - Quarterly IDCW (Payout / Reinvestment),2018-11,0,upstream
120522,Invesco India Gilt Fund - Direct Plan - Quarterly IDCW (Payout / Reinvestment),2018-12,0,upstream
120522,Invesco India Gilt Fund - Direct Plan - Quarterly IDCW (Payout / Reinvestment),2019-01,0,upstream
120522,Invesco India Gilt Fund - Direct Plan - Quarterly IDCW (Payout / Reinvestment),2019-02,0,upstream
120522,Invesco India Gilt Fund - Direct Plan - Quarterly IDCW (Payout / Reinvestment),2019-03,0,upstream
120522,Invesco India Gilt Fund - Direct Plan - Quarterly IDCW (Payout / Reinvestment),2019-04,0,upstream
120522,Invesco India Gilt Fund - Direct Plan - Quarterly IDCW (Payout / Reinvestment),2019-05,0,upstream
120561,Invesco India Short Duration Fund - Direct Plan - Monthly IDCW (Payout / Reinvestment),2014-11,0,upstream
120567,Invesco India Low Duration Fund - Direct Plan - Discretionary IDCW (Payout / Reinvestment),2017-04,0,upstream
120700,ICICI Prudential Aggressive Hybrid Active FOF - Direct Plan - Growth,2013-06,0,upstream
120700,ICICI Prudential Aggressive Hybrid Active FOF - Direct Plan - Growth,2013-07,0,upstream
120700,ICICI Prudential Aggressive Hybrid Active FOF - Direct Plan - Growth,2013-08,0,upstream
120700,ICICI Prudential Aggressive Hybrid Active FOF - Direct Plan - Growth,2013-09,0,upstream
120700,ICICI Prudential Aggressive Hybrid Active FOF - Direct Plan - Growth,2013-10,0,upstream
120700,ICICI Prudential Aggressive Hybrid Active FOF - Direct Plan - Growth,2013-11,0,upstream
120700,ICICI Prudential Aggressive Hybrid Active FOF - Direct Plan - Growth,2013-12,0,upstream
120700,ICICI Prudential Aggressive Hybrid Active FOF - Direct Plan - Growth,2014-01,0,upstream
120700,ICICI Prudential Aggressive Hybrid Active FOF - Direct Plan - Growth,2014-02,0,upstream
120700,ICICI Prudential Aggressive Hybrid Active FOF - Direct Plan - Growth,2014-03,0,upstream
120700,ICICI Prudential Aggressive Hybrid Active FOF - Direct Plan - Growth,2014-04,0,upstream
120700,ICICI Prudential Aggressive Hybrid Active FOF - Direct Plan - Growth,2014-05,0,upstream
120700,ICICI Prudential Aggressive Hybrid Active FOF - Direct Plan - Growth,2014-06,0,upstream
120700,ICICI Prudential Aggressive Hybrid Active FOF - Direct Plan - Growth,2014-07,0,upstream
120700,ICICI Prudential Aggressive Hybrid Active FOF - Direct Plan - Growth,2014-08,0,upstream
120700,ICICI Prudential Aggressive Hybrid Active FOF - Direct Plan - Growth,2014-09,0,upstream
120700,ICICI Prudential Aggressive Hybrid Active FOF - Direct Plan - Growth,2014-10,0,upstream
120700,ICICI Prudential Aggressive Hybrid Active FOF - Direct Plan - Growth,2014-11,0,upstream
120700,ICICI Prudential Aggressive Hybrid Active FOF - Direct Plan - Growth,2014-12,0,upstream
120700,ICICI Prudential Aggressive Hybrid Active FOF - Direct Plan - Growth,2015-01,0,upstream
120700,ICICI Prudential Aggressive Hybrid Active FOF - Direct Plan - Growth,2015-02,0,upstream
120700,ICICI Prudential Aggressive Hybrid Active FOF - Direct Plan - Growth,2015-03,0,upstream
120700,ICICI Prudential Aggressive Hybrid Active FOF - Direct Plan - Growth,2015-04,0,upstream
121366,ICICI Prudential Nifty 50 ETF,2014-07,0,upstream
121366,ICICI Prudential Nifty 50 ETF,2014-08,0,upstream
121366,ICICI Prudential Nifty 50 ETF,2014-09,0,upstream
121366,ICICI Prudential Nifty 50 ETF,2014-10,0,upstream
121366,ICICI Prudential Nifty 50 ETF,2014-11,0,upstream
121366,ICICI Prudential Nifty 50 ETF,2014-12,0,upstream
121366,ICICI Prudential Nifty 50 ETF,2015-01,0,upstream
121366,ICICI Prudential Nifty 50 ETF,2015-02,0,upstream
121366,ICICI Prudential Nifty 50 ETF,2015-03,0,upstream
121366,ICICI Prudential Nifty 50 ETF,2015-04,0,upstream
121366,ICICI Prudential Nifty 50 ETF,2015-05,0,upstream
121366,ICICI Prudential Nifty 50 ETF,2015-06,0,upstream
121366,ICICI Prudential Nifty 50 ETF,2015-07,0,upstream
121366,ICICI Prudential Nifty 50 ETF,2015-08,0,upstream
121366,ICICI Prudential Nifty 50 ETF,2015-09,0,upstream
121366,ICICI Prudential Nifty 50 ETF,2015-10,0,upstream
121366,ICICI Prudential Nifty 50 ETF,2015-11,0,upstream
121366,ICICI Prudential Nifty 50 ETF,2015-12,0,upstream
121366,ICICI Prudential Nifty 50 ETF,2016-01,0,upstream
121366,ICICI Prudential Nifty 50 ETF,2016-02,0,upstream
121366,ICICI Prudential Nifty 50 ETF,2016-03,0,upstream
121366,ICICI Prudential Nifty 50 ETF,2016-04,0,upstream
121366,ICICI Prudential Nifty 50 ETF,2016-05,0,upstream
121366,ICICI Prudential Nifty 50 ETF,2016-06,0,upstream
121366,ICICI Prudential Nifty 50 ETF,2016-07,0,upstream
121366,ICICI Prudential Nifty 50 ETF,2016-08,0,upstream
121366,ICICI Prudential Nifty 50 ETF,2016-09,0,upstream
121366,ICICI Prudential Nifty 50 ETF,2016-10,0,upstream
121366,ICICI Prudential Nifty 50 ETF,2016-11,0,upstream
121366,ICICI Prudential Nifty 50 ETF,2016-12,0,upstream
121366,ICICI Prudential Nifty 50 ETF,2017-01,0,upstream
121366,ICICI Prudential Nifty 50 ETF,2017-02,0,upstream
121366,ICICI Prudential Nifty 50 ETF,2017-03,0,upstream
121366,ICICI Prudential Nifty 50 ETF,2017-04,0,upstream
121366,ICICI Prudential Nifty 50 ETF,2017-05,0,upstream
121366,ICICI Prudential Nifty 50 ETF,2017-06,0,upstream
121366,ICICI Prudential Nifty 50 ETF,2017-07,0,upstream
121366,ICICI Prudential Nifty 50 ETF,2017-08,0,upstream
121366,ICICI Prudential Nifty 50 ETF,2017-09,0,upstream
121366,ICICI Prudential Nifty 50 ETF,2017-10,0,upstream
121366,ICICI Prudential Nifty 50 ETF,2017-11,0,upstream
121366,ICICI Prudential Nifty 50 ETF,2017-12,0,upstream
121366,ICICI Prudential Nifty 50 ETF,2018-01,0,upstream
121366,ICICI Prudential Nifty 50 ETF,2018-02,0,upstream
121366,ICICI Prudential Nifty 50 ETF,2018-03,0,upstream
121366,ICICI Prudential Nifty 50 ETF,2018-04,0,upstream
121366,ICICI Prudential Nifty 50 ETF,2018-05,0,upstream
121366,ICICI Prudential Nifty 50 ETF,2018-06,0,upstream
121933,Bandhan Banking and PSU Fund - Regular Annual IDCW,2017-10,0,upstream
121933,Bandhan Banking and PSU Fund - Regular Annual IDCW,2017-11,0,upstream
121933,Bandhan Banking and PSU Fund - Regular Annual IDCW,2017-12,0,upstream
121933,Bandhan Banking and PSU Fund - Regular Annual IDCW,2018-01,0,upstream
121933,Bandhan Banking and PSU Fund - Regular Annual IDCW,2018-02,0,upstream
121933,Bandhan Banking and PSU Fund - Regular Annual IDCW,2018-03,0,upstream
121933,Bandhan Banking and PSU Fund - Regular Annual IDCW,2018-04,0,upstream
122717,360 ONE Dynamic Bond Fund Direct Plan Quarterly Dividend,2016-05,0,upstream
122717,360 ONE Dynamic Bond Fund Direct Plan Quarterly Dividend,2016-06,0,upstream
122717,360 ONE Dynamic Bond Fund Direct Plan Quarterly Dividend,2016-07,0,upstream
122717,360 ONE Dynamic Bond Fund Direct Plan Quarterly Dividend,2016-08,0,upstream
122717,360 ONE Dynamic Bond Fund Direct Plan Quarterly Dividend,2016-09,0,upstream
122717,360 ONE Dynamic Bond Fund Direct Plan Quarterly Dividend,2016-10,0,upstream
122717,360 ONE Dynamic Bond Fund Direct Plan Quarterly Dividend,2016-11,0,upstream
122717,360 ONE Dynamic Bond Fund Direct Plan Quarterly Dividend,2016-12,0,upstream
122717,360 ONE Dynamic Bond Fund Direct Plan Quarterly Dividend,2017-01,0,upstream
122717,360 ONE Dynamic Bond Fund Direct Plan Quarterly Dividend,2017-02,0,upstream
122717,360 ONE Dynamic Bond Fund Direct Plan Quarterly Dividend,2017-03,0,upstream
122717,360 ONE Dynamic Bond Fund Direct Plan Quarterly Dividend,2017-04,0,upstream
122717,360 ONE Dynamic Bond Fund Direct Plan Quarterly Dividend,2017-05,0,upstream
122717,360 ONE Dynamic Bond Fund Direct Plan Quarterly Dividend,2017-06,0,upstream
122717,360 ONE Dynamic Bond Fund Direct Plan Quarterly Dividend,2017-07,0,upstream
122717,360 ONE Dynamic Bond Fund Direct Plan Quarterly Dividend,2020-07,0,upstream
122717,360 ONE Dynamic Bond Fund Direct Plan Quarterly Dividend,2020-08,0,upstream
122717,360 ONE Dynamic Bond Fund Direct Plan Quarterly Dividend,2020-09,0,upstream
122717,360 ONE Dynamic Bond Fund Direct Plan Quarterly Dividend,2020-10,0,upstream
122717,360 ONE Dynamic Bond Fund Direct Plan Quarterly Dividend,2020-11,0,upstream
122717,360 ONE Dynamic Bond Fund Direct Plan Quarterly Dividend,2020-12,0,upstream
122717,360 ONE Dynamic Bond Fund Direct Plan Quarterly Dividend,2021-01,0,upstream
122717,360 ONE Dynamic Bond Fund Direct Plan Quarterly Dividend,2021-02,0,upstream
122717,360 ONE Dynamic Bond Fund Direct Plan Quarterly Dividend,2021-03,0,upstream
122717,360 ONE Dynamic Bond Fund Direct Plan Quarterly Dividend,2021-04,0,upstream
122717,360 ONE Dynamic Bond Fund Direct Plan Quarterly Dividend,2021-05,0,upstream
122717,360 ONE Dynamic Bond Fund Direct Plan Quarterly Dividend,2021-06,0,upstream
122717,360 ONE Dynamic Bond Fund Direct Plan Quarterly Dividend,2021-07,0,upstream
122717,360 ONE Dynamic Bond Fund Direct Plan Quarterly Dividend,2021-08,0,upstream
122717,360 ONE Dynamic Bond Fund Direct Plan Quarterly Dividend,2021-09,0,upstream
122717,360 ONE Dynamic Bond Fund Direct Plan Quarterly Dividend,2021-10,0,upstream
122717,360 ONE Dynamic Bond Fund Direct Plan Quarterly Dividend,2021-11,0,upstream
123004,ICICI Prudential Nifty 100 ETF,2014-07,0,upstream
123004,ICICI Prudential Nifty 100 ETF,2014-08,0,upstream
123004,ICICI Prudential Nifty 100 ETF,2014-09,0,upstream
123004,ICICI Prudential Nifty 100 ETF,2014-10,0,upstream
123004,ICICI Prudential Nifty 100 ETF,2014-11,0,upstream
123004,ICICI Prudential Nifty 100 ETF,2014-12,0,upstream
123004,ICICI Prudential Nifty 100 ETF,2015-01,0,upstream
123004,ICICI Prudential Nifty 100 ETF,2015-02,0,upstream
123004,ICICI Prudential Nifty 100 ETF,2015-03,0,upstream
123004,ICICI Prudential Nifty 100 ETF,2015-04,0,upstream
123004,ICICI Prudential Nifty 100 ETF,2015-05,0,upstream
123004,ICICI Prudential Nifty 100 ETF,2015-06,0,upstream
123004,ICICI Prudential Nifty 100 ETF,2015-07,0,upstream
123004,ICICI Prudential Nifty 100 ETF,2015-08,0,upstream
123004,ICICI Prudential Nifty 100 ETF,2015-09,0,upstream
123004,ICICI Prudential Nifty 100 ETF,2015-10,0,upstream
123004,ICICI Prudential Nifty 100 ETF,2015-11,0,upstream
123004,ICICI Prudential Nifty 100 ETF,2015-12,0,upstream
123004,ICICI Prudential Nifty 100 ETF,2016-01,0,upstream
123004,ICICI Prudential Nifty 100 ETF,2016-02,0,upstream
123004,ICICI Prudential Nifty 100 ETF,2016-03,0,upstream
123004,ICICI Prudential Nifty 100 ETF,2016-04,0,upstream
123004,ICICI Prudential Nifty 100 ETF,2016-05,0,upstream
123004,ICICI Prudential Nifty 100 ETF,2016-06,0,upstream
123004,ICICI Prudential Nifty 100 ETF,2016-07,0,upstream
123004,ICICI Prudential Nifty 100 ETF,2016-08,0,upstream
123004,ICICI Prudential Nifty 100 ETF,2016-09,0,upstream
123004,ICICI Prudential Nifty 100 ETF,2016-10,0,upstream
123004,ICICI Prudential Nifty 100 ETF,2016-11,0,upstream
123004,ICICI Prudential Nifty 100 ETF,2016-12,0,upstream
123004,ICICI Prudential Nifty 100 ETF,2017-01,0,upstream
123004,ICICI Prudential Nifty 100 ETF,2017-02,0,upstream
123004,ICICI Prudential Nifty 100 ETF,2017-03,0,upstream
123004,ICICI Prudential Nifty 100 ETF,2017-04,0,upstream
123004,ICICI Prudential Nifty 100 ETF,2017-05,0,upstream
123004,ICICI Prudential Nifty 100 ETF,2017-06,0,upstream
123004,ICICI Prudential Nifty 100 ETF,2017-07,0,upstream
123004,ICICI Prudential Nifty 100 ETF,2017-08,0,upstream
123004,ICICI Prudential Nifty 100 ETF,2017-09,0,upstream
123004,ICICI Prudential Nifty 100 ETF,2017-10,0,upstream
123004,ICICI Prudential Nifty 100 ETF,2017-11,0,upstream
123004,ICICI Prudential Nifty 100 ETF,2017-12,0,upstream
123004,ICICI Prudential Nifty 100 ETF,2018-01,0,upstream
123004,ICICI Prudential Nifty 100 ETF,2018-02,0,upstream
123004,ICICI Prudential Nifty 100 ETF,2018-03,0,upstream
123004,ICICI Prudential Nifty 100 ETF,2018-04,0,upstream
123004,ICICI Prudential Nifty 100 ETF,2018-05,0,upstream
123004,ICICI Prudential Nifty 100 ETF,2018-06,0,upstream
123663,UTI Annual Interval Fund - I - Direct Plan - Dividend Option,2020-10,0,upstream
123663,UTI Annual Interval Fund - I - Direct Plan - Dividend Option,2020-11,0,upstream
123663,UTI Annual Interval Fund - I - Direct Plan - Dividend Option,2020-12,0,upstream
123663,UTI Annual Interval Fund - I - Direct Plan - Dividend Option,2021-01,0,upstream
123663,UTI Annual Interval Fund - I - Direct Plan - Dividend Option,2021-02,0,upstream
123663,UTI Annual Interval Fund - I - Direct Plan - Dividend Option,2021-03,0,upstream
123663,UTI Annual Interval Fund - I - Direct Plan - Dividend Option,2021-04,0,upstream
123663,UTI Annual Interval Fund - I - Direct Plan - Dividend Option,2021-05,0,upstream
123663,UTI Annual Interval Fund - I - Direct Plan - Dividend Option,2021-06,0,upstream
123663,UTI Annual Interval Fund - I - Direct Plan - Dividend Option,2021-07,0,upstream
123663,UTI Annual Interval Fund - I - Direct Plan - Dividend Option,2021-08,0,upstream
123663,UTI Annual Interval Fund - I - Direct Plan - Dividend Option,2021-09,0,upstream
123705,Groww Short Term Fund (formerly known as Indiabulls Short Term Fund)- Direct Plan- Weekly - Income Distribution cum capital withdrawal Option (Payout & Reinvestment),2014-04,0,upstream
123705,Groww Short Term Fund (formerly known as Indiabulls Short Term Fund)- Direct Plan- Weekly - Income Distribution cum capital withdrawal Option (Payout & Reinvestment),2014-05,0,upstream
123705,Groww Short Term Fund (formerly known as Indiabulls Short Term Fund)- Direct Plan- Weekly - Income Distribution cum capital withdrawal Option (Payout & Reinvestment),2014-09,0,upstream
123705,Groww Short Term Fund (formerly known as Indiabulls Short Term Fund)- Direct Plan- Weekly - Income Distribution cum capital withdrawal Option (Payout & Reinvestment),2014-10,0,upstream
123705,Groww Short Term Fund (formerly known as Indiabulls Short Term Fund)- Direct Plan- Weekly - Income Distribution cum capital withdrawal Option (Payout & Reinvestment),2014-11,0,upstream
123705,Groww Short Term Fund (formerly known as Indiabulls Short Term Fund)- Direct Plan- Weekly - Income Distribution cum capital withdrawal Option (Payout & Reinvestment),2014-12,0,upstream
123705,Groww Short Term Fund (formerly known as Indiabulls Short Term Fund)- Direct Plan- Weekly - Income Distribution cum capital withdrawal Option (Payout & Reinvestment),2015-01,0,upstream
123705,Groww Short Term Fund (formerly known as Indiabulls Short Term Fund)- Direct Plan- Weekly - Income Distribution cum capital withdrawal Option (Payout & Reinvestment),2015-02,0,upstream
123705,Groww Short Term Fund (formerly known as Indiabulls Short Term Fund)- Direct Plan- Weekly - Income Distribution cum capital withdrawal Option (Payout & Reinvestment),2015-03,0,upstream
123705,Groww Short Term Fund (formerly known as Indiabulls Short Term Fund)- Direct Plan- Weekly - Income Distribution cum capital withdrawal Option (Payout & Reinvestment),2015-04,0,upstream
123705,Groww Short Term Fund (formerly known as Indiabulls Short Term Fund)- Direct Plan- Weekly - Income Distribution cum capital withdrawal Option (Payout & Reinvestment),2015-05,0,upstream
123705,Groww Short Term Fund (formerly known as Indiabulls Short Term Fund)- Direct Plan- Weekly - Income Distribution cum capital withdrawal Option (Payout & Reinvestment),2015-06,0,upstream
123705,Groww Short Term Fund (formerly known as Indiabulls Short Term Fund)- Direct Plan- Weekly - Income Distribution cum capital withdrawal Option (Payout & Reinvestment),2015-07,0,upstream
123705,Groww Short Term Fund (formerly known as Indiabulls Short Term Fund)- Direct Plan- Weekly - Income Distribution cum capital withdrawal Option (Payout & Reinvestment),2015-08,0,upstream
123705,Groww Short Term Fund (formerly known as Indiabulls Short Term Fund)- Direct Plan- Weekly - Income Distribution cum capital withdrawal Option (Payout & Reinvestment),2015-09,0,upstream
123705,Groww Short Term Fund (formerly known as Indiabulls Short Term Fund)- Direct Plan- Weekly - Income Distribution cum capital withdrawal Option (Payout & Reinvestment),2015-10,0,upstream
123705,Groww Short Term Fund (formerly known as Indiabulls Short Term Fund)- Direct Plan- Weekly - Income Distribution cum capital withdrawal Option (Payout & Reinvestment),2015-11,0,upstream
123710,Groww Short Term Fund (formerly known as Indiabulls Short Term Fund)- Regular Plan- Fortnightly - Income Distribution cum capital withdrawal Option (Payout & Reinvestment),2016-07,0,upstream
123710,Groww Short Term Fund (formerly known as Indiabulls Short Term Fund)- Regular Plan- Fortnightly - Income Distribution cum capital withdrawal Option (Payout & Reinvestment),2016-08,0,upstream
123710,Groww Short Term Fund (formerly known as Indiabulls Short Term Fund)- Regular Plan- Fortnightly - Income Distribution cum capital withdrawal Option (Payout & Reinvestment),2016-09,0,upstream
123710,Groww Short Term Fund (formerly known as Indiabulls Short Term Fund)- Regular Plan- Fortnightly - Income Distribution cum capital withdrawal Option (Payout & Reinvestment),2016-10,0,upstream
123710,Groww Short Term Fund (formerly known as Indiabulls Short Term Fund)- Regular Plan- Fortnightly - Income Distribution cum capital withdrawal Option (Payout & Reinvestment),2016-11,0,upstream
123710,Groww Short Term Fund (formerly known as Indiabulls Short Term Fund)- Regular Plan- Fortnightly - Income Distribution cum capital withdrawal Option (Payout & Reinvestment),2016-12,0,upstream
123710,Groww Short Term Fund (formerly known as Indiabulls Short Term Fund)- Regular Plan- Fortnightly - Income Distribution cum capital withdrawal Option (Payout & Reinvestment),2017-01,0,upstream
123710,Groww Short Term Fund (formerly known as Indiabulls Short Term Fund)- Regular Plan- Fortnightly - Income Distribution cum capital withdrawal Option (Payout & Reinvestment),2017-02,0,upstream
123710,Groww Short Term Fund (formerly known as Indiabulls Short Term Fund)- Regular Plan- Fortnightly - Income Distribution cum capital withdrawal Option (Payout & Reinvestment),2017-03,0,upstream
123710,Groww Short Term Fund (formerly known as Indiabulls Short Term Fund)- Regular Plan- Fortnightly - Income Distribution cum capital withdrawal Option (Payout & Reinvestment),2017-04,0,upstream
123710,Groww Short Term Fund (formerly known as Indiabulls Short Term Fund)- Regular Plan- Fortnightly - Income Distribution cum capital withdrawal Option (Payout & Reinvestment),2017-05,0,upstream
123710,Groww Short Term Fund (formerly known as Indiabulls Short Term Fund)- Regular Plan- Fortnightly - Income Distribution cum capital withdrawal Option (Payout & Reinvestment),2017-06,0,upstream
123710,Groww Short Term Fund (formerly known as Indiabulls Short Term Fund)- Regular Plan- Fortnightly - Income Distribution cum capital withdrawal Option (Payout & Reinvestment),2017-07,0,upstream
123710,Groww Short Term Fund (formerly known as Indiabulls Short Term Fund)- Regular Plan- Fortnightly - Income Distribution cum capital withdrawal Option (Payout & Reinvestment),2017-08,0,upstream
123710,Groww Short Term Fund (formerly known as Indiabulls Short Term Fund)- Regular Plan- Fortnightly - Income Distribution cum capital withdrawal Option (Payout & Reinvestment),2017-09,0,upstream
123710,Groww Short Term Fund (formerly known as Indiabulls Short Term Fund)- Regular Plan- Fortnightly - Income Distribution cum capital withdrawal Option (Payout & Reinvestment),2017-10,0,upstream
123710,Groww Short Term Fund (formerly known as Indiabulls Short Term Fund)- Regular Plan- Fortnightly - Income Distribution cum capital withdrawal Option (Payout & Reinvestment),2018-01,0,upstream
123710,Groww Short Term Fund (formerly known as Indiabulls Short Term Fund)- Regular Plan- Fortnightly - Income Distribution cum capital withdrawal Option (Payout & Reinvestment),2018-02,0,upstream
123710,Groww Short Term Fund (formerly known as Indiabulls Short Term Fund)- Regular Plan- Fortnightly - Income Distribution cum capital withdrawal Option (Payout & Reinvestment),2018-03,0,upstream
124266,UTI Overnight Fund - Direct Plan - Daily IDCW,2014-04,0,upstream
124266,UTI Overnight Fund - Direct Plan - Daily IDCW,2014-05,0,upstream
124266,UTI Overnight Fund - Direct Plan - Daily IDCW,2014-06,0,upstream
124266,UTI Overnight Fund - Direct Plan - Daily IDCW,2014-07,0,upstream
124266,UTI Overnight Fund - Direct Plan - Daily IDCW,2014-08,0,upstream
124266,UTI Overnight Fund - Direct Plan - Daily IDCW,2014-09,0,upstream
124266,UTI Overnight Fund - Direct Plan - Daily IDCW,2014-10,0,upstream
124266,UTI Overnight Fund - Direct Plan - Daily IDCW,2014-11,0,upstream
124266,UTI Overnight Fund - Direct Plan - Daily IDCW,2014-12,0,upstream
124266,UTI Overnight Fund - Direct Plan - Daily IDCW,2015-01,0,upstream
124266,UTI Overnight Fund - Direct Plan - Daily IDCW,2015-02,0,upstream
124266,UTI Overnight Fund - Direct Plan - Daily IDCW,2015-03,0,upstream
124266,UTI Overnight Fund - Direct Plan - Daily IDCW,2015-04,0,upstream
124266,UTI Overnight Fund - Direct Plan - Daily IDCW,2015-05,0,upstream
124266,UTI Overnight Fund - Direct Plan - Daily IDCW,2015-06,0,upstream
124266,UTI Overnight Fund - Direct Plan - Daily IDCW,2015-07,0,upstream
124266,UTI Overnight Fund - Direct Plan - Daily IDCW,2015-08,0,upstream
124266,UTI Overnight Fund - Direct Plan - Daily IDCW,2015-09,0,upstream
124266,UTI Overnight Fund - Direct Plan - Daily IDCW,2015-10,0,upstream
124266,UTI Overnight Fund - Direct Plan - Daily IDCW,2015-11,0,upstream
124266,UTI Overnight Fund - Direct Plan - Daily IDCW,2015-12,0,upstream
124266,UTI Overnight Fund - Direct Plan - Daily IDCW,2016-01,0,upstream
124266,UTI Overnight Fund - Direct Plan - Daily IDCW,2016-02,0,upstream
124266,UTI Overnight Fund - Direct Plan - Daily IDCW,2016-03,0,upstream
124266,UTI Overnight Fund - Direct Plan - Daily IDCW,2016-04,0,upstream
124266,UTI Overnight Fund - Direct Plan - Daily IDCW,2016-05,0,upstream
124266,UTI Overnight Fund - Direct Plan - Daily IDCW,2016-06,0,upstream
124266,UTI Overnight Fund - Direct Plan - Daily IDCW,2016-07,0,upstream
124266,UTI Overnight Fund - Direct Plan - Daily IDCW,2016-08,0,upstream
124266,UTI Overnight Fund - Direct Plan - Daily IDCW,2016-09,0,upstream
124266,UTI Overnight Fund - Direct Plan - Daily IDCW,2016-10,0,upstream
124266,UTI Overnight Fund - Direct Plan - Daily IDCW,2016-11,0,upstream
124266,UTI Overnight Fund - Direct Plan - Daily IDCW,2016-12,0,upstream
124266,UTI Overnight Fund - Direct Plan - Daily IDCW,2017-01,0,upstream
124266,UTI Overnight Fund - Direct Plan - Daily IDCW,2017-02,0,upstream
124266,UTI Overnight Fund - Direct Plan - Daily IDCW,2017-03,0,upstream
124266,UTI Overnight Fund - Direct Plan - Daily IDCW,2017-04,0,upstream
124266,UTI Overnight Fund - Direct Plan - Daily IDCW,2017-05,0,upstream
124266,UTI Overnight Fund - Direct Plan - Daily IDCW,2017-06,0,upstream
124266,UTI Overnight Fund - Direct Plan - Daily IDCW,2017-07,0,upstream
124266,UTI Overnight Fund - Direct Plan - Daily IDCW,2017-08,0,upstream
124266,UTI Overnight Fund - Direct Plan - Daily IDCW,2017-09,0,upstream
124266,UTI Overnight Fund - Direct Plan - Daily IDCW,2017-10,0,upstream
124266,UTI Overnight Fund - Direct Plan - Daily IDCW,2017-11,0,upstream
124266,UTI Overnight Fund - Direct Plan - Daily IDCW,2017-12,0,upstream
124305,Motilal Oswal Ultra Short Term Fund Regular - IDCW Quarterly Payout/Reinvestment,2013-11,0,upstream
124305,Motilal Oswal Ultra Short Term Fund Regular - IDCW Quarterly Payout/Reinvestment,2014-01,0,upstream
124308,Motilal Oswal Ultra Short Term Fund Direct Plan - IDCW Monthly Payout/Reinvestment,2013-10,0,upstream
124308,Motilal Oswal Ultra Short Term Fund Direct Plan - IDCW Monthly Payout/Reinvestment,2013-11,0,upstream
124308,Motilal Oswal Ultra Short Term Fund Direct Plan - IDCW Monthly Payout/Reinvestment,2013-12,0,upstream
124308,Motilal Oswal Ultra Short Term Fund Direct Plan - IDCW Monthly Payout/Reinvestment,2014-01,0,upstream
124308,Motilal Oswal Ultra Short Term Fund Direct Plan - IDCW Monthly Payout/Reinvestment,2014-02,0,upstream
124308,Motilal Oswal Ultra Short Term Fund Direct Plan - IDCW Monthly Payout/Reinvestment,2014-03,0,upstream
124308,Motilal Oswal Ultra Short Term Fund Direct Plan - IDCW Monthly Payout/Reinvestment,2014-04,0,upstream
124308,Motilal Oswal Ultra Short Term Fund Direct Plan - IDCW Monthly Payout/Reinvestment,2014-05,0,upstream
124308,Motilal Oswal Ultra Short Term Fund Direct Plan - IDCW Monthly Payout/Reinvestment,2014-06,0,upstream
124308,Motilal Oswal Ultra Short Term Fund Direct Plan - IDCW Monthly Payout/Reinvestment,2014-07,0,upstream
124308,Motilal Oswal Ultra Short Term Fund Direct Plan - IDCW Monthly Payout/Reinvestment,2014-08,0,upstream
124308,Motilal Oswal Ultra Short Term Fund Direct Plan - IDCW Monthly Payout/Reinvestment,2014-09,0,upstream
124308,Motilal Oswal Ultra Short Term Fund Direct Plan - IDCW Monthly Payout/Reinvestment,2014-10,0,upstream
124308,Motilal Oswal Ultra Short Term Fund Direct Plan - IDCW Monthly Payout/Reinvestment,2014-11,0,upstream
124308,Motilal Oswal Ultra Short Term Fund Direct Plan - IDCW Monthly Payout/Reinvestment,2014-12,0,upstream
124308,Motilal Oswal Ultra Short Term Fund Direct Plan - IDCW Monthly Payout/Reinvestment,2015-01,0,upstream
124308,Motilal Oswal Ultra Short Term Fund Direct Plan - IDCW Monthly Payout/Reinvestment,2015-02,0,upstream
124308,Motilal Oswal Ultra Short Term Fund Direct Plan - IDCW Monthly Payout/Reinvestment,2015-03,0,upstream
124308,Motilal Oswal Ultra Short Term Fund Direct Plan - IDCW Monthly Payout/Reinvestment,2015-04,0,upstream
124311,Motilal Oswal Ultra Short Term Fund Direct - IDCW Fortnightly Reinvestment,2014-10,0,upstream
124311,Motilal Oswal Ultra Short Term Fund Direct - IDCW Fortnightly Reinvestment,2014-11,0,upstream
124311,Motilal Oswal Ultra Short Term Fund Direct - IDCW Fortnightly Reinvestment,2014-12,0,upstream
124311,Motilal Oswal Ultra Short Term Fund Direct - IDCW Fortnightly Reinvestment,2015-01,0,upstream
124311,Motilal Oswal Ultra Short Term Fund Direct - IDCW Fortnightly Reinvestment,2015-02,0,upstream
124311,Motilal Oswal Ultra Short Term Fund Direct - IDCW Fortnightly Reinvestment,2015-03,0,upstream
124311,Motilal Oswal Ultra Short Term Fund Direct - IDCW Fortnightly Reinvestment,2015-04,0,upstream
124311,Motilal Oswal Ultra Short Term Fund Direct - IDCW Fortnightly Reinvestment,2015-05,0,upstream
124311,Motilal Oswal Ultra Short Term Fund Direct - IDCW Fortnightly Reinvestment,2015-06,0,upstream
124311,Motilal Oswal Ultra Short Term Fund Direct - IDCW Fortnightly Reinvestment,2015-07,0,upstream
124312,Motilal Oswal Ultra Short Term Fund Direct - IDCW Quarterly Payout/Reinvestment,2014-10,0,upstream
124312,Motilal Oswal Ultra Short Term Fund Direct - IDCW Quarterly Payout/Reinvestment,2014-11,0,upstream
124312,Motilal Oswal Ultra Short Term Fund Direct - IDCW Quarterly Payout/Reinvestment,2014-12,0,upstream
124312,Motilal Oswal Ultra Short Term Fund Direct - IDCW Quarterly Payout/Reinvestment,2015-01,0,upstream
124312,Motilal Oswal Ultra Short Term Fund Direct - IDCW Quarterly Payout/Reinvestment,2015-02,0,upstream
124312,Motilal Oswal Ultra Short Term Fund Direct - IDCW Quarterly Payout/Reinvestment,2015-03,0,upstream
124312,Motilal Oswal Ultra Short Term Fund Direct - IDCW Quarterly Payout/Reinvestment,2015-04,0,upstream
124312,Motilal Oswal Ultra Short Term Fund Direct - IDCW Quarterly Payout/Reinvestment,2015-05,0,upstream
124312,Motilal Oswal Ultra Short Term Fund Direct - IDCW Quarterly Payout/Reinvestment,2015-06,0,upstream
125343,360 ONE LIQUID FUND DIRECT PLAN  WEEKLY DIVIDEND,2017-05,0,upstream
125343,360 ONE LIQUID FUND DIRECT PLAN  WEEKLY DIVIDEND,2017-06,0,upstream
125343,360 ONE LIQUID FUND DIRECT PLAN  WEEKLY DIVIDEND,2017-07,0,upstream
125343,360 ONE LIQUID FUND DIRECT PLAN  WEEKLY DIVIDEND,2017-08,0,upstream
125343,360 ONE LIQUID FUND DIRECT PLAN  WEEKLY DIVIDEND,2017-09,0,upstream
125343,360 ONE LIQUID FUND DIRECT PLAN  WEEKLY DIVIDEND,2017-10,0,upstream
125343,360 ONE LIQUID FUND DIRECT PLAN  WEEKLY DIVIDEND,2017-11,0,upstream
125343,360 ONE LIQUID FUND DIRECT PLAN  WEEKLY DIVIDEND,2017-12,0,upstream
125343,360 ONE LIQUID FUND DIRECT PLAN  WEEKLY DIVIDEND,2018-01,0,upstream
125343,360 ONE LIQUID FUND DIRECT PLAN  WEEKLY DIVIDEND,2018-02,0,upstream
125343,360 ONE LIQUID FUND DIRECT PLAN  WEEKLY DIVIDEND,2018-03,0,upstream
125349,360 ONE LIQUID FUND DIRECT PLAN  DAILY DIVIDEND REINVESTMENT,2014-01,0,upstream
125349,360 ONE LIQUID FUND DIRECT PLAN  DAILY DIVIDEND REINVESTMENT,2014-02,0,upstream
125349,360 ONE LIQUID FUND DIRECT PLAN  DAILY DIVIDEND REINVESTMENT,2014-05,0,upstream
125349,360 ONE LIQUID FUND DIRECT PLAN  DAILY DIVIDEND REINVESTMENT,2014-06,0,upstream
125349,360 ONE LIQUID FUND DIRECT PLAN  DAILY DIVIDEND REINVESTMENT,2014-07,0,upstream
125349,360 ONE LIQUID FUND DIRECT PLAN  DAILY DIVIDEND REINVESTMENT,2014-08,0,upstream
125349,360 ONE LIQUID FUND DIRECT PLAN  DAILY DIVIDEND REINVESTMENT,2014-09,0,upstream
125349,360 ONE LIQUID FUND DIRECT PLAN  DAILY DIVIDEND REINVESTMENT,2014-10,0,upstream
125349,360 ONE LIQUID FUND DIRECT PLAN  DAILY DIVIDEND REINVESTMENT,2014-11,0,upstream
125349,360 ONE LIQUID FUND DIRECT PLAN  DAILY DIVIDEND REINVESTMENT,2014-12,0,upstream
125349,360 ONE LIQUID FUND DIRECT PLAN  DAILY DIVIDEND REINVESTMENT,2015-01,0,upstream
125349,360 ONE LIQUID FUND DIRECT PLAN  DAILY DIVIDEND REINVESTMENT,2015-05,0,upstream
125349,360 ONE LIQUID FUND DIRECT PLAN  DAILY DIVIDEND REINVESTMENT,2015-06,0,upstream
125349,360 ONE LIQUID FUND DIRECT PLAN  DAILY DIVIDEND REINVESTMENT,2015-07,0,upstream
125349,360 ONE LIQUID FUND DIRECT PLAN  DAILY DIVIDEND REINVESTMENT,2015-08,0,upstream
125349,360 ONE LIQUID FUND DIRECT PLAN  DAILY DIVIDEND REINVESTMENT,2015-09,0,upstream
125349,360 ONE LIQUID FUND DIRECT PLAN  DAILY DIVIDEND REINVESTMENT,2015-10,0,upstream
125349,360 ONE LIQUID FUND DIRECT PLAN  DAILY DIVIDEND REINVESTMENT,2015-11,0,upstream
125349,360 ONE LIQUID FUND DIRECT PLAN  DAILY DIVIDEND REINVESTMENT,2015-12,0,upstream
125349,360 ONE LIQUID FUND DIRECT PLAN  DAILY DIVIDEND REINVESTMENT,2016-01,0,upstream
125349,360 ONE LIQUID FUND DIRECT PLAN  DAILY DIVIDEND REINVESTMENT,2016-02,0,upstream
125349,360 ONE LIQUID FUND DIRECT PLAN  DAILY DIVIDEND REINVESTMENT,2016-03,0,upstream
125349,360 ONE LIQUID FUND DIRECT PLAN  DAILY DIVIDEND REINVESTMENT,2016-04,0,upstream
125349,360 ONE LIQUID FUND DIRECT PLAN  DAILY DIVIDEND REINVESTMENT,2016-05,0,upstream
125349,360 ONE LIQUID FUND DIRECT PLAN  DAILY DIVIDEND REINVESTMENT,2016-06,0,upstream
125349,360 ONE LIQUID FUND DIRECT PLAN  DAILY DIVIDEND REINVESTMENT,2016-07,0,upstream
125349,360 ONE LIQUID FUND DIRECT PLAN  DAILY DIVIDEND REINVESTMENT,2016-08,0,upstream
129194,HSBC Multi Asset Active FOF Direct Plan IDCW,2015-07,0,upstream
129194,HSBC Multi Asset Active FOF Direct Plan IDCW,2015-08,0,upstream
129194,HSBC Multi Asset Active FOF Direct Plan IDCW,2015-09,0,upstream
129194,HSBC Multi Asset Active FOF Direct Plan IDCW,2015-10,0,upstream
129194,HSBC Multi Asset Active FOF Direct Plan IDCW,2015-11,0,upstream
129194,HSBC Multi Asset Active FOF Direct Plan IDCW,2015-12,0,upstream
129194,HSBC Multi Asset Active FOF Direct Plan IDCW,2016-01,0,upstream
129194,HSBC Multi Asset Active FOF Direct Plan IDCW,2016-02,0,upstream
129194,HSBC Multi Asset Active FOF Direct Plan IDCW,2016-03,0,upstream
129194,HSBC Multi Asset Active FOF Direct Plan IDCW,2016-04,0,upstream
129194,HSBC Multi Asset Active FOF Direct Plan IDCW,2016-05,0,upstream
129194,HSBC Multi Asset Active FOF Direct Plan IDCW,2016-06,0,upstream
129194,HSBC Multi Asset Active FOF Direct Plan IDCW,2016-07,0,upstream
129194,HSBC Multi Asset Active FOF Direct Plan IDCW,2016-08,0,upstream
129194,HSBC Multi Asset Active FOF Direct Plan IDCW,2016-09,0,upstream
129194,HSBC Multi Asset Active FOF Direct Plan IDCW,2016-10,0,upstream
129194,HSBC Multi Asset Active FOF Direct Plan IDCW,2016-11,0,upstream
129194,HSBC Multi Asset Active FOF Direct Plan IDCW,2016-12,0,upstream
129194,HSBC Multi Asset Active FOF Direct Plan IDCW,2017-01,0,upstream
129194,HSBC Multi Asset Active FOF Direct Plan IDCW,2017-02,0,upstream
129194,HSBC Multi Asset Active FOF Direct Plan IDCW,2017-03,0,upstream
129194,HSBC Multi Asset Active FOF Direct Plan IDCW,2017-04,0,upstream
129194,HSBC Multi Asset Active FOF Direct Plan IDCW,2017-05,0,upstream
129194,HSBC Multi Asset Active FOF Direct Plan IDCW,2017-06,0,upstream
129194,HSBC Multi Asset Active FOF Direct Plan IDCW,2017-07,0,upstream
129194,HSBC Multi Asset Active FOF Direct Plan IDCW,2017-08,0,upstream
129194,HSBC Multi Asset Active FOF Direct Plan IDCW,2017-09,0,upstream
129194,HSBC Multi Asset Active FOF Direct Plan IDCW,2017-10,0,upstream
129194,HSBC Multi Asset Active FOF Direct Plan IDCW,2017-11,0,upstream
129194,HSBC Multi Asset Active FOF Direct Plan IDCW,2019-11,0,upstream
129194,HSBC Multi Asset Active FOF Direct Plan IDCW,2019-12,0,upstream
129194,HSBC Multi Asset Active FOF Direct Plan IDCW,2020-01,0,upstream
129194,HSBC Multi Asset Active FOF Direct Plan IDCW,2020-02,0,upstream
129198,HSBC Income Plus Arbitrage Active FOF Direct Plan IDCW,2021-03,0,upstream
129198,HSBC Income Plus Arbitrage Active FOF Direct Plan IDCW,2021-04,0,upstream
129198,HSBC Income Plus Arbitrage Active FOF Direct Plan IDCW,2021-05,0,upstream
129198,HSBC Income Plus Arbitrage Active FOF Direct Plan IDCW,2021-06,0,upstream
129198,HSBC Income Plus Arbitrage Active FOF Direct Plan IDCW,2021-07,0,upstream
129198,HSBC Income Plus Arbitrage Active FOF Direct Plan IDCW,2021-08,0,upstream
129198,HSBC Income Plus Arbitrage Active FOF Direct Plan IDCW,2021-09,0,upstream
129198,HSBC Income Plus Arbitrage Active FOF Direct Plan IDCW,2021-10,0,upstream
129198,HSBC Income Plus Arbitrage Active FOF Direct Plan IDCW,2021-11,0,upstream
129198,HSBC Income Plus Arbitrage Active FOF Direct Plan IDCW,2021-12,0,upstream
129198,HSBC Income Plus Arbitrage Active FOF Direct Plan IDCW,2022-01,0,upstream
129198,HSBC Income Plus Arbitrage Active FOF Direct Plan IDCW,2022-02,0,upstream
129198,HSBC Income Plus Arbitrage Active FOF Direct Plan IDCW,2022-03,0,upstream
129198,HSBC Income Plus Arbitrage Active FOF Direct Plan IDCW,2022-04,0,upstream
129198,HSBC Income Plus Arbitrage Active FOF Direct Plan IDCW,2022-05,0,upstream
129198,HSBC Income Plus Arbitrage Active FOF Direct Plan IDCW,2022-06,0,upstream
129198,HSBC Income Plus Arbitrage Active FOF Direct Plan IDCW,2022-07,0,upstream
129198,HSBC Income Plus Arbitrage Active FOF Direct Plan IDCW,2022-08,0,upstream
129198,HSBC Income Plus Arbitrage Active FOF Direct Plan IDCW,2022-09,0,upstream
129198,HSBC Income Plus Arbitrage Active FOF Direct Plan IDCW,2022-10,0,upstream
129198,HSBC Income Plus Arbitrage Active FOF Direct Plan IDCW,2022-11,0,upstream
129198,HSBC Income Plus Arbitrage Active FOF Direct Plan IDCW,2022-12,0,upstream
129198,HSBC Income Plus Arbitrage Active FOF Direct Plan IDCW,2023-01,0,upstream
129198,HSBC Income Plus Arbitrage Active FOF Direct Plan IDCW,2023-02,0,upstream
129198,HSBC Income Plus Arbitrage Active FOF Direct Plan IDCW,2023-03,0,upstream
129198,HSBC Income Plus Arbitrage Active FOF Direct Plan IDCW,2023-04,0,upstream
129198,HSBC Income Plus Arbitrage Active FOF Direct Plan IDCW,2023-05,0,upstream
129198,HSBC Income Plus Arbitrage Active FOF Direct Plan IDCW,2023-06,0,upstream
129198,HSBC Income Plus Arbitrage Active FOF Direct Plan IDCW,2023-07,0,upstream
129198,HSBC Income Plus Arbitrage Active FOF Direct Plan IDCW,2023-08,0,upstream
129198,HSBC Income Plus Arbitrage Active FOF Direct Plan IDCW,2023-09,0,upstream
129198,HSBC Income Plus Arbitrage Active FOF Direct Plan IDCW,2023-10,0,upstream
129198,HSBC Income Plus Arbitrage Active FOF Direct Plan IDCW,2023-11,0,upstream
129198,HSBC Income Plus Arbitrage Active FOF Direct Plan IDCW,2023-12,0,upstream
129198,HSBC Income Plus Arbitrage Active FOF Direct Plan IDCW,2024-01,0,upstream
129198,HSBC Income Plus Arbitrage Active FOF Direct Plan IDCW,2024-02,0,upstream
129198,HSBC Income Plus Arbitrage Active FOF Direct Plan IDCW,2024-03,0,upstream
129198,HSBC Income Plus Arbitrage Active FOF Direct Plan IDCW,2024-04,0,upstream
130013,ICICI Prudential Money Market Fund Option - IDCW Others,2015-01,0,upstream
130013,ICICI Prudential Money Market Fund Option - IDCW Others,2015-02,0,upstream
130013,ICICI Prudential Money Market Fund Option - IDCW Others,2015-03,0,upstream
130013,ICICI Prudential Money Market Fund Option - IDCW Others,2015-04,0,upstream
130013,ICICI Prudential Money Market Fund Option - IDCW Others,2015-05,0,upstream
130725,Invesco India Credit Risk Fund - Direct Plan - Discretionary IDCW (Payout / Reinvestment),2019-04,0,upstream
131054,ICICI Prudential Constant Maturity Gilt Fund - Direct Plan - Quarterly IDCW,2016-01,0,upstream
131386,Bandhan Medium to Long Duration Fund - Direct Plan - Periodic IDCW,2016-12,0,upstream
131386,Bandhan Medium to Long Duration Fund - Direct Plan - Periodic IDCW,2017-01,0,upstream
131386,Bandhan Medium to Long Duration Fund - Direct Plan - Periodic IDCW,2017-02,0,upstream
131386,Bandhan Medium to Long Duration Fund - Direct Plan - Periodic IDCW,2017-03,0,upstream
131386,Bandhan Medium to Long Duration Fund - Direct Plan - Periodic IDCW,2017-04,0,upstream
131386,Bandhan Medium to Long Duration Fund - Direct Plan - Periodic IDCW,2017-05,0,upstream
131388,Bandhan Money Market Fund -Direct Plan-Periodic IDCW,2016-12,0,upstream
131388,Bandhan Money Market Fund -Direct Plan-Periodic IDCW,2017-01,0,upstream
131388,Bandhan Money Market Fund -Direct Plan-Periodic IDCW,2017-02,0,upstream
131388,Bandhan Money Market Fund -Direct Plan-Periodic IDCW,2017-03,0,upstream
131388,Bandhan Money Market Fund -Direct Plan-Periodic IDCW,2017-04,0,upstream
131388,Bandhan Money Market Fund -Direct Plan-Periodic IDCW,2017-05,0,upstream
131391,Bandhan Gilt Fund with 10 year constant duration Fund - Regular Plan - Periodic IDCW,2017-01,0,upstream
131394,Bandhan Gilt Fund - Direct Plan - Periodic IDCW,2016-12,0,upstream
131394,Bandhan Gilt Fund - Direct Plan - Periodic IDCW,2017-01,0,upstream
131394,Bandhan Gilt Fund - Direct Plan - Periodic IDCW,2017-02,0,upstream
131394,Bandhan Gilt Fund - Direct Plan - Periodic IDCW,2017-03,0,upstream
131394,Bandhan Gilt Fund - Direct Plan - Periodic IDCW,2017-04,0,upstream
131394,Bandhan Gilt Fund - Direct Plan - Periodic IDCW,2017-05,0,upstream
131394,Bandhan Gilt Fund - Direct Plan - Periodic IDCW,2017-06,0,upstream
131394,Bandhan Gilt Fund - Direct Plan - Periodic IDCW,2018-02,0,upstream
131394,Bandhan Gilt Fund - Direct Plan - Periodic IDCW,2018-03,0,upstream
131394,Bandhan Gilt Fund - Direct Plan - Periodic IDCW,2018-04,0,upstream
131395,Bandhan Gilt Fund - Regular Plan B - Periodic IDCW,2016-01,0,upstream
131395,Bandhan Gilt Fund - Regular Plan B - Periodic IDCW,2016-02,0,upstream
131395,Bandhan Gilt Fund - Regular Plan B - Periodic IDCW,2016-03,0,upstream
131395,Bandhan Gilt Fund - Regular Plan B - Periodic IDCW,2016-04,0,upstream
131395,Bandhan Gilt Fund - Regular Plan B - Periodic IDCW,2016-05,0,upstream
131395,Bandhan Gilt Fund - Regular Plan B - Periodic IDCW,2016-06,0,upstream
131395,Bandhan Gilt Fund - Regular Plan B - Periodic IDCW,2016-07,0,upstream
131395,Bandhan Gilt Fund - Regular Plan B - Periodic IDCW,2016-08,0,upstream
131395,Bandhan Gilt Fund - Regular Plan B - Periodic IDCW,2016-09,0,upstream
131398,Bandhan Income Plus Arbitrage Active FOF - Direct Plan - Periodic IDCW,2016-12,0,upstream
131398,Bandhan Income Plus Arbitrage Active FOF - Direct Plan - Periodic IDCW,2017-01,0,upstream
131399,Bandhan Income Plus Arbitrage Active FOF - Regular Plan - Periodic IDCW,2016-05,0,upstream
131399,Bandhan Income Plus Arbitrage Active FOF - Regular Plan - Periodic IDCW,2016-06,0,upstream
131399,Bandhan Income Plus Arbitrage Active FOF - Regular Plan - Periodic IDCW,2016-07,0,upstream
131399,Bandhan Income Plus Arbitrage Active FOF - Regular Plan - Periodic IDCW,2016-08,0,upstream
131399,Bandhan Income Plus Arbitrage Active FOF - Regular Plan - Periodic IDCW,2016-09,0,upstream
131399,Bandhan Income Plus Arbitrage Active FOF - Regular Plan - Periodic IDCW,2016-10,0,upstream
131425,UTI Short Duration Fund - Direct Plan - Half Yearly Dividend Option,2019-02,0,upstream
131425,UTI Short Duration Fund - Direct Plan - Half Yearly Dividend Option,2019-03,0,upstream
131425,UTI Short Duration Fund - Direct Plan - Half Yearly Dividend Option,2019-04,0,upstream
131425,UTI Short Duration Fund - Direct Plan - Half Yearly Dividend Option,2019-05,0,upstream
131425,UTI Short Duration Fund - Direct Plan - Half Yearly Dividend Option,2019-06,0,upstream
131425,UTI Short Duration Fund - Direct Plan - Half Yearly Dividend Option,2019-07,0,upstream
131425,UTI Short Duration Fund - Direct Plan - Half Yearly Dividend Option,2019-08,0,upstream
131425,UTI Short Duration Fund - Direct Plan - Half Yearly Dividend Option,2019-09,0,upstream
131425,UTI Short Duration Fund - Direct Plan - Half Yearly Dividend Option,2019-10,0,upstream
131425,UTI Short Duration Fund - Direct Plan - Half Yearly Dividend Option,2019-11,0,upstream
131425,UTI Short Duration Fund - Direct Plan - Half Yearly Dividend Option,2019-12,0,upstream
131425,UTI Short Duration Fund - Direct Plan - Half Yearly Dividend Option,2020-01,0,upstream
131425,UTI Short Duration Fund - Direct Plan - Half Yearly Dividend Option,2020-02,0,upstream
131425,UTI Short Duration Fund - Direct Plan - Half Yearly Dividend Option,2020-03,0,upstream
131425,UTI Short Duration Fund - Direct Plan - Half Yearly Dividend Option,2020-04,0,upstream
131425,UTI Short Duration Fund - Direct Plan - Half Yearly Dividend Option,2020-05,0,upstream
131425,UTI Short Duration Fund - Direct Plan - Half Yearly Dividend Option,2020-06,0,upstream
131425,UTI Short Duration Fund - Direct Plan - Half Yearly Dividend Option,2020-07,0,upstream
131425,UTI Short Duration Fund - Direct Plan - Half Yearly Dividend Option,2020-08,0,upstream
131425,UTI Short Duration Fund - Direct Plan - Half Yearly Dividend Option,2020-09,0,upstream
131425,UTI Short Duration Fund - Direct Plan - Half Yearly Dividend Option,2020-10,0,upstream
131425,UTI Short Duration Fund - Direct Plan - Half Yearly Dividend Option,2020-11,0,upstream
131425,UTI Short Duration Fund - Direct Plan - Half Yearly Dividend Option,2020-12,0,upstream
131425,UTI Short Duration Fund - Direct Plan - Half Yearly Dividend Option,2021-01,0,upstream
131425,UTI Short Duration Fund - Direct Plan - Half Yearly Dividend Option,2021-02,0,upstream
131425,UTI Short Duration Fund - Direct Plan - Half Yearly Dividend Option,2021-03,0,upstream
131425,UTI Short Duration Fund - Direct Plan - Half Yearly Dividend Option,2021-04,0,upstream
131425,UTI Short Duration Fund - Direct Plan - Half Yearly Dividend Option,2021-05,0,upstream
131425,UTI Short Duration Fund - Direct Plan - Half Yearly Dividend Option,2021-06,0,upstream
131425,UTI Short Duration Fund - Direct Plan - Half Yearly Dividend Option,2021-07,0,upstream
131425,UTI Short Duration Fund - Direct Plan - Half Yearly Dividend Option,2021-08,0,upstream
131425,UTI Short Duration Fund - Direct Plan - Half Yearly Dividend Option,2022-03,0,upstream
131425,UTI Short Duration Fund - Direct Plan - Half Yearly Dividend Option,2022-04,0,upstream
131425,UTI Short Duration Fund - Direct Plan - Half Yearly Dividend Option,2022-05,0,upstream
131480,ICICI Prudential Bond Fund - Direct Plan - Half Yearly IDCW,2015-02,0,upstream
131481,ICICI Prudential Bond Fund - Half Yearly IDCW,2015-05,0,upstream
131481,ICICI Prudential Bond Fund - Half Yearly IDCW,2015-06,0,upstream
131481,ICICI Prudential Bond Fund - Half Yearly IDCW,2015-07,0,upstream
131481,ICICI Prudential Bond Fund - Half Yearly IDCW,2015-08,0,upstream
131481,ICICI Prudential Bond Fund - Half Yearly IDCW,2015-09,0,upstream
131481,ICICI Prudential Bond Fund - Half Yearly IDCW,2015-10,0,upstream
131481,ICICI Prudential Bond Fund - Half Yearly IDCW,2015-11,0,upstream
131481,ICICI Prudential Bond Fund - Half Yearly IDCW,2015-12,0,upstream
131481,ICICI Prudential Bond Fund - Half Yearly IDCW,2016-01,0,upstream
131512,UTI Ultra Short Duration Fund - Direct Plan - Fortnightly IDCW,2017-11,0,upstream
131512,UTI Ultra Short Duration Fund - Direct Plan - Fortnightly IDCW,2017-12,0,upstream
131512,UTI Ultra Short Duration Fund - Direct Plan - Fortnightly IDCW,2018-01,0,upstream
131512,UTI Ultra Short Duration Fund - Direct Plan - Fortnightly IDCW,2018-02,0,upstream
131512,UTI Ultra Short Duration Fund - Direct Plan - Fortnightly IDCW,2018-03,0,upstream
131512,UTI Ultra Short Duration Fund - Direct Plan - Fortnightly IDCW,2018-04,0,upstream
132141,Aditya Birla Sun Life Global Emerging Opportunities Fund - Direct - IDCW,2016-01,0,upstream
132141,Aditya Birla Sun Life Global Emerging Opportunities Fund - Direct - IDCW,2016-02,0,upstream
132141,Aditya Birla Sun Life Global Emerging Opportunities Fund - Direct - IDCW,2016-03,0,upstream
132184,Aditya Birla Sun Life Conservative Hybrid Active FOF-Direct - IDCW,2015-01,0,upstream
132184,Aditya Birla Sun Life Conservative Hybrid Active FOF-Direct - IDCW,2015-02,0,upstream
132184,Aditya Birla Sun Life Conservative Hybrid Active FOF-Direct - IDCW,2015-03,0,upstream
132184,Aditya Birla Sun Life Conservative Hybrid Active FOF-Direct - IDCW,2015-04,0,upstream
132184,Aditya Birla Sun Life Conservative Hybrid Active FOF-Direct - IDCW,2015-05,0,upstream
132184,Aditya Birla Sun Life Conservative Hybrid Active FOF-Direct - IDCW,2015-06,0,upstream
132184,Aditya Birla Sun Life Conservative Hybrid Active FOF-Direct - IDCW,2015-07,0,upstream
132184,Aditya Birla Sun Life Conservative Hybrid Active FOF-Direct - IDCW,2015-08,0,upstream
132184,Aditya Birla Sun Life Conservative Hybrid Active FOF-Direct - IDCW,2015-09,0,upstream
132184,Aditya Birla Sun Life Conservative Hybrid Active FOF-Direct - IDCW,2015-10,0,upstream
132184,Aditya Birla Sun Life Conservative Hybrid Active FOF-Direct - IDCW,2015-11,0,upstream
132184,Aditya Birla Sun Life Conservative Hybrid Active FOF-Direct - IDCW,2015-12,0,upstream
132184,Aditya Birla Sun Life Conservative Hybrid Active FOF-Direct - IDCW,2016-01,0,upstream
133127,UTI Low Duration Fund - Direct Plan - Flexi IDCW,2015-04,0,upstream
133127,UTI Low Duration Fund - Direct Plan - Flexi IDCW,2015-05,0,upstream
133127,UTI Low Duration Fund - Direct Plan - Flexi IDCW,2015-07,0,upstream
133127,UTI Low Duration Fund - Direct Plan - Flexi IDCW,2015-08,0,upstream
133127,UTI Low Duration Fund - Direct Plan - Flexi IDCW,2015-10,0,upstream
133127,UTI Low Duration Fund - Direct Plan - Flexi IDCW,2015-11,0,upstream
133127,UTI Low Duration Fund - Direct Plan - Flexi IDCW,2015-12,0,upstream
133127,UTI Low Duration Fund - Direct Plan - Flexi IDCW,2016-01,0,upstream
133127,UTI Low Duration Fund - Direct Plan - Flexi IDCW,2016-02,0,upstream
133127,UTI Low Duration Fund - Direct Plan - Flexi IDCW,2016-03,0,upstream
133127,UTI Low Duration Fund - Direct Plan - Flexi IDCW,2016-04,0,upstream
133127,UTI Low Duration Fund - Direct Plan - Flexi IDCW,2016-05,0,upstream
133130,UTI Low Duration Fund - Regular Plan - Flexi IDCW,2016-06,0,upstream
133130,UTI Low Duration Fund - Regular Plan - Flexi IDCW,2016-07,0,upstream
133130,UTI Low Duration Fund - Regular Plan - Flexi IDCW,2016-08,0,upstream
133130,UTI Low Duration Fund - Regular Plan - Flexi IDCW,2016-09,0,upstream
133147,HDFC Credit Risk Debt Fund - IDCW Option - Direct Plan,2015-03,0,upstream
133469,UTI Low Duration Fund - Direct Plan - Half-Yearly IDCW,2015-01,0,upstream
133469,UTI Low Duration Fund - Direct Plan - Half-Yearly IDCW,2015-02,0,upstream
133469,UTI Low Duration Fund - Direct Plan - Half-Yearly IDCW,2015-03,0,upstream
133469,UTI Low Duration Fund - Direct Plan - Half-Yearly IDCW,2015-04,0,upstream
133469,UTI Low Duration Fund - Direct Plan - Half-Yearly IDCW,2015-05,0,upstream
133469,UTI Low Duration Fund - Direct Plan - Half-Yearly IDCW,2015-06,0,upstream
133469,UTI Low Duration Fund - Direct Plan - Half-Yearly IDCW,2015-07,0,upstream
133469,UTI Low Duration Fund - Direct Plan - Half-Yearly IDCW,2015-08,0,upstream
133469,UTI Low Duration Fund - Direct Plan - Half-Yearly IDCW,2015-09,0,upstream
133469,UTI Low Duration Fund - Direct Plan - Half-Yearly IDCW,2015-10,0,upstream
133469,UTI Low Duration Fund - Direct Plan - Half-Yearly IDCW,2015-11,0,upstream
133469,UTI Low Duration Fund - Direct Plan - Half-Yearly IDCW,2015-12,0,upstream
133469,UTI Low Duration Fund - Direct Plan - Half-Yearly IDCW,2016-01,0,upstream
133469,UTI Low Duration Fund - Direct Plan - Half-Yearly IDCW,2016-02,0,upstream
133469,UTI Low Duration Fund - Direct Plan - Half-Yearly IDCW,2016-03,0,upstream
133469,UTI Low Duration Fund - Direct Plan - Half-Yearly IDCW,2016-04,0,upstream
133469,UTI Low Duration Fund - Direct Plan - Half-Yearly IDCW,2016-05,0,upstream
133469,UTI Low Duration Fund - Direct Plan - Half-Yearly IDCW,2016-06,0,upstream
133469,UTI Low Duration Fund - Direct Plan - Half-Yearly IDCW,2016-07,0,upstream
133469,UTI Low Duration Fund - Direct Plan - Half-Yearly IDCW,2016-08,0,upstream
133469,UTI Low Duration Fund - Direct Plan - Half-Yearly IDCW,2016-09,0,upstream
133469,UTI Low Duration Fund - Direct Plan - Half-Yearly IDCW,2016-10,0,upstream
133469,UTI Low Duration Fund - Direct Plan - Half-Yearly IDCW,2016-11,0,upstream
133469,UTI Low Duration Fund - Direct Plan - Half-Yearly IDCW,2016-12,0,upstream
133894,Axis Short Duration Fund - Direct Plan - Regular IDCW,2015-03,0,upstream
133894,Axis Short Duration Fund - Direct Plan - Regular IDCW,2015-04,0,upstream
133894,Axis Short Duration Fund - Direct Plan - Regular IDCW,2015-05,0,upstream
133894,Axis Short Duration Fund - Direct Plan - Regular IDCW,2015-06,0,upstream
133894,Axis Short Duration Fund - Direct Plan - Regular IDCW,2015-07,0,upstream
133894,Axis Short Duration Fund - Direct Plan - Regular IDCW,2015-08,0,upstream
133894,Axis Short Duration Fund - Direct Plan - Regular IDCW,2015-09,0,upstream
133894,Axis Short Duration Fund - Direct Plan - Regular IDCW,2015-10,0,upstream
133894,Axis Short Duration Fund - Direct Plan - Regular IDCW,2015-11,0,upstream
133894,Axis Short Duration Fund - Direct Plan - Regular IDCW,2015-12,0,upstream
134026,UTI Banking & PSU Fund - Direct Plan - Monthly IDCW,2015-05,0,upstream
134026,UTI Banking & PSU Fund - Direct Plan - Monthly IDCW,2015-06,0,upstream
134026,UTI Banking & PSU Fund - Direct Plan - Monthly IDCW,2015-07,0,upstream
134026,UTI Banking & PSU Fund - Direct Plan - Monthly IDCW,2015-08,0,upstream
134026,UTI Banking & PSU Fund - Direct Plan - Monthly IDCW,2015-09,0,upstream
134026,UTI Banking & PSU Fund - Direct Plan - Monthly IDCW,2015-10,0,upstream
134026,UTI Banking & PSU Fund - Direct Plan - Monthly IDCW,2015-11,0,upstream
134026,UTI Banking & PSU Fund - Direct Plan - Monthly IDCW,2015-12,0,upstream
134026,UTI Banking & PSU Fund - Direct Plan - Monthly IDCW,2016-01,0,upstream
134427,UTI Liquid Fund - Direct Plan - Annual IDCW,2015-12,0,upstream
134427,UTI Liquid Fund - Direct Plan - Annual IDCW,2016-01,0,upstream
134427,UTI Liquid Fund - Direct Plan - Annual IDCW,2016-02,0,upstream
134427,UTI Liquid Fund - Direct Plan - Annual IDCW,2017-06,0,upstream
134427,UTI Liquid Fund - Direct Plan - Annual IDCW,2017-07,0,upstream
134427,UTI Liquid Fund - Direct Plan - Annual IDCW,2017-08,0,upstream
134427,UTI Liquid Fund - Direct Plan - Annual IDCW,2017-09,0,upstream
134427,UTI Liquid Fund - Direct Plan - Annual IDCW,2017-10,0,upstream
134497,UTI Medium Duration Fund - Regular Plan - Half-Yearly IDCW,2023-12,0,upstream
134497,UTI Medium Duration Fund - Regular Plan - Half-Yearly IDCW,2024-01,0,upstream
134497,UTI Medium Duration Fund - Regular Plan - Half-Yearly IDCW,2024-02,0,upstream
134497,UTI Medium Duration Fund - Regular Plan - Half-Yearly IDCW,2024-03,0,upstream
134497,UTI Medium Duration Fund - Regular Plan - Half-Yearly IDCW,2024-04,0,upstream
134497,UTI Medium Duration Fund - Regular Plan - Half-Yearly IDCW,2026-02,0,upstream
134497,UTI Medium Duration Fund - Regular Plan - Half-Yearly IDCW,2026-03,0,upstream
134497,UTI Medium Duration Fund - Regular Plan - Half-Yearly IDCW,2026-04,0,upstream
134497,UTI Medium Duration Fund - Regular Plan - Half-Yearly IDCW,2026-05,0,upstream
134498,UTI Medium Duration Fund - Regular Plan - Flexi IDCW,2016-12,0,upstream
134498,UTI Medium Duration Fund - Regular Plan - Flexi IDCW,2017-01,0,upstream
134498,UTI Medium Duration Fund - Regular Plan - Flexi IDCW,2017-02,0,upstream
134763,UTI Money Market Fund - Regular Plan - Half-Yearly IDCW,2015-07,0,upstream
134763,UTI Money Market Fund - Regular Plan - Half-Yearly IDCW,2015-08,0,upstream
134763,UTI Money Market Fund - Regular Plan - Half-Yearly IDCW,2015-10,0,upstream
134763,UTI Money Market Fund - Regular Plan - Half-Yearly IDCW,2015-11,0,upstream
134763,UTI Money Market Fund - Regular Plan - Half-Yearly IDCW,2015-12,0,upstream
134763,UTI Money Market Fund - Regular Plan - Half-Yearly IDCW,2016-01,0,upstream
134763,UTI Money Market Fund - Regular Plan - Half-Yearly IDCW,2016-02,0,upstream
134763,UTI Money Market Fund - Regular Plan - Half-Yearly IDCW,2016-03,0,upstream
134763,UTI Money Market Fund - Regular Plan - Half-Yearly IDCW,2016-04,0,upstream
134763,UTI Money Market Fund - Regular Plan - Half-Yearly IDCW,2016-05,0,upstream
134763,UTI Money Market Fund - Regular Plan - Half-Yearly IDCW,2016-06,0,upstream
134763,UTI Money Market Fund - Regular Plan - Half-Yearly IDCW,2016-07,0,upstream
134788,UTI Dynamic Bond Fund - Direct Plan - Half-Yearly IDCW,2015-08,0,upstream
134799,UTI Ultra Short Duration Fund - Regular Plan - Half-Yearly IDCW,2024-12,0,upstream
134799,UTI Ultra Short Duration Fund - Regular Plan - Half-Yearly IDCW,2025-01,0,upstream
134799,UTI Ultra Short Duration Fund - Regular Plan - Half-Yearly IDCW,2025-02,0,upstream
134799,UTI Ultra Short Duration Fund - Regular Plan - Half-Yearly IDCW,2025-03,0,upstream
134799,UTI Ultra Short Duration Fund - Regular Plan - Half-Yearly IDCW,2025-04,0,upstream
134799,UTI Ultra Short Duration Fund - Regular Plan - Half-Yearly IDCW,2025-05,0,upstream
134972,UTI Money Market Fund - Regular Plan - Annual IDCW,2015-08,0,upstream
134972,UTI Money Market Fund - Regular Plan - Annual IDCW,2015-09,0,upstream
134972,UTI Money Market Fund - Regular Plan - Annual IDCW,2015-10,0,upstream
134972,UTI Money Market Fund - Regular Plan - Annual IDCW,2015-11,0,upstream
134972,UTI Money Market Fund - Regular Plan - Annual IDCW,2015-12,0,upstream
134972,UTI Money Market Fund - Regular Plan - Annual IDCW,2016-01,0,upstream
134998,UTI Medium to Long Duration Fund - Direct Plan - Half-Yearly IDCW,2016-12,0,upstream
134998,UTI Medium to Long Duration Fund - Direct Plan - Half-Yearly IDCW,2017-01,0,upstream
134998,UTI Medium to Long Duration Fund - Direct Plan - Half-Yearly IDCW,2017-02,0,upstream
134998,UTI Medium to Long Duration Fund - Direct Plan - Half-Yearly IDCW,2017-03,0,upstream
134998,UTI Medium to Long Duration Fund - Direct Plan - Half-Yearly IDCW,2017-04,0,upstream
134998,UTI Medium to Long Duration Fund - Direct Plan - Half-Yearly IDCW,2017-05,0,upstream
134998,UTI Medium to Long Duration Fund - Direct Plan - Half-Yearly IDCW,2017-06,0,upstream
134998,UTI Medium to Long Duration Fund - Direct Plan - Half-Yearly IDCW,2017-07,0,upstream
134998,UTI Medium to Long Duration Fund - Direct Plan - Half-Yearly IDCW,2017-08,0,upstream
134998,UTI Medium to Long Duration Fund - Direct Plan - Half-Yearly IDCW,2017-09,0,upstream
134998,UTI Medium to Long Duration Fund - Direct Plan - Half-Yearly IDCW,2017-10,0,upstream
134998,UTI Medium to Long Duration Fund - Direct Plan - Half-Yearly IDCW,2017-11,0,upstream
134998,UTI Medium to Long Duration Fund - Direct Plan - Half-Yearly IDCW,2017-12,0,upstream
134998,UTI Medium to Long Duration Fund - Direct Plan - Half-Yearly IDCW,2018-01,0,upstream
134998,UTI Medium to Long Duration Fund - Direct Plan - Half-Yearly IDCW,2018-02,0,upstream
134998,UTI Medium to Long Duration Fund - Direct Plan - Half-Yearly IDCW,2018-03,0,upstream
134998,UTI Medium to Long Duration Fund - Direct Plan - Half-Yearly IDCW,2018-04,0,upstream
134998,UTI Medium to Long Duration Fund - Direct Plan - Half-Yearly IDCW,2018-05,0,upstream
134998,UTI Medium to Long Duration Fund - Direct Plan - Half-Yearly IDCW,2018-06,0,upstream
134998,UTI Medium to Long Duration Fund - Direct Plan - Half-Yearly IDCW,2018-07,0,upstream
134998,UTI Medium to Long Duration Fund - Direct Plan - Half-Yearly IDCW,2018-09,0,upstream
134998,UTI Medium to Long Duration Fund - Direct Plan - Half-Yearly IDCW,2018-10,0,upstream
134998,UTI Medium to Long Duration Fund - Direct Plan - Half-Yearly IDCW,2018-11,0,upstream
135371,UTI Money Market Fund - Regular Plan - Fortnightly IDCW,2016-03,0,upstream
135371,UTI Money Market Fund - Regular Plan - Fortnightly IDCW,2016-04,0,upstream
135371,UTI Money Market Fund - Regular Plan - Fortnightly IDCW,2016-05,0,upstream
135371,UTI Money Market Fund - Regular Plan - Fortnightly IDCW,2016-06,0,upstream
135371,UTI Money Market Fund - Regular Plan - Fortnightly IDCW,2016-07,0,upstream
135536,UTI Dynamic Bond Fund - Direct Plan - Annual IDCW,2015-11,0,upstream
135536,UTI Dynamic Bond Fund - Direct Plan - Annual IDCW,2015-12,0,upstream
135536,UTI Dynamic Bond Fund - Direct Plan - Annual IDCW,2016-01,0,upstream
135536,UTI Dynamic Bond Fund - Direct Plan - Annual IDCW,2016-02,0,upstream
135536,UTI Dynamic Bond Fund - Direct Plan - Annual IDCW,2016-03,0,upstream
135536,UTI Dynamic Bond Fund - Direct Plan - Annual IDCW,2016-04,0,upstream
135536,UTI Dynamic Bond Fund - Direct Plan - Annual IDCW,2016-05,0,upstream
135536,UTI Dynamic Bond Fund - Direct Plan - Annual IDCW,2016-06,0,upstream
135536,UTI Dynamic Bond Fund - Direct Plan - Annual IDCW,2016-07,0,upstream
135536,UTI Dynamic Bond Fund - Direct Plan - Annual IDCW,2016-08,0,upstream
135536,UTI Dynamic Bond Fund - Direct Plan - Annual IDCW,2016-09,0,upstream
135536,UTI Dynamic Bond Fund - Direct Plan - Annual IDCW,2016-10,0,upstream
135536,UTI Dynamic Bond Fund - Direct Plan - Annual IDCW,2016-11,0,upstream
135536,UTI Dynamic Bond Fund - Direct Plan - Annual IDCW,2016-12,0,upstream
138331,PGIM India Corporate Bond Fund - Direct Plan - Monthly Dividend,2018-04,0,upstream
138331,PGIM India Corporate Bond Fund - Direct Plan - Monthly Dividend,2018-05,0,upstream
138331,PGIM India Corporate Bond Fund - Direct Plan - Monthly Dividend,2018-06,0,upstream
138375,PGIM India Equity Savings Fund - Direct Plan - Annual Dividend,2016-10,0,upstream
138375,PGIM India Equity Savings Fund - Direct Plan - Annual Dividend,2016-11,0,upstream
138375,PGIM India Equity Savings Fund - Direct Plan - Annual Dividend,2016-12,0,upstream
138375,PGIM India Equity Savings Fund - Direct Plan - Annual Dividend,2017-01,0,upstream
138375,PGIM India Equity Savings Fund - Direct Plan - Annual Dividend,2017-02,0,upstream
138375,PGIM India Equity Savings Fund - Direct Plan - Annual Dividend,2017-03,0,upstream
138375,PGIM India Equity Savings Fund - Direct Plan - Annual Dividend,2017-04,0,upstream
138375,PGIM India Equity Savings Fund - Direct Plan - Annual Dividend,2017-05,0,upstream
138375,PGIM India Equity Savings Fund - Direct Plan - Annual Dividend,2017-06,0,upstream
138375,PGIM India Equity Savings Fund - Direct Plan - Annual Dividend,2017-07,0,upstream
138375,PGIM India Equity Savings Fund - Direct Plan - Annual Dividend,2017-08,0,upstream
138375,PGIM India Equity Savings Fund - Direct Plan - Annual Dividend,2017-09,0,upstream
138877,PGIM India Arbitrage Fund - Direct Plan - Regular Dividend,2020-08,0,upstream
138877,PGIM India Arbitrage Fund - Direct Plan - Regular Dividend,2020-09,0,upstream
138877,PGIM India Arbitrage Fund - Direct Plan - Regular Dividend,2020-10,0,upstream
138877,PGIM India Arbitrage Fund - Direct Plan - Regular Dividend,2020-11,0,upstream
139200,BANDHAN Corporate Bond Fund - Direct Half Yearly IDCW,2019-06,0,upstream
139200,BANDHAN Corporate Bond Fund - Direct Half Yearly IDCW,2019-07,0,upstream
139200,BANDHAN Corporate Bond Fund - Direct Half Yearly IDCW,2019-08,0,upstream
139200,BANDHAN Corporate Bond Fund - Direct Half Yearly IDCW,2019-09,0,upstream
139200,BANDHAN Corporate Bond Fund - Direct Half Yearly IDCW,2019-10,0,upstream
139200,BANDHAN Corporate Bond Fund - Direct Half Yearly IDCW,2019-11,0,upstream
139200,BANDHAN Corporate Bond Fund - Direct Half Yearly IDCW,2019-12,0,upstream
139200,BANDHAN Corporate Bond Fund - Direct Half Yearly IDCW,2020-01,0,upstream
139200,BANDHAN Corporate Bond Fund - Direct Half Yearly IDCW,2020-02,0,upstream
139236,UTI MMF - Regular Plan - Flexi Dividend Option,2016-04,0,upstream
139236,UTI MMF - Regular Plan - Flexi Dividend Option,2016-05,0,upstream
139236,UTI MMF - Regular Plan - Flexi Dividend Option,2016-06,0,upstream
139236,UTI MMF - Regular Plan - Flexi Dividend Option,2016-07,0,upstream
139236,UTI MMF - Regular Plan - Flexi Dividend Option,2016-12,0,upstream
139236,UTI MMF - Regular Plan - Flexi Dividend Option,2017-01,0,upstream
139236,UTI MMF - Regular Plan - Flexi Dividend Option,2017-02,0,upstream
139236,UTI MMF - Regular Plan - Flexi Dividend Option,2017-08,0,upstream
139236,UTI MMF - Regular Plan - Flexi Dividend Option,2017-09,0,upstream
139236,UTI MMF - Regular Plan - Flexi Dividend Option,2017-10,0,upstream
139236,UTI MMF - Regular Plan - Flexi Dividend Option,2017-11,0,upstream
139236,UTI MMF - Regular Plan - Flexi Dividend Option,2017-12,0,upstream
139236,UTI MMF - Regular Plan - Flexi Dividend Option,2018-01,0,upstream
139236,UTI MMF - Regular Plan - Flexi Dividend Option,2018-02,0,upstream
139236,UTI MMF - Regular Plan - Flexi Dividend Option,2018-03,0,upstream
139236,UTI MMF - Regular Plan - Flexi Dividend Option,2018-04,0,upstream
139236,UTI MMF - Regular Plan - Flexi Dividend Option,2018-05,0,upstream
139236,UTI MMF - Regular Plan - Flexi Dividend Option,2018-06,0,upstream
139236,UTI MMF - Regular Plan - Flexi Dividend Option,2018-07,0,upstream
139236,UTI MMF - Regular Plan - Flexi Dividend Option,2018-08,0,upstream
139236,UTI MMF - Regular Plan - Flexi Dividend Option,2018-09,0,upstream
139236,UTI MMF - Regular Plan - Flexi Dividend Option,2018-10,0,upstream
139236,UTI MMF - Regular Plan - Flexi Dividend Option,2018-11,0,upstream
139236,UTI MMF - Regular Plan - Flexi Dividend Option,2018-12,0,upstream
139236,UTI MMF - Regular Plan - Flexi Dividend Option,2019-01,0,upstream
139236,UTI MMF - Regular Plan - Flexi Dividend Option,2019-02,0,upstream
139236,UTI MMF - Regular Plan - Flexi Dividend Option,2019-03,0,upstream
139236,UTI MMF - Regular Plan - Flexi Dividend Option,2019-04,0,upstream
139236,UTI MMF - Regular Plan - Flexi Dividend Option,2020-12,0,upstream
139236,UTI MMF - Regular Plan - Flexi Dividend Option,2021-01,0,upstream
139236,UTI MMF - Regular Plan - Flexi Dividend Option,2021-02,0,upstream
139236,UTI MMF - Regular Plan - Flexi Dividend Option,2021-03,0,upstream
139236,UTI MMF - Regular Plan - Flexi Dividend Option,2021-04,0,upstream
139236,UTI MMF - Regular Plan - Flexi Dividend Option,2021-05,0,upstream
139236,UTI MMF - Regular Plan - Flexi Dividend Option,2021-06,0,upstream
139236,UTI MMF - Regular Plan - Flexi Dividend Option,2021-07,0,upstream
139236,UTI MMF - Regular Plan - Flexi Dividend Option,2021-08,0,upstream
139236,UTI MMF - Regular Plan - Flexi Dividend Option,2021-09,0,upstream
139236,UTI MMF - Regular Plan - Flexi Dividend Option,2021-10,0,upstream
139236,UTI MMF - Regular Plan - Flexi Dividend Option,2021-11,0,upstream
139236,UTI MMF - Regular Plan - Flexi Dividend Option,2021-12,0,upstream
139236,UTI MMF - Regular Plan - Flexi Dividend Option,2022-01,0,upstream
139236,UTI MMF - Regular Plan - Flexi Dividend Option,2022-02,0,upstream
139236,UTI MMF - Regular Plan - Flexi Dividend Option,2022-03,0,upstream
139236,UTI MMF - Regular Plan - Flexi Dividend Option,2022-04,0,upstream
139236,UTI MMF - Regular Plan - Flexi Dividend Option,2022-05,0,upstream
139236,UTI MMF - Regular Plan - Flexi Dividend Option,2022-06,0,upstream
139236,UTI MMF - Regular Plan - Flexi Dividend Option,2022-07,0,upstream
139236,UTI MMF - Regular Plan - Flexi Dividend Option,2022-08,0,upstream
139236,UTI MMF - Regular Plan - Flexi Dividend Option,2022-09,0,upstream
139236,UTI MMF - Regular Plan - Flexi Dividend Option,2022-10,0,upstream
139236,UTI MMF - Regular Plan - Flexi Dividend Option,2022-11,0,upstream
139236,UTI MMF - Regular Plan - Flexi Dividend Option,2022-12,0,upstream
139236,UTI MMF - Regular Plan - Flexi Dividend Option,2023-01,0,upstream
139646,UTI Money Market Fund - Regular Plan - Quarterly IDCW,2017-08,0,upstream
139646,UTI Money Market Fund - Regular Plan - Quarterly IDCW,2017-09,0,upstream
139646,UTI Money Market Fund - Regular Plan - Quarterly IDCW,2018-05,0,upstream
139646,UTI Money Market Fund - Regular Plan - Quarterly IDCW,2018-06,0,upstream
139646,UTI Money Market Fund - Regular Plan - Quarterly IDCW,2018-07,0,upstream
139646,UTI Money Market Fund - Regular Plan - Quarterly IDCW,2018-08,0,upstream
139646,UTI Money Market Fund - Regular Plan - Quarterly IDCW,2018-09,0,upstream
139646,UTI Money Market Fund - Regular Plan - Quarterly IDCW,2018-10,0,upstream
139646,UTI Money Market Fund - Regular Plan - Quarterly IDCW,2018-11,0,upstream
139646,UTI Money Market Fund - Regular Plan - Quarterly IDCW,2018-12,0,upstream
139646,UTI Money Market Fund - Regular Plan - Quarterly IDCW,2019-01,0,upstream
139646,UTI Money Market Fund - Regular Plan - Quarterly IDCW,2019-02,0,upstream
139646,UTI Money Market Fund - Regular Plan - Quarterly IDCW,2022-04,0,upstream
139646,UTI Money Market Fund - Regular Plan - Quarterly IDCW,2022-05,0,upstream
139646,UTI Money Market Fund - Regular Plan - Quarterly IDCW,2022-06,0,upstream
139646,UTI Money Market Fund - Regular Plan - Quarterly IDCW,2022-07,0,upstream
139646,UTI Money Market Fund - Regular Plan - Quarterly IDCW,2022-08,0,upstream
139646,UTI Money Market Fund - Regular Plan - Quarterly IDCW,2022-09,0,upstream
139646,UTI Money Market Fund - Regular Plan - Quarterly IDCW,2022-10,0,upstream
139646,UTI Money Market Fund - Regular Plan - Quarterly IDCW,2022-11,0,upstream
139646,UTI Money Market Fund - Regular Plan - Quarterly IDCW,2022-12,0,upstream
139646,UTI Money Market Fund - Regular Plan - Quarterly IDCW,2023-01,0,upstream
139646,UTI Money Market Fund - Regular Plan - Quarterly IDCW,2023-02,0,upstream
139646,UTI Money Market Fund - Regular Plan - Quarterly IDCW,2023-03,0,upstream
139646,UTI Money Market Fund - Regular Plan - Quarterly IDCW,2023-04,0,upstream
139646,UTI Money Market Fund - Regular Plan - Quarterly IDCW,2023-05,0,upstream
139646,UTI Money Market Fund - Regular Plan - Quarterly IDCW,2023-06,0,upstream
139646,UTI Money Market Fund - Regular Plan - Quarterly IDCW,2023-07,0,upstream
139646,UTI Money Market Fund - Regular Plan - Quarterly IDCW,2023-08,0,upstream
139646,UTI Money Market Fund - Regular Plan - Quarterly IDCW,2023-09,0,upstream
139646,UTI Money Market Fund - Regular Plan - Quarterly IDCW,2023-10,0,upstream
139646,UTI Money Market Fund - Regular Plan - Quarterly IDCW,2023-11,0,upstream
139646,UTI Money Market Fund - Regular Plan - Quarterly IDCW,2023-12,0,upstream
139646,UTI Money Market Fund - Regular Plan - Quarterly IDCW,2024-01,0,upstream
139646,UTI Money Market Fund - Regular Plan - Quarterly IDCW,2024-02,0,upstream
139646,UTI Money Market Fund - Regular Plan - Quarterly IDCW,2024-03,0,upstream
139646,UTI Money Market Fund - Regular Plan - Quarterly IDCW,2024-04,0,upstream
139646,UTI Money Market Fund - Regular Plan - Quarterly IDCW,2024-05,0,upstream
139646,UTI Money Market Fund - Regular Plan - Quarterly IDCW,2024-06,0,upstream
139646,UTI Money Market Fund - Regular Plan - Quarterly IDCW,2024-07,0,upstream
139646,UTI Money Market Fund - Regular Plan - Quarterly IDCW,2024-08,0,upstream
139646,UTI Money Market Fund - Regular Plan - Quarterly IDCW,2024-09,0,upstream
139646,UTI Money Market Fund - Regular Plan - Quarterly IDCW,2024-10,0,upstream
139646,UTI Money Market Fund - Regular Plan - Quarterly IDCW,2024-11,0,upstream
139646,UTI Money Market Fund - Regular Plan - Quarterly IDCW,2024-12,0,upstream
139646,UTI Money Market Fund - Regular Plan - Quarterly IDCW,2025-01,0,upstream
139646,UTI Money Market Fund - Regular Plan - Quarterly IDCW,2025-02,0,upstream
139646,UTI Money Market Fund - Regular Plan - Quarterly IDCW,2025-03,0,upstream
139646,UTI Money Market Fund - Regular Plan - Quarterly IDCW,2025-04,0,upstream
139646,UTI Money Market Fund - Regular Plan - Quarterly IDCW,2025-05,0,upstream
139646,UTI Money Market Fund - Regular Plan - Quarterly IDCW,2025-06,0,upstream
139646,UTI Money Market Fund - Regular Plan - Quarterly IDCW,2025-07,0,upstream
139646,UTI Money Market Fund - Regular Plan - Quarterly IDCW,2025-08,0,upstream
139646,UTI Money Market Fund - Regular Plan - Quarterly IDCW,2025-09,0,upstream
139646,UTI Money Market Fund - Regular Plan - Quarterly IDCW,2025-10,0,upstream
139646,UTI Money Market Fund - Regular Plan - Quarterly IDCW,2025-11,0,upstream
139646,UTI Money Market Fund - Regular Plan - Quarterly IDCW,2025-12,0,upstream
139646,UTI Money Market Fund - Regular Plan - Quarterly IDCW,2026-01,0,upstream
139646,UTI Money Market Fund - Regular Plan - Quarterly IDCW,2026-03,0,upstream
139646,UTI Money Market Fund - Regular Plan - Quarterly IDCW,2026-04,0,upstream
140023,UTI Money Market Fund - Direct Plan - Half-Yearly IDCW,2017-06,0,upstream
140023,UTI Money Market Fund - Direct Plan - Half-Yearly IDCW,2017-07,0,upstream
140023,UTI Money Market Fund - Direct Plan - Half-Yearly IDCW,2017-08,0,upstream
140023,UTI Money Market Fund - Direct Plan - Half-Yearly IDCW,2017-09,0,upstream
140023,UTI Money Market Fund - Direct Plan - Half-Yearly IDCW,2017-10,0,upstream
140023,UTI Money Market Fund - Direct Plan - Half-Yearly IDCW,2017-11,0,upstream
140023,UTI Money Market Fund - Direct Plan - Half-Yearly IDCW,2017-12,0,upstream
140023,UTI Money Market Fund - Direct Plan - Half-Yearly IDCW,2018-01,0,upstream
140023,UTI Money Market Fund - Direct Plan - Half-Yearly IDCW,2018-02,0,upstream
140023,UTI Money Market Fund - Direct Plan - Half-Yearly IDCW,2018-03,0,upstream
140288,Edelweiss Banking and PSU Debt Fund - Direct Plan - IDCW Option,2018-06,0,upstream
140288,Edelweiss Banking and PSU Debt Fund - Direct Plan - IDCW Option,2018-07,0,upstream
140305,Edelweiss Government Securities Fund - Regular Plan Fortnightly - IDCW Option,2021-12,0,upstream
140305,Edelweiss Government Securities Fund - Regular Plan Fortnightly - IDCW Option,2022-01,0,upstream
140305,Edelweiss Government Securities Fund - Regular Plan Fortnightly - IDCW Option,2022-02,0,upstream
140305,Edelweiss Government Securities Fund - Regular Plan Fortnightly - IDCW Option,2023-04,0,upstream
140305,Edelweiss Government Securities Fund - Regular Plan Fortnightly - IDCW Option,2023-05,0,upstream
140305,Edelweiss Government Securities Fund - Regular Plan Fortnightly - IDCW Option,2023-06,0,upstream
140305,Edelweiss Government Securities Fund - Regular Plan Fortnightly - IDCW Option,2023-07,0,upstream
140305,Edelweiss Government Securities Fund - Regular Plan Fortnightly - IDCW Option,2023-08,0,upstream
140305,Edelweiss Government Securities Fund - Regular Plan Fortnightly - IDCW Option,2023-09,0,upstream
140305,Edelweiss Government Securities Fund - Regular Plan Fortnightly - IDCW Option,2024-01,0,upstream
140305,Edelweiss Government Securities Fund - Regular Plan Fortnightly - IDCW Option,2024-02,0,upstream
140305,Edelweiss Government Securities Fund - Regular Plan Fortnightly - IDCW Option,2024-03,0,upstream
140305,Edelweiss Government Securities Fund - Regular Plan Fortnightly - IDCW Option,2024-04,0,upstream
140305,Edelweiss Government Securities Fund - Regular Plan Fortnightly - IDCW Option,2024-05,0,upstream
140305,Edelweiss Government Securities Fund - Regular Plan Fortnightly - IDCW Option,2024-06,0,upstream
140305,Edelweiss Government Securities Fund - Regular Plan Fortnightly - IDCW Option,2024-07,0,upstream
140305,Edelweiss Government Securities Fund - Regular Plan Fortnightly - IDCW Option,2024-08,0,upstream
140305,Edelweiss Government Securities Fund - Regular Plan Fortnightly - IDCW Option,2024-09,0,upstream
140305,Edelweiss Government Securities Fund - Regular Plan Fortnightly - IDCW Option,2024-10,0,upstream
140305,Edelweiss Government Securities Fund - Regular Plan Fortnightly - IDCW Option,2024-11,0,upstream
140305,Edelweiss Government Securities Fund - Regular Plan Fortnightly - IDCW Option,2024-12,0,upstream
140305,Edelweiss Government Securities Fund - Regular Plan Fortnightly - IDCW Option,2025-01,0,upstream
140305,Edelweiss Government Securities Fund - Regular Plan Fortnightly - IDCW Option,2025-02,0,upstream
140305,Edelweiss Government Securities Fund - Regular Plan Fortnightly - IDCW Option,2025-03,0,upstream
140305,Edelweiss Government Securities Fund - Regular Plan Fortnightly - IDCW Option,2025-04,0,upstream
140305,Edelweiss Government Securities Fund - Regular Plan Fortnightly - IDCW Option,2025-05,0,upstream
140305,Edelweiss Government Securities Fund - Regular Plan Fortnightly - IDCW Option,2025-06,0,upstream
140305,Edelweiss Government Securities Fund - Regular Plan Fortnightly - IDCW Option,2025-07,0,upstream
140305,Edelweiss Government Securities Fund - Regular Plan Fortnightly - IDCW Option,2025-08,0,upstream
140305,Edelweiss Government Securities Fund - Regular Plan Fortnightly - IDCW Option,2025-09,0,upstream
140305,Edelweiss Government Securities Fund - Regular Plan Fortnightly - IDCW Option,2025-10,0,upstream
140305,Edelweiss Government Securities Fund - Regular Plan Fortnightly - IDCW Option,2025-11,0,upstream
140305,Edelweiss Government Securities Fund - Regular Plan Fortnightly - IDCW Option,2025-12,0,upstream
140306,Edelweiss Government Securities Fund - Direct Plan Fortnightly - IDCW Option,2023-01,0,upstream
140306,Edelweiss Government Securities Fund - Direct Plan Fortnightly - IDCW Option,2023-02,0,upstream
140306,Edelweiss Government Securities Fund - Direct Plan Fortnightly - IDCW Option,2023-03,0,upstream
140306,Edelweiss Government Securities Fund - Direct Plan Fortnightly - IDCW Option,2023-04,0,upstream
140306,Edelweiss Government Securities Fund - Direct Plan Fortnightly - IDCW Option,2023-05,0,upstream
140306,Edelweiss Government Securities Fund - Direct Plan Fortnightly - IDCW Option,2023-06,0,upstream
140306,Edelweiss Government Securities Fund - Direct Plan Fortnightly - IDCW Option,2023-07,0,upstream
140306,Edelweiss Government Securities Fund - Direct Plan Fortnightly - IDCW Option,2023-08,0,upstream
140306,Edelweiss Government Securities Fund - Direct Plan Fortnightly - IDCW Option,2023-09,0,upstream
140306,Edelweiss Government Securities Fund - Direct Plan Fortnightly - IDCW Option,2023-10,0,upstream
140306,Edelweiss Government Securities Fund - Direct Plan Fortnightly - IDCW Option,2023-11,0,upstream
140306,Edelweiss Government Securities Fund - Direct Plan Fortnightly - IDCW Option,2023-12,0,upstream
140306,Edelweiss Government Securities Fund - Direct Plan Fortnightly - IDCW Option,2024-01,0,upstream
140306,Edelweiss Government Securities Fund - Direct Plan Fortnightly - IDCW Option,2024-02,0,upstream
140306,Edelweiss Government Securities Fund - Direct Plan Fortnightly - IDCW Option,2024-03,0,upstream
140306,Edelweiss Government Securities Fund - Direct Plan Fortnightly - IDCW Option,2024-04,0,upstream
140306,Edelweiss Government Securities Fund - Direct Plan Fortnightly - IDCW Option,2024-05,0,upstream
140306,Edelweiss Government Securities Fund - Direct Plan Fortnightly - IDCW Option,2024-06,0,upstream
140306,Edelweiss Government Securities Fund - Direct Plan Fortnightly - IDCW Option,2024-07,0,upstream
140306,Edelweiss Government Securities Fund - Direct Plan Fortnightly - IDCW Option,2024-08,0,upstream
140465,Baroda BNP Paribas Short Duration Fund - Regular Plan - Quarterly IDCW,2017-11,0,upstream
140504,UTI Liquid Fund - Direct Plan - Half-Yearly IDCW,2018-05,0,upstream
140504,UTI Liquid Fund - Direct Plan - Half-Yearly IDCW,2018-06,0,upstream
140504,UTI Liquid Fund - Direct Plan - Half-Yearly IDCW,2018-07,0,upstream
140504,UTI Liquid Fund - Direct Plan - Half-Yearly IDCW,2018-08,0,upstream
140504,UTI Liquid Fund - Direct Plan - Half-Yearly IDCW,2018-09,0,upstream
140504,UTI Liquid Fund - Direct Plan - Half-Yearly IDCW,2018-10,0,upstream
140606,BANDHAN Credit Risk Fund-Direct Plan-Periodic IDCW,2021-11,0,upstream
140606,BANDHAN Credit Risk Fund-Direct Plan-Periodic IDCW,2021-12,0,upstream
140606,BANDHAN Credit Risk Fund-Direct Plan-Periodic IDCW,2022-01,0,upstream
140606,BANDHAN Credit Risk Fund-Direct Plan-Periodic IDCW,2022-02,0,upstream
140606,BANDHAN Credit Risk Fund-Direct Plan-Periodic IDCW,2022-03,0,upstream
140606,BANDHAN Credit Risk Fund-Direct Plan-Periodic IDCW,2022-04,0,upstream
140606,BANDHAN Credit Risk Fund-Direct Plan-Periodic IDCW,2022-05,0,upstream
140606,BANDHAN Credit Risk Fund-Direct Plan-Periodic IDCW,2022-06,0,upstream
140606,BANDHAN Credit Risk Fund-Direct Plan-Periodic IDCW,2022-07,0,upstream
140606,BANDHAN Credit Risk Fund-Direct Plan-Periodic IDCW,2022-08,0,upstream
140606,BANDHAN Credit Risk Fund-Direct Plan-Periodic IDCW,2022-09,0,upstream
140606,BANDHAN Credit Risk Fund-Direct Plan-Periodic IDCW,2022-10,0,upstream
140606,BANDHAN Credit Risk Fund-Direct Plan-Periodic IDCW,2022-11,0,upstream
140606,BANDHAN Credit Risk Fund-Direct Plan-Periodic IDCW,2022-12,0,upstream
140606,BANDHAN Credit Risk Fund-Direct Plan-Periodic IDCW,2023-01,0,upstream
140606,BANDHAN Credit Risk Fund-Direct Plan-Periodic IDCW,2023-02,0,upstream
140809,Groww Largecap Fund (formerly known as Indiabulls Bluechip Fund)- Direct Plan- Monthly - Income Distribution cum capital withdrawal Option (Payout & Reinvestment),2017-09,0,upstream
140809,Groww Largecap Fund (formerly known as Indiabulls Bluechip Fund)- Direct Plan- Monthly - Income Distribution cum capital withdrawal Option (Payout & Reinvestment),2017-10,0,upstream
140809,Groww Largecap Fund (formerly known as Indiabulls Bluechip Fund)- Direct Plan- Monthly - Income Distribution cum capital withdrawal Option (Payout & Reinvestment),2017-11,0,upstream
140809,Groww Largecap Fund (formerly known as Indiabulls Bluechip Fund)- Direct Plan- Monthly - Income Distribution cum capital withdrawal Option (Payout & Reinvestment),2017-12,0,upstream
140913,UTI Liquid Fund - Direct Plan - Fortnightly IDCW,2017-04,0,upstream
141375,UTI Banking & PSU Fund - Direct Plan - Half-Yearly IDCW,2017-10,0,upstream
141375,UTI Banking & PSU Fund - Direct Plan - Half-Yearly IDCW,2017-11,0,upstream
141410,NAVI Large & Midcap Fund - Regular Half Yearly IDCW Payout,2021-03,0,upstream
141410,NAVI Large & Midcap Fund - Regular Half Yearly IDCW Payout,2021-04,0,upstream
141410,NAVI Large & Midcap Fund - Regular Half Yearly IDCW Payout,2021-05,0,upstream
141410,NAVI Large & Midcap Fund - Regular Half Yearly IDCW Payout,2021-06,0,upstream
141410,NAVI Large & Midcap Fund - Regular Half Yearly IDCW Payout,2021-07,0,upstream
141410,NAVI Large & Midcap Fund - Regular Half Yearly IDCW Payout,2021-08,0,upstream
141410,NAVI Large & Midcap Fund - Regular Half Yearly IDCW Payout,2021-09,0,upstream
141415,Navi Large & Midcap Fund - Direct Half Yearly IDCW Payout,2018-09,0,upstream
141415,Navi Large & Midcap Fund - Direct Half Yearly IDCW Payout,2018-10,0,upstream
141768,UTI Liquid Fund - Direct Plan - Flexi IDCW,2017-12,0,upstream
141768,UTI Liquid Fund - Direct Plan - Flexi IDCW,2018-01,0,upstream
141768,UTI Liquid Fund - Direct Plan - Flexi IDCW,2018-02,0,upstream
141768,UTI Liquid Fund - Direct Plan - Flexi IDCW,2018-03,0,upstream
141768,UTI Liquid Fund - Direct Plan - Flexi IDCW,2018-04,0,upstream
141768,UTI Liquid Fund - Direct Plan - Flexi IDCW,2018-05,0,upstream
141768,UTI Liquid Fund - Direct Plan - Flexi IDCW,2018-06,0,upstream
141768,UTI Liquid Fund - Direct Plan - Flexi IDCW,2018-07,0,upstream
141768,UTI Liquid Fund - Direct Plan - Flexi IDCW,2018-08,0,upstream
143258,BANDHAN Equity Savings Fund-Direct Plan -Quarterly IDCW,2019-06,0,upstream
143258,BANDHAN Equity Savings Fund-Direct Plan -Quarterly IDCW,2019-07,0,upstream
143509,Baroda BNP Paribas Ultra Short Duration Fund- Direct Plan- Weekly IDCW,2019-10,0,upstream
143509,Baroda BNP Paribas Ultra Short Duration Fund- Direct Plan- Weekly IDCW,2021-04,0,upstream
143509,Baroda BNP Paribas Ultra Short Duration Fund- Direct Plan- Weekly IDCW,2021-05,0,upstream
143509,Baroda BNP Paribas Ultra Short Duration Fund- Direct Plan- Weekly IDCW,2021-06,0,upstream
143509,Baroda BNP Paribas Ultra Short Duration Fund- Direct Plan- Weekly IDCW,2021-07,0,upstream
143509,Baroda BNP Paribas Ultra Short Duration Fund- Direct Plan- Weekly IDCW,2021-08,0,upstream
143509,Baroda BNP Paribas Ultra Short Duration Fund- Direct Plan- Weekly IDCW,2021-09,0,upstream
143509,Baroda BNP Paribas Ultra Short Duration Fund- Direct Plan- Weekly IDCW,2021-10,0,upstream
143509,Baroda BNP Paribas Ultra Short Duration Fund- Direct Plan- Weekly IDCW,2021-11,0,upstream
143509,Baroda BNP Paribas Ultra Short Duration Fund- Direct Plan- Weekly IDCW,2021-12,0,upstream
143509,Baroda BNP Paribas Ultra Short Duration Fund- Direct Plan- Weekly IDCW,2022-01,0,upstream
143509,Baroda BNP Paribas Ultra Short Duration Fund- Direct Plan- Weekly IDCW,2022-02,0,upstream
143509,Baroda BNP Paribas Ultra Short Duration Fund- Direct Plan- Weekly IDCW,2026-04,0,upstream
143509,Baroda BNP Paribas Ultra Short Duration Fund- Direct Plan- Weekly IDCW,2026-05,0,upstream
143509,Baroda BNP Paribas Ultra Short Duration Fund- Direct Plan- Weekly IDCW,2026-06,0,upstream
143510,Baroda BNP Paribas Ultra Short Duratio Fund- Regular Plan- Weekly IDCW,2021-01,0,upstream
143510,Baroda BNP Paribas Ultra Short Duratio Fund- Regular Plan- Weekly IDCW,2021-02,0,upstream
143510,Baroda BNP Paribas Ultra Short Duratio Fund- Regular Plan- Weekly IDCW,2021-03,0,upstream
143510,Baroda BNP Paribas Ultra Short Duratio Fund- Regular Plan- Weekly IDCW,2021-04,0,upstream
143510,Baroda BNP Paribas Ultra Short Duratio Fund- Regular Plan- Weekly IDCW,2021-05,0,upstream
143510,Baroda BNP Paribas Ultra Short Duratio Fund- Regular Plan- Weekly IDCW,2021-06,0,upstream
143510,Baroda BNP Paribas Ultra Short Duratio Fund- Regular Plan- Weekly IDCW,2021-07,0,upstream
143510,Baroda BNP Paribas Ultra Short Duratio Fund- Regular Plan- Weekly IDCW,2021-08,0,upstream
143510,Baroda BNP Paribas Ultra Short Duratio Fund- Regular Plan- Weekly IDCW,2021-09,0,upstream
143510,Baroda BNP Paribas Ultra Short Duratio Fund- Regular Plan- Weekly IDCW,2021-10,0,upstream
143510,Baroda BNP Paribas Ultra Short Duratio Fund- Regular Plan- Weekly IDCW,2021-11,0,upstream
143510,Baroda BNP Paribas Ultra Short Duratio Fund- Regular Plan- Weekly IDCW,2021-12,0,upstream
143510,Baroda BNP Paribas Ultra Short Duratio Fund- Regular Plan- Weekly IDCW,2022-01,0,upstream
143510,Baroda BNP Paribas Ultra Short Duratio Fund- Regular Plan- Weekly IDCW,2022-02,0,upstream
144196,BANDHAN ULTRA SHORT DURATION FUND - DIRECT PLAN PERIODIC IDCW,2018-09,0,upstream
144475,UTI Liquid Fund - Regular Plan - Half-Yearly IDCW,2019-04,0,upstream
144475,UTI Liquid Fund - Regular Plan - Half-Yearly IDCW,2019-05,0,upstream
144475,UTI Liquid Fund - Regular Plan - Half-Yearly IDCW,2019-06,0,upstream
144475,UTI Liquid Fund - Regular Plan - Half-Yearly IDCW,2019-07,0,upstream
144475,UTI Liquid Fund - Regular Plan - Half-Yearly IDCW,2019-08,0,upstream
144475,UTI Liquid Fund - Regular Plan - Half-Yearly IDCW,2019-09,0,upstream
144475,UTI Liquid Fund - Regular Plan - Half-Yearly IDCW,2019-10,0,upstream
144475,UTI Liquid Fund - Regular Plan - Half-Yearly IDCW,2019-11,0,upstream
144475,UTI Liquid Fund - Regular Plan - Half-Yearly IDCW,2020-04,0,upstream
145489,ADITYA BIRLA SUN LIFE OVERNIGHT FUND-  Direct - Weekly Reinvestment of IDCW,2022-09,0,upstream
145489,ADITYA BIRLA SUN LIFE OVERNIGHT FUND-  Direct - Weekly Reinvestment of IDCW,2022-10,0,upstream
145489,ADITYA BIRLA SUN LIFE OVERNIGHT FUND-  Direct - Weekly Reinvestment of IDCW,2022-11,0,upstream
145539,ICICI Prudential Overnight Fund - Direct Plan - Weekly IDCW,2019-09,0,upstream
145602,Groww Aggressive Hybrid Fund (formerly known as Indiabulls Equity Hybrid Fund)- Direct Plan- Half Yearly - Income Distribution cum capital withdrawal Option (Payout & Reinvestment),2019-02,0,upstream
145602,Groww Aggressive Hybrid Fund (formerly known as Indiabulls Equity Hybrid Fund)- Direct Plan- Half Yearly - Income Distribution cum capital withdrawal Option (Payout & Reinvestment),2019-03,0,upstream
145602,Groww Aggressive Hybrid Fund (formerly known as Indiabulls Equity Hybrid Fund)- Direct Plan- Half Yearly - Income Distribution cum capital withdrawal Option (Payout & Reinvestment),2019-07,0,upstream
145602,Groww Aggressive Hybrid Fund (formerly known as Indiabulls Equity Hybrid Fund)- Direct Plan- Half Yearly - Income Distribution cum capital withdrawal Option (Payout & Reinvestment),2019-08,0,upstream
145602,Groww Aggressive Hybrid Fund (formerly known as Indiabulls Equity Hybrid Fund)- Direct Plan- Half Yearly - Income Distribution cum capital withdrawal Option (Payout & Reinvestment),2019-09,0,upstream
145602,Groww Aggressive Hybrid Fund (formerly known as Indiabulls Equity Hybrid Fund)- Direct Plan- Half Yearly - Income Distribution cum capital withdrawal Option (Payout & Reinvestment),2019-10,0,upstream
145602,Groww Aggressive Hybrid Fund (formerly known as Indiabulls Equity Hybrid Fund)- Direct Plan- Half Yearly - Income Distribution cum capital withdrawal Option (Payout & Reinvestment),2019-11,0,upstream
145602,Groww Aggressive Hybrid Fund (formerly known as Indiabulls Equity Hybrid Fund)- Direct Plan- Half Yearly - Income Distribution cum capital withdrawal Option (Payout & Reinvestment),2019-12,0,upstream
145602,Groww Aggressive Hybrid Fund (formerly known as Indiabulls Equity Hybrid Fund)- Direct Plan- Half Yearly - Income Distribution cum capital withdrawal Option (Payout & Reinvestment),2020-01,0,upstream
145602,Groww Aggressive Hybrid Fund (formerly known as Indiabulls Equity Hybrid Fund)- Direct Plan- Half Yearly - Income Distribution cum capital withdrawal Option (Payout & Reinvestment),2020-02,0,upstream
145602,Groww Aggressive Hybrid Fund (formerly known as Indiabulls Equity Hybrid Fund)- Direct Plan- Half Yearly - Income Distribution cum capital withdrawal Option (Payout & Reinvestment),2020-05,0,upstream
146184,BANDHAN Overnight Fund - Direct Plan - Periodic IDCW,2022-07,0,upstream
146184,BANDHAN Overnight Fund - Direct Plan - Periodic IDCW,2022-08,0,upstream
146184,BANDHAN Overnight Fund - Direct Plan - Periodic IDCW,2022-09,0,upstream
146184,BANDHAN Overnight Fund - Direct Plan - Periodic IDCW,2022-10,0,upstream
146184,BANDHAN Overnight Fund - Direct Plan - Periodic IDCW,2022-11,0,upstream
146186,BANDHAN Overnight Fund - REGULAR PLAN PERIODIC IDCW,2019-06,0,upstream
146186,BANDHAN Overnight Fund - REGULAR PLAN PERIODIC IDCW,2019-07,0,upstream
146186,BANDHAN Overnight Fund - REGULAR PLAN PERIODIC IDCW,2019-08,0,upstream
146186,BANDHAN Overnight Fund - REGULAR PLAN PERIODIC IDCW,2019-09,0,upstream
146186,BANDHAN Overnight Fund - REGULAR PLAN PERIODIC IDCW,2019-10,0,upstream
146186,BANDHAN Overnight Fund - REGULAR PLAN PERIODIC IDCW,2019-11,0,upstream
146186,BANDHAN Overnight Fund - REGULAR PLAN PERIODIC IDCW,2019-12,0,upstream
146186,BANDHAN Overnight Fund - REGULAR PLAN PERIODIC IDCW,2020-01,0,upstream
146186,BANDHAN Overnight Fund - REGULAR PLAN PERIODIC IDCW,2020-02,0,upstream
146186,BANDHAN Overnight Fund - REGULAR PLAN PERIODIC IDCW,2020-03,0,upstream
146186,BANDHAN Overnight Fund - REGULAR PLAN PERIODIC IDCW,2020-04,0,upstream
146186,BANDHAN Overnight Fund - REGULAR PLAN PERIODIC IDCW,2020-05,0,upstream
146186,BANDHAN Overnight Fund - REGULAR PLAN PERIODIC IDCW,2020-07,0,upstream
146186,BANDHAN Overnight Fund - REGULAR PLAN PERIODIC IDCW,2020-08,0,upstream
146186,BANDHAN Overnight Fund - REGULAR PLAN PERIODIC IDCW,2020-09,0,upstream
146186,BANDHAN Overnight Fund - REGULAR PLAN PERIODIC IDCW,2020-10,0,upstream
146186,BANDHAN Overnight Fund - REGULAR PLAN PERIODIC IDCW,2020-11,0,upstream
146186,BANDHAN Overnight Fund - REGULAR PLAN PERIODIC IDCW,2020-12,0,upstream
146186,BANDHAN Overnight Fund - REGULAR PLAN PERIODIC IDCW,2021-01,0,upstream
146186,BANDHAN Overnight Fund - REGULAR PLAN PERIODIC IDCW,2021-02,0,upstream
146186,BANDHAN Overnight Fund - REGULAR PLAN PERIODIC IDCW,2021-03,0,upstream
146186,BANDHAN Overnight Fund - REGULAR PLAN PERIODIC IDCW,2021-04,0,upstream
146186,BANDHAN Overnight Fund - REGULAR PLAN PERIODIC IDCW,2021-05,0,upstream
146186,BANDHAN Overnight Fund - REGULAR PLAN PERIODIC IDCW,2021-06,0,upstream
146186,BANDHAN Overnight Fund - REGULAR PLAN PERIODIC IDCW,2021-07,0,upstream
146186,BANDHAN Overnight Fund - REGULAR PLAN PERIODIC IDCW,2021-08,0,upstream
146186,BANDHAN Overnight Fund - REGULAR PLAN PERIODIC IDCW,2021-09,0,upstream
147155,ITI Liquid Fund - Regular Plan - Fortnightly Income Distribution cum capital withdrawal option Option,2026-01,0,upstream
147160,ITI Liquid Fund - Direct Plan - Fortnightly IDCW Option,2021-07,0,upstream
147160,ITI Liquid Fund - Direct Plan - Fortnightly IDCW Option,2021-08,0,upstream
147160,ITI Liquid Fund - Direct Plan - Fortnightly IDCW Option,2021-09,0,upstream
147160,ITI Liquid Fund - Direct Plan - Fortnightly IDCW Option,2021-10,0,upstream
147160,ITI Liquid Fund - Direct Plan - Fortnightly IDCW Option,2021-11,0,upstream
147160,ITI Liquid Fund - Direct Plan - Fortnightly IDCW Option,2021-12,0,upstream
147160,ITI Liquid Fund - Direct Plan - Fortnightly IDCW Option,2022-01,0,upstream
147160,ITI Liquid Fund - Direct Plan - Fortnightly IDCW Option,2023-02,0,upstream
147160,ITI Liquid Fund - Direct Plan - Fortnightly IDCW Option,2023-03,0,upstream
147160,ITI Liquid Fund - Direct Plan - Fortnightly IDCW Option,2023-04,0,upstream
147160,ITI Liquid Fund - Direct Plan - Fortnightly IDCW Option,2023-05,0,upstream
147160,ITI Liquid Fund - Direct Plan - Fortnightly IDCW Option,2023-06,0,upstream
147160,ITI Liquid Fund - Direct Plan - Fortnightly IDCW Option,2023-07,0,upstream
147160,ITI Liquid Fund - Direct Plan - Fortnightly IDCW Option,2023-08,0,upstream
147160,ITI Liquid Fund - Direct Plan - Fortnightly IDCW Option,2023-09,0,upstream
147160,ITI Liquid Fund - Direct Plan - Fortnightly IDCW Option,2023-10,0,upstream
147160,ITI Liquid Fund - Direct Plan - Fortnightly IDCW Option,2023-11,0,upstream
147160,ITI Liquid Fund - Direct Plan - Fortnightly IDCW Option,2023-12,0,upstream
147160,ITI Liquid Fund - Direct Plan - Fortnightly IDCW Option,2024-01,0,upstream
147160,ITI Liquid Fund - Direct Plan - Fortnightly IDCW Option,2024-02,0,upstream
147160,ITI Liquid Fund - Direct Plan - Fortnightly IDCW Option,2024-03,0,upstream
147160,ITI Liquid Fund - Direct Plan - Fortnightly IDCW Option,2024-04,0,upstream
147160,ITI Liquid Fund - Direct Plan - Fortnightly IDCW Option,2024-05,0,upstream
147160,ITI Liquid Fund - Direct Plan - Fortnightly IDCW Option,2024-06,0,upstream
147160,ITI Liquid Fund - Direct Plan - Fortnightly IDCW Option,2024-07,0,upstream
147160,ITI Liquid Fund - Direct Plan - Fortnightly IDCW Option,2024-08,0,upstream
147160,ITI Liquid Fund - Direct Plan - Fortnightly IDCW Option,2024-09,0,upstream
147160,ITI Liquid Fund - Direct Plan - Fortnightly IDCW Option,2024-10,0,upstream
147160,ITI Liquid Fund - Direct Plan - Fortnightly IDCW Option,2024-11,0,upstream
147160,ITI Liquid Fund - Direct Plan - Fortnightly IDCW Option,2024-12,0,upstream
147160,ITI Liquid Fund - Direct Plan - Fortnightly IDCW Option,2025-01,0,upstream
147160,ITI Liquid Fund - Direct Plan - Fortnightly IDCW Option,2025-02,0,upstream
147160,ITI Liquid Fund - Direct Plan - Fortnightly IDCW Option,2025-03,0,upstream
147160,ITI Liquid Fund - Direct Plan - Fortnightly IDCW Option,2025-04,0,upstream
147160,ITI Liquid Fund - Direct Plan - Fortnightly IDCW Option,2025-05,0,upstream
147160,ITI Liquid Fund - Direct Plan - Fortnightly IDCW Option,2025-06,0,upstream
147160,ITI Liquid Fund - Direct Plan - Fortnightly IDCW Option,2025-07,0,upstream
147160,ITI Liquid Fund - Direct Plan - Fortnightly IDCW Option,2025-08,0,upstream
147160,ITI Liquid Fund - Direct Plan - Fortnightly IDCW Option,2025-09,0,upstream
147160,ITI Liquid Fund - Direct Plan - Fortnightly IDCW Option,2025-10,0,upstream
147160,ITI Liquid Fund - Direct Plan - Fortnightly IDCW Option,2025-11,0,upstream
147160,ITI Liquid Fund - Direct Plan - Fortnightly IDCW Option,2025-12,0,upstream
147288,HSBC Overnight Fund - Regular Weekly IDCW,2019-09,0,upstream
147288,HSBC Overnight Fund - Regular Weekly IDCW,2019-10,0,upstream
147296,HSBC Overnight Fund - Direct Weekly IDCW,2020-02,0,upstream
147296,HSBC Overnight Fund - Direct Weekly IDCW,2020-03,0,upstream
147300,HSBC Overnight Fund - Direct Monthly IDCW,2019-08,0,upstream
147300,HSBC Overnight Fund - Direct Monthly IDCW,2019-09,0,upstream
147300,HSBC Overnight Fund - Direct Monthly IDCW,2019-11,0,upstream
147300,HSBC Overnight Fund - Direct Monthly IDCW,2019-12,0,upstream
147300,HSBC Overnight Fund - Direct Monthly IDCW,2020-01,0,upstream
147300,HSBC Overnight Fund - Direct Monthly IDCW,2020-02,0,upstream
147300,HSBC Overnight Fund - Direct Monthly IDCW,2020-03,0,upstream
147300,HSBC Overnight Fund - Direct Monthly IDCW,2020-04,0,upstream
147300,HSBC Overnight Fund - Direct Monthly IDCW,2020-05,0,upstream
147300,HSBC Overnight Fund - Direct Monthly IDCW,2020-06,0,upstream
147300,HSBC Overnight Fund - Direct Monthly IDCW,2020-07,0,upstream
147300,HSBC Overnight Fund - Direct Monthly IDCW,2020-08,0,upstream
147300,HSBC Overnight Fund - Direct Monthly IDCW,2020-09,0,upstream
147300,HSBC Overnight Fund - Direct Monthly IDCW,2020-10,0,upstream
147300,HSBC Overnight Fund - Direct Monthly IDCW,2020-11,0,upstream
147300,HSBC Overnight Fund - Direct Monthly IDCW,2020-12,0,upstream
147300,HSBC Overnight Fund - Direct Monthly IDCW,2021-01,0,upstream
147300,HSBC Overnight Fund - Direct Monthly IDCW,2021-02,0,upstream
147300,HSBC Overnight Fund - Direct Monthly IDCW,2021-03,0,upstream
147300,HSBC Overnight Fund - Direct Monthly IDCW,2021-08,0,upstream
147300,HSBC Overnight Fund - Direct Monthly IDCW,2021-09,0,upstream
147300,HSBC Overnight Fund - Direct Monthly IDCW,2021-10,0,upstream
147300,HSBC Overnight Fund - Direct Monthly IDCW,2021-11,0,upstream
147300,HSBC Overnight Fund - Direct Monthly IDCW,2022-06,0,upstream
147300,HSBC Overnight Fund - Direct Monthly IDCW,2022-07,0,upstream
147300,HSBC Overnight Fund - Direct Monthly IDCW,2022-08,0,upstream
147300,HSBC Overnight Fund - Direct Monthly IDCW,2022-09,0,upstream
147300,HSBC Overnight Fund - Direct Monthly IDCW,2022-10,0,upstream
147309,WhiteOak Capital Ultra Short Duration Fund- Regular plan-Fortnightly Payout/ Reinvestment of Income Distribution cum capital withdrawal option (IDCW),2021-09,0,upstream
147309,WhiteOak Capital Ultra Short Duration Fund- Regular plan-Fortnightly Payout/ Reinvestment of Income Distribution cum capital withdrawal option (IDCW),2021-10,0,upstream
147309,WhiteOak Capital Ultra Short Duration Fund- Regular plan-Fortnightly Payout/ Reinvestment of Income Distribution cum capital withdrawal option (IDCW),2021-11,0,upstream
147309,WhiteOak Capital Ultra Short Duration Fund- Regular plan-Fortnightly Payout/ Reinvestment of Income Distribution cum capital withdrawal option (IDCW),2021-12,0,upstream
147309,WhiteOak Capital Ultra Short Duration Fund- Regular plan-Fortnightly Payout/ Reinvestment of Income Distribution cum capital withdrawal option (IDCW),2022-01,0,upstream
147310,WhiteOak Capital Ultra Short Duration Fund- Regular plan-Weekly Payout/ Reinvestment of Income Distribution cum capital withdrawal option (IDCW),2021-03,0,upstream
147310,WhiteOak Capital Ultra Short Duration Fund- Regular plan-Weekly Payout/ Reinvestment of Income Distribution cum capital withdrawal option (IDCW),2021-04,0,upstream
147310,WhiteOak Capital Ultra Short Duration Fund- Regular plan-Weekly Payout/ Reinvestment of Income Distribution cum capital withdrawal option (IDCW),2021-05,0,upstream
147310,WhiteOak Capital Ultra Short Duration Fund- Regular plan-Weekly Payout/ Reinvestment of Income Distribution cum capital withdrawal option (IDCW),2021-06,0,upstream
147310,WhiteOak Capital Ultra Short Duration Fund- Regular plan-Weekly Payout/ Reinvestment of Income Distribution cum capital withdrawal option (IDCW),2021-07,0,upstream
147310,WhiteOak Capital Ultra Short Duration Fund- Regular plan-Weekly Payout/ Reinvestment of Income Distribution cum capital withdrawal option (IDCW),2021-08,0,upstream
147310,WhiteOak Capital Ultra Short Duration Fund- Regular plan-Weekly Payout/ Reinvestment of Income Distribution cum capital withdrawal option (IDCW),2021-09,0,upstream
147310,WhiteOak Capital Ultra Short Duration Fund- Regular plan-Weekly Payout/ Reinvestment of Income Distribution cum capital withdrawal option (IDCW),2021-10,0,upstream
147310,WhiteOak Capital Ultra Short Duration Fund- Regular plan-Weekly Payout/ Reinvestment of Income Distribution cum capital withdrawal option (IDCW),2021-11,0,upstream
147310,WhiteOak Capital Ultra Short Duration Fund- Regular plan-Weekly Payout/ Reinvestment of Income Distribution cum capital withdrawal option (IDCW),2021-12,0,upstream
147310,WhiteOak Capital Ultra Short Duration Fund- Regular plan-Weekly Payout/ Reinvestment of Income Distribution cum capital withdrawal option (IDCW),2022-01,0,upstream
147373,Baroda BNP Paribas Money Market Fund - Direct Plan - Monthly IDCW,2019-10,0,upstream
147373,Baroda BNP Paribas Money Market Fund - Direct Plan - Monthly IDCW,2019-11,0,upstream
147373,Baroda BNP Paribas Money Market Fund - Direct Plan - Monthly IDCW,2019-12,0,upstream
147373,Baroda BNP Paribas Money Market Fund - Direct Plan - Monthly IDCW,2020-01,0,upstream
147373,Baroda BNP Paribas Money Market Fund - Direct Plan - Monthly IDCW,2020-02,0,upstream
147373,Baroda BNP Paribas Money Market Fund - Direct Plan - Monthly IDCW,2020-03,0,upstream
147373,Baroda BNP Paribas Money Market Fund - Direct Plan - Monthly IDCW,2020-04,0,upstream
147373,Baroda BNP Paribas Money Market Fund - Direct Plan - Monthly IDCW,2020-05,0,upstream
147373,Baroda BNP Paribas Money Market Fund - Direct Plan - Monthly IDCW,2020-06,0,upstream
147373,Baroda BNP Paribas Money Market Fund - Direct Plan - Monthly IDCW,2020-07,0,upstream
147373,Baroda BNP Paribas Money Market Fund - Direct Plan - Monthly IDCW,2020-08,0,upstream
147373,Baroda BNP Paribas Money Market Fund - Direct Plan - Monthly IDCW,2020-09,0,upstream
147373,Baroda BNP Paribas Money Market Fund - Direct Plan - Monthly IDCW,2020-10,0,upstream
147373,Baroda BNP Paribas Money Market Fund - Direct Plan - Monthly IDCW,2020-11,0,upstream
147373,Baroda BNP Paribas Money Market Fund - Direct Plan - Monthly IDCW,2020-12,0,upstream
147373,Baroda BNP Paribas Money Market Fund - Direct Plan - Monthly IDCW,2021-01,0,upstream
147373,Baroda BNP Paribas Money Market Fund - Direct Plan - Monthly IDCW,2021-03,0,upstream
147373,Baroda BNP Paribas Money Market Fund - Direct Plan - Monthly IDCW,2021-04,0,upstream
147373,Baroda BNP Paribas Money Market Fund - Direct Plan - Monthly IDCW,2021-05,0,upstream
147373,Baroda BNP Paribas Money Market Fund - Direct Plan - Monthly IDCW,2021-06,0,upstream
147373,Baroda BNP Paribas Money Market Fund - Direct Plan - Monthly IDCW,2021-07,0,upstream
147373,Baroda BNP Paribas Money Market Fund - Direct Plan - Monthly IDCW,2021-08,0,upstream
147373,Baroda BNP Paribas Money Market Fund - Direct Plan - Monthly IDCW,2021-09,0,upstream
147373,Baroda BNP Paribas Money Market Fund - Direct Plan - Monthly IDCW,2021-10,0,upstream
147373,Baroda BNP Paribas Money Market Fund - Direct Plan - Monthly IDCW,2021-11,0,upstream
147373,Baroda BNP Paribas Money Market Fund - Direct Plan - Monthly IDCW,2021-12,0,upstream
147373,Baroda BNP Paribas Money Market Fund - Direct Plan - Monthly IDCW,2022-01,0,upstream
147373,Baroda BNP Paribas Money Market Fund - Direct Plan - Monthly IDCW,2022-02,0,upstream
147378,Baroda BNP Paribas Money Market Fund - Direct Plan-Daily IDCW,2020-04,0,upstream
147378,Baroda BNP Paribas Money Market Fund - Direct Plan-Daily IDCW,2020-05,0,upstream
147378,Baroda BNP Paribas Money Market Fund - Direct Plan-Daily IDCW,2020-06,0,upstream
147378,Baroda BNP Paribas Money Market Fund - Direct Plan-Daily IDCW,2020-07,0,upstream
147378,Baroda BNP Paribas Money Market Fund - Direct Plan-Daily IDCW,2020-08,0,upstream
147378,Baroda BNP Paribas Money Market Fund - Direct Plan-Daily IDCW,2020-09,0,upstream
147378,Baroda BNP Paribas Money Market Fund - Direct Plan-Daily IDCW,2020-10,0,upstream
147378,Baroda BNP Paribas Money Market Fund - Direct Plan-Daily IDCW,2020-11,0,upstream
147378,Baroda BNP Paribas Money Market Fund - Direct Plan-Daily IDCW,2020-12,0,upstream
147378,Baroda BNP Paribas Money Market Fund - Direct Plan-Daily IDCW,2021-01,0,upstream
147378,Baroda BNP Paribas Money Market Fund - Direct Plan-Daily IDCW,2021-02,0,upstream
147378,Baroda BNP Paribas Money Market Fund - Direct Plan-Daily IDCW,2021-03,0,upstream
147378,Baroda BNP Paribas Money Market Fund - Direct Plan-Daily IDCW,2021-04,0,upstream
147378,Baroda BNP Paribas Money Market Fund - Direct Plan-Daily IDCW,2021-05,0,upstream
147378,Baroda BNP Paribas Money Market Fund - Direct Plan-Daily IDCW,2021-06,0,upstream
147378,Baroda BNP Paribas Money Market Fund - Direct Plan-Daily IDCW,2021-07,0,upstream
147378,Baroda BNP Paribas Money Market Fund - Direct Plan-Daily IDCW,2021-08,0,upstream
147378,Baroda BNP Paribas Money Market Fund - Direct Plan-Daily IDCW,2021-09,0,upstream
147378,Baroda BNP Paribas Money Market Fund - Direct Plan-Daily IDCW,2021-10,0,upstream
147378,Baroda BNP Paribas Money Market Fund - Direct Plan-Daily IDCW,2021-11,0,upstream
147378,Baroda BNP Paribas Money Market Fund - Direct Plan-Daily IDCW,2021-12,0,upstream
147378,Baroda BNP Paribas Money Market Fund - Direct Plan-Daily IDCW,2022-01,0,upstream
147378,Baroda BNP Paribas Money Market Fund - Direct Plan-Daily IDCW,2022-02,0,upstream
147451,Groww Overnight Fund (formerly known as Indiabulls Overnight Fund)- Direct Plan- Weekly - Income Distribution cum capital withdrawal Option (Payout & Reinvestment),2022-10,0,upstream
147451,Groww Overnight Fund (formerly known as Indiabulls Overnight Fund)- Direct Plan- Weekly - Income Distribution cum capital withdrawal Option (Payout & Reinvestment),2022-11,0,upstream
147451,Groww Overnight Fund (formerly known as Indiabulls Overnight Fund)- Direct Plan- Weekly - Income Distribution cum capital withdrawal Option (Payout & Reinvestment),2022-12,0,upstream
147451,Groww Overnight Fund (formerly known as Indiabulls Overnight Fund)- Direct Plan- Weekly - Income Distribution cum capital withdrawal Option (Payout & Reinvestment),2023-01,0,upstream
147451,Groww Overnight Fund (formerly known as Indiabulls Overnight Fund)- Direct Plan- Weekly - Income Distribution cum capital withdrawal Option (Payout & Reinvestment),2023-02,0,upstream
147451,Groww Overnight Fund (formerly known as Indiabulls Overnight Fund)- Direct Plan- Weekly - Income Distribution cum capital withdrawal Option (Payout & Reinvestment),2023-03,0,upstream
147451,Groww Overnight Fund (formerly known as Indiabulls Overnight Fund)- Direct Plan- Weekly - Income Distribution cum capital withdrawal Option (Payout & Reinvestment),2023-04,0,upstream
147451,Groww Overnight Fund (formerly known as Indiabulls Overnight Fund)- Direct Plan- Weekly - Income Distribution cum capital withdrawal Option (Payout & Reinvestment),2023-05,0,upstream
147451,Groww Overnight Fund (formerly known as Indiabulls Overnight Fund)- Direct Plan- Weekly - Income Distribution cum capital withdrawal Option (Payout & Reinvestment),2023-06,0,upstream
147451,Groww Overnight Fund (formerly known as Indiabulls Overnight Fund)- Direct Plan- Weekly - Income Distribution cum capital withdrawal Option (Payout & Reinvestment),2023-07,0,upstream
147451,Groww Overnight Fund (formerly known as Indiabulls Overnight Fund)- Direct Plan- Weekly - Income Distribution cum capital withdrawal Option (Payout & Reinvestment),2023-08,0,upstream
147451,Groww Overnight Fund (formerly known as Indiabulls Overnight Fund)- Direct Plan- Weekly - Income Distribution cum capital withdrawal Option (Payout & Reinvestment),2023-09,0,upstream
147451,Groww Overnight Fund (formerly known as Indiabulls Overnight Fund)- Direct Plan- Weekly - Income Distribution cum capital withdrawal Option (Payout & Reinvestment),2023-10,0,upstream
147451,Groww Overnight Fund (formerly known as Indiabulls Overnight Fund)- Direct Plan- Weekly - Income Distribution cum capital withdrawal Option (Payout & Reinvestment),2023-11,0,upstream
147451,Groww Overnight Fund (formerly known as Indiabulls Overnight Fund)- Direct Plan- Weekly - Income Distribution cum capital withdrawal Option (Payout & Reinvestment),2023-12,0,upstream
147451,Groww Overnight Fund (formerly known as Indiabulls Overnight Fund)- Direct Plan- Weekly - Income Distribution cum capital withdrawal Option (Payout & Reinvestment),2024-04,0,upstream
147451,Groww Overnight Fund (formerly known as Indiabulls Overnight Fund)- Direct Plan- Weekly - Income Distribution cum capital withdrawal Option (Payout & Reinvestment),2024-05,0,upstream
147451,Groww Overnight Fund (formerly known as Indiabulls Overnight Fund)- Direct Plan- Weekly - Income Distribution cum capital withdrawal Option (Payout & Reinvestment),2024-06,0,upstream
147451,Groww Overnight Fund (formerly known as Indiabulls Overnight Fund)- Direct Plan- Weekly - Income Distribution cum capital withdrawal Option (Payout & Reinvestment),2024-07,0,upstream
147452,Groww Overnight Fund (formerly known as Indiabulls Overnight Fund)- Direct Plan- Fortnightly - Income Distribution cum capital withdrawal Option (Payout & Reinvestment),2022-09,0,upstream
147452,Groww Overnight Fund (formerly known as Indiabulls Overnight Fund)- Direct Plan- Fortnightly - Income Distribution cum capital withdrawal Option (Payout & Reinvestment),2022-10,0,upstream
147452,Groww Overnight Fund (formerly known as Indiabulls Overnight Fund)- Direct Plan- Fortnightly - Income Distribution cum capital withdrawal Option (Payout & Reinvestment),2022-11,0,upstream
147452,Groww Overnight Fund (formerly known as Indiabulls Overnight Fund)- Direct Plan- Fortnightly - Income Distribution cum capital withdrawal Option (Payout & Reinvestment),2022-12,0,upstream
147452,Groww Overnight Fund (formerly known as Indiabulls Overnight Fund)- Direct Plan- Fortnightly - Income Distribution cum capital withdrawal Option (Payout & Reinvestment),2023-01,0,upstream
147452,Groww Overnight Fund (formerly known as Indiabulls Overnight Fund)- Direct Plan- Fortnightly - Income Distribution cum capital withdrawal Option (Payout & Reinvestment),2023-02,0,upstream
147452,Groww Overnight Fund (formerly known as Indiabulls Overnight Fund)- Direct Plan- Fortnightly - Income Distribution cum capital withdrawal Option (Payout & Reinvestment),2023-03,0,upstream
147452,Groww Overnight Fund (formerly known as Indiabulls Overnight Fund)- Direct Plan- Fortnightly - Income Distribution cum capital withdrawal Option (Payout & Reinvestment),2023-04,0,upstream
147452,Groww Overnight Fund (formerly known as Indiabulls Overnight Fund)- Direct Plan- Fortnightly - Income Distribution cum capital withdrawal Option (Payout & Reinvestment),2023-05,0,upstream
147452,Groww Overnight Fund (formerly known as Indiabulls Overnight Fund)- Direct Plan- Fortnightly - Income Distribution cum capital withdrawal Option (Payout & Reinvestment),2023-06,0,upstream
147452,Groww Overnight Fund (formerly known as Indiabulls Overnight Fund)- Direct Plan- Fortnightly - Income Distribution cum capital withdrawal Option (Payout & Reinvestment),2023-07,0,upstream
147452,Groww Overnight Fund (formerly known as Indiabulls Overnight Fund)- Direct Plan- Fortnightly - Income Distribution cum capital withdrawal Option (Payout & Reinvestment),2023-08,0,upstream
147452,Groww Overnight Fund (formerly known as Indiabulls Overnight Fund)- Direct Plan- Fortnightly - Income Distribution cum capital withdrawal Option (Payout & Reinvestment),2023-09,0,upstream
147452,Groww Overnight Fund (formerly known as Indiabulls Overnight Fund)- Direct Plan- Fortnightly - Income Distribution cum capital withdrawal Option (Payout & Reinvestment),2023-10,0,upstream
147512,LIC MF Overnight Fund-Regular Plan-IDCW,2022-09,0,upstream
147512,LIC MF Overnight Fund-Regular Plan-IDCW,2022-10,0,upstream
147512,LIC MF Overnight Fund-Regular Plan-IDCW,2022-11,0,upstream
147512,LIC MF Overnight Fund-Regular Plan-IDCW,2022-12,0,upstream
147512,LIC MF Overnight Fund-Regular Plan-IDCW,2023-01,0,upstream
147512,LIC MF Overnight Fund-Regular Plan-IDCW,2023-02,0,upstream
147512,LIC MF Overnight Fund-Regular Plan-IDCW,2023-03,0,upstream
147512,LIC MF Overnight Fund-Regular Plan-IDCW,2023-04,0,upstream
147512,LIC MF Overnight Fund-Regular Plan-IDCW,2023-05,0,upstream
147512,LIC MF Overnight Fund-Regular Plan-IDCW,2023-06,0,upstream
147512,LIC MF Overnight Fund-Regular Plan-IDCW,2023-07,0,upstream
147516,LIC MF Overnight Fund-Direct Plan-Daily IDCW,2023-06,0,upstream
147516,LIC MF Overnight Fund-Direct Plan-Daily IDCW,2023-07,0,upstream
147517,LIC MF Overnight Fund-Regular Plan-Daily IDCW,2022-02,0,upstream
147517,LIC MF Overnight Fund-Regular Plan-Daily IDCW,2022-03,0,upstream
147517,LIC MF Overnight Fund-Regular Plan-Daily IDCW,2022-04,0,upstream
147517,LIC MF Overnight Fund-Regular Plan-Daily IDCW,2022-05,0,upstream
147517,LIC MF Overnight Fund-Regular Plan-Daily IDCW,2022-06,0,upstream
147517,LIC MF Overnight Fund-Regular Plan-Daily IDCW,2022-07,0,upstream
147517,LIC MF Overnight Fund-Regular Plan-Daily IDCW,2022-08,0,upstream
147517,LIC MF Overnight Fund-Regular Plan-Daily IDCW,2022-09,0,upstream
147517,LIC MF Overnight Fund-Regular Plan-Daily IDCW,2022-10,0,upstream
147517,LIC MF Overnight Fund-Regular Plan-Daily IDCW,2022-11,0,upstream
147517,LIC MF Overnight Fund-Regular Plan-Daily IDCW,2023-11,0,upstream
147517,LIC MF Overnight Fund-Regular Plan-Daily IDCW,2023-12,0,upstream
147517,LIC MF Overnight Fund-Regular Plan-Daily IDCW,2024-01,0,upstream
147517,LIC MF Overnight Fund-Regular Plan-Daily IDCW,2024-02,0,upstream
147517,LIC MF Overnight Fund-Regular Plan-Daily IDCW,2024-03,0,upstream
147517,LIC MF Overnight Fund-Regular Plan-Daily IDCW,2024-04,0,upstream
147517,LIC MF Overnight Fund-Regular Plan-Daily IDCW,2024-05,0,upstream
147517,LIC MF Overnight Fund-Regular Plan-Daily IDCW,2024-06,0,upstream
147517,LIC MF Overnight Fund-Regular Plan-Daily IDCW,2024-07,0,upstream
147517,LIC MF Overnight Fund-Regular Plan-Daily IDCW,2024-09,0,upstream
147517,LIC MF Overnight Fund-Regular Plan-Daily IDCW,2024-10,0,upstream
147517,LIC MF Overnight Fund-Regular Plan-Daily IDCW,2024-11,0,upstream
147517,LIC MF Overnight Fund-Regular Plan-Daily IDCW,2024-12,0,upstream
147517,LIC MF Overnight Fund-Regular Plan-Daily IDCW,2025-01,0,upstream
147517,LIC MF Overnight Fund-Regular Plan-Daily IDCW,2025-02,0,upstream
147517,LIC MF Overnight Fund-Regular Plan-Daily IDCW,2025-03,0,upstream
147517,LIC MF Overnight Fund-Regular Plan-Daily IDCW,2025-04,0,upstream
147517,LIC MF Overnight Fund-Regular Plan-Daily IDCW,2025-05,0,upstream
147517,LIC MF Overnight Fund-Regular Plan-Daily IDCW,2025-06,0,upstream
147517,LIC MF Overnight Fund-Regular Plan-Daily IDCW,2025-07,0,upstream
147517,LIC MF Overnight Fund-Regular Plan-Daily IDCW,2025-08,0,upstream
147517,LIC MF Overnight Fund-Regular Plan-Daily IDCW,2025-09,0,upstream
147517,LIC MF Overnight Fund-Regular Plan-Daily IDCW,2025-10,0,upstream
147549,Edelweiss Overnight Fund - Regular Plan - Fortnightly - IDCW Option,2020-09,0,upstream
147549,Edelweiss Overnight Fund - Regular Plan - Fortnightly - IDCW Option,2020-10,0,upstream
147549,Edelweiss Overnight Fund - Regular Plan - Fortnightly - IDCW Option,2020-11,0,upstream
147549,Edelweiss Overnight Fund - Regular Plan - Fortnightly - IDCW Option,2020-12,0,upstream
147549,Edelweiss Overnight Fund - Regular Plan - Fortnightly - IDCW Option,2021-01,0,upstream
147549,Edelweiss Overnight Fund - Regular Plan - Fortnightly - IDCW Option,2021-02,0,upstream
147549,Edelweiss Overnight Fund - Regular Plan - Fortnightly - IDCW Option,2021-03,0,upstream
147549,Edelweiss Overnight Fund - Regular Plan - Fortnightly - IDCW Option,2021-04,0,upstream
147549,Edelweiss Overnight Fund - Regular Plan - Fortnightly - IDCW Option,2021-05,0,upstream
147549,Edelweiss Overnight Fund - Regular Plan - Fortnightly - IDCW Option,2021-06,0,upstream
147549,Edelweiss Overnight Fund - Regular Plan - Fortnightly - IDCW Option,2021-07,0,upstream
147549,Edelweiss Overnight Fund - Regular Plan - Fortnightly - IDCW Option,2021-08,0,upstream
147549,Edelweiss Overnight Fund - Regular Plan - Fortnightly - IDCW Option,2021-09,0,upstream
147549,Edelweiss Overnight Fund - Regular Plan - Fortnightly - IDCW Option,2021-10,0,upstream
147549,Edelweiss Overnight Fund - Regular Plan - Fortnightly - IDCW Option,2021-11,0,upstream
147549,Edelweiss Overnight Fund - Regular Plan - Fortnightly - IDCW Option,2021-12,0,upstream
147549,Edelweiss Overnight Fund - Regular Plan - Fortnightly - IDCW Option,2022-01,0,upstream
147550,Edelweiss Overnight Fund - Direct Plan - Fortnightly - IDCW Option,2022-06,0,upstream
147550,Edelweiss Overnight Fund - Direct Plan - Fortnightly - IDCW Option,2022-07,0,upstream
147550,Edelweiss Overnight Fund - Direct Plan - Fortnightly - IDCW Option,2022-08,0,upstream
147550,Edelweiss Overnight Fund - Direct Plan - Fortnightly - IDCW Option,2022-09,0,upstream
147550,Edelweiss Overnight Fund - Direct Plan - Fortnightly - IDCW Option,2022-10,0,upstream
147550,Edelweiss Overnight Fund - Direct Plan - Fortnightly - IDCW Option,2022-11,0,upstream
147550,Edelweiss Overnight Fund - Direct Plan - Fortnightly - IDCW Option,2023-03,0,upstream
147550,Edelweiss Overnight Fund - Direct Plan - Fortnightly - IDCW Option,2023-04,0,upstream
147550,Edelweiss Overnight Fund - Direct Plan - Fortnightly - IDCW Option,2023-05,0,upstream
147550,Edelweiss Overnight Fund - Direct Plan - Fortnightly - IDCW Option,2023-06,0,upstream
147550,Edelweiss Overnight Fund - Direct Plan - Fortnightly - IDCW Option,2023-07,0,upstream
147550,Edelweiss Overnight Fund - Direct Plan - Fortnightly - IDCW Option,2023-08,0,upstream
147550,Edelweiss Overnight Fund - Direct Plan - Fortnightly - IDCW Option,2023-09,0,upstream
147550,Edelweiss Overnight Fund - Direct Plan - Fortnightly - IDCW Option,2023-10,0,upstream
147550,Edelweiss Overnight Fund - Direct Plan - Fortnightly - IDCW Option,2023-11,0,upstream
147550,Edelweiss Overnight Fund - Direct Plan - Fortnightly - IDCW Option,2023-12,0,upstream
147550,Edelweiss Overnight Fund - Direct Plan - Fortnightly - IDCW Option,2024-01,0,upstream
147550,Edelweiss Overnight Fund - Direct Plan - Fortnightly - IDCW Option,2024-02,0,upstream
147550,Edelweiss Overnight Fund - Direct Plan - Fortnightly - IDCW Option,2024-03,0,upstream
147550,Edelweiss Overnight Fund - Direct Plan - Fortnightly - IDCW Option,2024-04,0,upstream
147550,Edelweiss Overnight Fund - Direct Plan - Fortnightly - IDCW Option,2024-05,0,upstream
147550,Edelweiss Overnight Fund - Direct Plan - Fortnightly - IDCW Option,2024-06,0,upstream
147550,Edelweiss Overnight Fund - Direct Plan - Fortnightly - IDCW Option,2024-07,0,upstream
147550,Edelweiss Overnight Fund - Direct Plan - Fortnightly - IDCW Option,2024-08,0,upstream
147550,Edelweiss Overnight Fund - Direct Plan - Fortnightly - IDCW Option,2024-09,0,upstream
147550,Edelweiss Overnight Fund - Direct Plan - Fortnightly - IDCW Option,2024-10,0,upstream
147550,Edelweiss Overnight Fund - Direct Plan - Fortnightly - IDCW Option,2024-11,0,upstream
147550,Edelweiss Overnight Fund - Direct Plan - Fortnightly - IDCW Option,2024-12,0,upstream
147550,Edelweiss Overnight Fund - Direct Plan - Fortnightly - IDCW Option,2025-01,0,upstream
147550,Edelweiss Overnight Fund - Direct Plan - Fortnightly - IDCW Option,2025-02,0,upstream
147550,Edelweiss Overnight Fund - Direct Plan - Fortnightly - IDCW Option,2025-03,0,upstream
147550,Edelweiss Overnight Fund - Direct Plan - Fortnightly - IDCW Option,2025-04,0,upstream
147550,Edelweiss Overnight Fund - Direct Plan - Fortnightly - IDCW Option,2025-05,0,upstream
147550,Edelweiss Overnight Fund - Direct Plan - Fortnightly - IDCW Option,2025-06,0,upstream
147550,Edelweiss Overnight Fund - Direct Plan - Fortnightly - IDCW Option,2025-07,0,upstream
147550,Edelweiss Overnight Fund - Direct Plan - Fortnightly - IDCW Option,2025-08,0,upstream
147550,Edelweiss Overnight Fund - Direct Plan - Fortnightly - IDCW Option,2025-09,0,upstream
147550,Edelweiss Overnight Fund - Direct Plan - Fortnightly - IDCW Option,2025-10,0,upstream
147550,Edelweiss Overnight Fund - Direct Plan - Fortnightly - IDCW Option,2025-11,0,upstream
147554,Edelweiss Overnight Fund - Direct Plan - Monthly - IDCW Option,2020-01,0,upstream
147554,Edelweiss Overnight Fund - Direct Plan - Monthly - IDCW Option,2020-02,0,upstream
147554,Edelweiss Overnight Fund - Direct Plan - Monthly - IDCW Option,2020-03,0,upstream
147554,Edelweiss Overnight Fund - Direct Plan - Monthly - IDCW Option,2020-04,0,upstream
147554,Edelweiss Overnight Fund - Direct Plan - Monthly - IDCW Option,2020-07,0,upstream
147556,Edelweiss Overnight Fund - Regular Plan - Annual - IDCW Option,2020-11,0,upstream
147556,Edelweiss Overnight Fund - Regular Plan - Annual - IDCW Option,2020-12,0,upstream
147556,Edelweiss Overnight Fund - Regular Plan - Annual - IDCW Option,2021-01,0,upstream
147556,Edelweiss Overnight Fund - Regular Plan - Annual - IDCW Option,2021-02,0,upstream
147556,Edelweiss Overnight Fund - Regular Plan - Annual - IDCW Option,2021-03,0,upstream
147556,Edelweiss Overnight Fund - Regular Plan - Annual - IDCW Option,2021-04,0,upstream
147556,Edelweiss Overnight Fund - Regular Plan - Annual - IDCW Option,2021-05,0,upstream
147556,Edelweiss Overnight Fund - Regular Plan - Annual - IDCW Option,2021-06,0,upstream
147556,Edelweiss Overnight Fund - Regular Plan - Annual - IDCW Option,2021-07,0,upstream
147556,Edelweiss Overnight Fund - Regular Plan - Annual - IDCW Option,2021-08,0,upstream
147556,Edelweiss Overnight Fund - Regular Plan - Annual - IDCW Option,2021-09,0,upstream
147556,Edelweiss Overnight Fund - Regular Plan - Annual - IDCW Option,2021-10,0,upstream
147558,Edelweiss Overnight Fund - Direct Plan - Weekly - IDCW Option,2022-04,0,upstream
147558,Edelweiss Overnight Fund - Direct Plan - Weekly - IDCW Option,2022-05,0,upstream
147558,Edelweiss Overnight Fund - Direct Plan - Weekly - IDCW Option,2022-06,0,upstream
147558,Edelweiss Overnight Fund - Direct Plan - Weekly - IDCW Option,2022-07,0,upstream
147558,Edelweiss Overnight Fund - Direct Plan - Weekly - IDCW Option,2022-08,0,upstream
147558,Edelweiss Overnight Fund - Direct Plan - Weekly - IDCW Option,2022-09,0,upstream
147558,Edelweiss Overnight Fund - Direct Plan - Weekly - IDCW Option,2022-10,0,upstream
147558,Edelweiss Overnight Fund - Direct Plan - Weekly - IDCW Option,2022-11,0,upstream
147558,Edelweiss Overnight Fund - Direct Plan - Weekly - IDCW Option,2022-12,0,upstream
147558,Edelweiss Overnight Fund - Direct Plan - Weekly - IDCW Option,2023-01,0,upstream
147558,Edelweiss Overnight Fund - Direct Plan - Weekly - IDCW Option,2023-02,0,upstream
147558,Edelweiss Overnight Fund - Direct Plan - Weekly - IDCW Option,2023-03,0,upstream
147558,Edelweiss Overnight Fund - Direct Plan - Weekly - IDCW Option,2023-04,0,upstream
147558,Edelweiss Overnight Fund - Direct Plan - Weekly - IDCW Option,2023-05,0,upstream
147558,Edelweiss Overnight Fund - Direct Plan - Weekly - IDCW Option,2023-06,0,upstream
147558,Edelweiss Overnight Fund - Direct Plan - Weekly - IDCW Option,2023-07,0,upstream
147558,Edelweiss Overnight Fund - Direct Plan - Weekly - IDCW Option,2023-08,0,upstream
147558,Edelweiss Overnight Fund - Direct Plan - Weekly - IDCW Option,2023-09,0,upstream
147558,Edelweiss Overnight Fund - Direct Plan - Weekly - IDCW Option,2023-10,0,upstream
147558,Edelweiss Overnight Fund - Direct Plan - Weekly - IDCW Option,2023-11,0,upstream
147558,Edelweiss Overnight Fund - Direct Plan - Weekly - IDCW Option,2023-12,0,upstream
147558,Edelweiss Overnight Fund - Direct Plan - Weekly - IDCW Option,2024-01,0,upstream
147558,Edelweiss Overnight Fund - Direct Plan - Weekly - IDCW Option,2024-02,0,upstream
147558,Edelweiss Overnight Fund - Direct Plan - Weekly - IDCW Option,2024-03,0,upstream
147558,Edelweiss Overnight Fund - Direct Plan - Weekly - IDCW Option,2024-04,0,upstream
147558,Edelweiss Overnight Fund - Direct Plan - Weekly - IDCW Option,2024-05,0,upstream
147558,Edelweiss Overnight Fund - Direct Plan - Weekly - IDCW Option,2024-06,0,upstream
147558,Edelweiss Overnight Fund - Direct Plan - Weekly - IDCW Option,2024-07,0,upstream
147558,Edelweiss Overnight Fund - Direct Plan - Weekly - IDCW Option,2024-08,0,upstream
147558,Edelweiss Overnight Fund - Direct Plan - Weekly - IDCW Option,2024-09,0,upstream
147558,Edelweiss Overnight Fund - Direct Plan - Weekly - IDCW Option,2024-10,0,upstream
147558,Edelweiss Overnight Fund - Direct Plan - Weekly - IDCW Option,2024-11,0,upstream
147558,Edelweiss Overnight Fund - Direct Plan - Weekly - IDCW Option,2024-12,0,upstream
147558,Edelweiss Overnight Fund - Direct Plan - Weekly - IDCW Option,2025-01,0,upstream
147558,Edelweiss Overnight Fund - Direct Plan - Weekly - IDCW Option,2025-02,0,upstream
147558,Edelweiss Overnight Fund - Direct Plan - Weekly - IDCW Option,2025-03,0,upstream
147558,Edelweiss Overnight Fund - Direct Plan - Weekly - IDCW Option,2025-04,0,upstream
147558,Edelweiss Overnight Fund - Direct Plan - Weekly - IDCW Option,2025-05,0,upstream
147558,Edelweiss Overnight Fund - Direct Plan - Weekly - IDCW Option,2025-06,0,upstream
147558,Edelweiss Overnight Fund - Direct Plan - Weekly - IDCW Option,2025-07,0,upstream
147558,Edelweiss Overnight Fund - Direct Plan - Weekly - IDCW Option,2025-08,0,upstream
147558,Edelweiss Overnight Fund - Direct Plan - Weekly - IDCW Option,2025-09,0,upstream
147558,Edelweiss Overnight Fund - Direct Plan - Weekly - IDCW Option,2025-10,0,upstream
147558,Edelweiss Overnight Fund - Direct Plan - Weekly - IDCW Option,2025-11,0,upstream
147558,Edelweiss Overnight Fund - Direct Plan - Weekly - IDCW Option,2025-12,0,upstream
147707,ITI Overnight Fund - Direct Plan - Annual IDCW Option,2024-02,0,upstream
147707,ITI Overnight Fund - Direct Plan - Annual IDCW Option,2024-03,0,upstream
147707,ITI Overnight Fund - Direct Plan - Annual IDCW Option,2024-04,0,upstream
147707,ITI Overnight Fund - Direct Plan - Annual IDCW Option,2024-05,0,upstream
147707,ITI Overnight Fund - Direct Plan - Annual IDCW Option,2024-06,0,upstream
147707,ITI Overnight Fund - Direct Plan - Annual IDCW Option,2024-07,0,upstream
147707,ITI Overnight Fund - Direct Plan - Annual IDCW Option,2024-09,0,upstream
147707,ITI Overnight Fund - Direct Plan - Annual IDCW Option,2024-10,0,upstream
147707,ITI Overnight Fund - Direct Plan - Annual IDCW Option,2024-11,0,upstream
147707,ITI Overnight Fund - Direct Plan - Annual IDCW Option,2024-12,0,upstream
147707,ITI Overnight Fund - Direct Plan - Annual IDCW Option,2025-01,0,upstream
147707,ITI Overnight Fund - Direct Plan - Annual IDCW Option,2025-02,0,upstream
147707,ITI Overnight Fund - Direct Plan - Annual IDCW Option,2025-03,0,upstream
147707,ITI Overnight Fund - Direct Plan - Annual IDCW Option,2025-04,0,upstream
147707,ITI Overnight Fund - Direct Plan - Annual IDCW Option,2025-05,0,upstream
147707,ITI Overnight Fund - Direct Plan - Annual IDCW Option,2025-06,0,upstream
147707,ITI Overnight Fund - Direct Plan - Annual IDCW Option,2025-07,0,upstream
147707,ITI Overnight Fund - Direct Plan - Annual IDCW Option,2025-08,0,upstream
147707,ITI Overnight Fund - Direct Plan - Annual IDCW Option,2025-12,0,upstream
147708,ITI Overnight Fund - Direct Plan - Daily IDCW Option,2023-02,0,upstream
147708,ITI Overnight Fund - Direct Plan - Daily IDCW Option,2023-03,0,upstream
147708,ITI Overnight Fund - Direct Plan - Daily IDCW Option,2023-04,0,upstream
147708,ITI Overnight Fund - Direct Plan - Daily IDCW Option,2023-05,0,upstream
147708,ITI Overnight Fund - Direct Plan - Daily IDCW Option,2023-06,0,upstream
147708,ITI Overnight Fund - Direct Plan - Daily IDCW Option,2023-07,0,upstream
147708,ITI Overnight Fund - Direct Plan - Daily IDCW Option,2023-08,0,upstream
147708,ITI Overnight Fund - Direct Plan - Daily IDCW Option,2023-09,0,upstream
147708,ITI Overnight Fund - Direct Plan - Daily IDCW Option,2023-10,0,upstream
147708,ITI Overnight Fund - Direct Plan - Daily IDCW Option,2023-11,0,upstream
147708,ITI Overnight Fund - Direct Plan - Daily IDCW Option,2023-12,0,upstream
147708,ITI Overnight Fund - Direct Plan - Daily IDCW Option,2024-01,0,upstream
147708,ITI Overnight Fund - Direct Plan - Daily IDCW Option,2024-02,0,upstream
147708,ITI Overnight Fund - Direct Plan - Daily IDCW Option,2024-03,0,upstream
147708,ITI Overnight Fund - Direct Plan - Daily IDCW Option,2024-04,0,upstream
147708,ITI Overnight Fund - Direct Plan - Daily IDCW Option,2024-05,0,upstream
147708,ITI Overnight Fund - Direct Plan - Daily IDCW Option,2024-06,0,upstream
147708,ITI Overnight Fund - Direct Plan - Daily IDCW Option,2024-07,0,upstream
147708,ITI Overnight Fund - Direct Plan - Daily IDCW Option,2024-08,0,upstream
147708,ITI Overnight Fund - Direct Plan - Daily IDCW Option,2024-09,0,upstream
147708,ITI Overnight Fund - Direct Plan - Daily IDCW Option,2024-10,0,upstream
147708,ITI Overnight Fund - Direct Plan - Daily IDCW Option,2024-11,0,upstream
147708,ITI Overnight Fund - Direct Plan - Daily IDCW Option,2024-12,0,upstream
147708,ITI Overnight Fund - Direct Plan - Daily IDCW Option,2025-01,0,upstream
147708,ITI Overnight Fund - Direct Plan - Daily IDCW Option,2025-02,0,upstream
147708,ITI Overnight Fund - Direct Plan - Daily IDCW Option,2025-03,0,upstream
147708,ITI Overnight Fund - Direct Plan - Daily IDCW Option,2025-04,0,upstream
147708,ITI Overnight Fund - Direct Plan - Daily IDCW Option,2025-05,0,upstream
147708,ITI Overnight Fund - Direct Plan - Daily IDCW Option,2025-06,0,upstream
147708,ITI Overnight Fund - Direct Plan - Daily IDCW Option,2025-07,0,upstream
147708,ITI Overnight Fund - Direct Plan - Daily IDCW Option,2025-08,0,upstream
147708,ITI Overnight Fund - Direct Plan - Daily IDCW Option,2025-09,0,upstream
147708,ITI Overnight Fund - Direct Plan - Daily IDCW Option,2025-10,0,upstream
147708,ITI Overnight Fund - Direct Plan - Daily IDCW Option,2025-11,0,upstream
147708,ITI Overnight Fund - Direct Plan - Daily IDCW Option,2025-12,0,upstream
147710,ITI Overnight Fund - Direct Plan - Fortnightly IDCW Option,2020-07,0,upstream
147710,ITI Overnight Fund - Direct Plan - Fortnightly IDCW Option,2020-08,0,upstream
147710,ITI Overnight Fund - Direct Plan - Fortnightly IDCW Option,2020-09,0,upstream
147710,ITI Overnight Fund - Direct Plan - Fortnightly IDCW Option,2020-10,0,upstream
147710,ITI Overnight Fund - Direct Plan - Fortnightly IDCW Option,2020-11,0,upstream
147710,ITI Overnight Fund - Direct Plan - Fortnightly IDCW Option,2020-12,0,upstream
147710,ITI Overnight Fund - Direct Plan - Fortnightly IDCW Option,2021-01,0,upstream
147710,ITI Overnight Fund - Direct Plan - Fortnightly IDCW Option,2021-02,0,upstream
147710,ITI Overnight Fund - Direct Plan - Fortnightly IDCW Option,2021-03,0,upstream
147710,ITI Overnight Fund - Direct Plan - Fortnightly IDCW Option,2023-08,0,upstream
147710,ITI Overnight Fund - Direct Plan - Fortnightly IDCW Option,2023-09,0,upstream
147710,ITI Overnight Fund - Direct Plan - Fortnightly IDCW Option,2023-10,0,upstream
147710,ITI Overnight Fund - Direct Plan - Fortnightly IDCW Option,2023-11,0,upstream
147710,ITI Overnight Fund - Direct Plan - Fortnightly IDCW Option,2023-12,0,upstream
147710,ITI Overnight Fund - Direct Plan - Fortnightly IDCW Option,2024-01,0,upstream
147710,ITI Overnight Fund - Direct Plan - Fortnightly IDCW Option,2024-02,0,upstream
147710,ITI Overnight Fund - Direct Plan - Fortnightly IDCW Option,2024-03,0,upstream
147710,ITI Overnight Fund - Direct Plan - Fortnightly IDCW Option,2024-04,0,upstream
147710,ITI Overnight Fund - Direct Plan - Fortnightly IDCW Option,2024-05,0,upstream
147710,ITI Overnight Fund - Direct Plan - Fortnightly IDCW Option,2024-06,0,upstream
147710,ITI Overnight Fund - Direct Plan - Fortnightly IDCW Option,2024-07,0,upstream
147710,ITI Overnight Fund - Direct Plan - Fortnightly IDCW Option,2024-08,0,upstream
147710,ITI Overnight Fund - Direct Plan - Fortnightly IDCW Option,2024-09,0,upstream
147710,ITI Overnight Fund - Direct Plan - Fortnightly IDCW Option,2024-10,0,upstream
147710,ITI Overnight Fund - Direct Plan - Fortnightly IDCW Option,2024-11,0,upstream
147710,ITI Overnight Fund - Direct Plan - Fortnightly IDCW Option,2024-12,0,upstream
147710,ITI Overnight Fund - Direct Plan - Fortnightly IDCW Option,2025-01,0,upstream
147710,ITI Overnight Fund - Direct Plan - Fortnightly IDCW Option,2025-02,0,upstream
147710,ITI Overnight Fund - Direct Plan - Fortnightly IDCW Option,2025-03,0,upstream
147710,ITI Overnight Fund - Direct Plan - Fortnightly IDCW Option,2025-04,0,upstream
147710,ITI Overnight Fund - Direct Plan - Fortnightly IDCW Option,2025-05,0,upstream
147710,ITI Overnight Fund - Direct Plan - Fortnightly IDCW Option,2025-06,0,upstream
147710,ITI Overnight Fund - Direct Plan - Fortnightly IDCW Option,2025-07,0,upstream
147710,ITI Overnight Fund - Direct Plan - Fortnightly IDCW Option,2025-08,0,upstream
147710,ITI Overnight Fund - Direct Plan - Fortnightly IDCW Option,2025-09,0,upstream
147710,ITI Overnight Fund - Direct Plan - Fortnightly IDCW Option,2025-10,0,upstream
147710,ITI Overnight Fund - Direct Plan - Fortnightly IDCW Option,2025-11,0,upstream
147710,ITI Overnight Fund - Direct Plan - Fortnightly IDCW Option,2025-12,0,upstream
147711,ITI Overnight Fund - Direct Plan - Weekly IDCW option,2023-08,0,upstream
147711,ITI Overnight Fund - Direct Plan - Weekly IDCW option,2023-09,0,upstream
147711,ITI Overnight Fund - Direct Plan - Weekly IDCW option,2023-10,0,upstream
147711,ITI Overnight Fund - Direct Plan - Weekly IDCW option,2023-11,0,upstream
147711,ITI Overnight Fund - Direct Plan - Weekly IDCW option,2023-12,0,upstream
147711,ITI Overnight Fund - Direct Plan - Weekly IDCW option,2024-01,0,upstream
147711,ITI Overnight Fund - Direct Plan - Weekly IDCW option,2024-02,0,upstream
147711,ITI Overnight Fund - Direct Plan - Weekly IDCW option,2024-05,0,upstream
147711,ITI Overnight Fund - Direct Plan - Weekly IDCW option,2024-06,0,upstream
147711,ITI Overnight Fund - Direct Plan - Weekly IDCW option,2024-07,0,upstream
147711,ITI Overnight Fund - Direct Plan - Weekly IDCW option,2024-08,0,upstream
147711,ITI Overnight Fund - Direct Plan - Weekly IDCW option,2024-09,0,upstream
147711,ITI Overnight Fund - Direct Plan - Weekly IDCW option,2024-10,0,upstream
147711,ITI Overnight Fund - Direct Plan - Weekly IDCW option,2024-11,0,upstream
147711,ITI Overnight Fund - Direct Plan - Weekly IDCW option,2024-12,0,upstream
147711,ITI Overnight Fund - Direct Plan - Weekly IDCW option,2025-01,0,upstream
147711,ITI Overnight Fund - Direct Plan - Weekly IDCW option,2025-02,0,upstream
147711,ITI Overnight Fund - Direct Plan - Weekly IDCW option,2025-03,0,upstream
147711,ITI Overnight Fund - Direct Plan - Weekly IDCW option,2025-04,0,upstream
147711,ITI Overnight Fund - Direct Plan - Weekly IDCW option,2025-05,0,upstream
147711,ITI Overnight Fund - Direct Plan - Weekly IDCW option,2025-06,0,upstream
147711,ITI Overnight Fund - Direct Plan - Weekly IDCW option,2025-07,0,upstream
147711,ITI Overnight Fund - Direct Plan - Weekly IDCW option,2025-08,0,upstream
147711,ITI Overnight Fund - Direct Plan - Weekly IDCW option,2025-09,0,upstream
147711,ITI Overnight Fund - Direct Plan - Weekly IDCW option,2025-10,0,upstream
147711,ITI Overnight Fund - Direct Plan - Weekly IDCW option,2025-11,0,upstream
147711,ITI Overnight Fund - Direct Plan - Weekly IDCW option,2025-12,0,upstream
147715,ITI Overnight Fund - Regular Plan - Annual IDCW Option,2020-09,0,upstream
147715,ITI Overnight Fund - Regular Plan - Annual IDCW Option,2020-10,0,upstream
147715,ITI Overnight Fund - Regular Plan - Annual IDCW Option,2020-11,0,upstream
147715,ITI Overnight Fund - Regular Plan - Annual IDCW Option,2020-12,0,upstream
147715,ITI Overnight Fund - Regular Plan - Annual IDCW Option,2021-01,0,upstream
147715,ITI Overnight Fund - Regular Plan - Annual IDCW Option,2021-02,0,upstream
147715,ITI Overnight Fund - Regular Plan - Annual IDCW Option,2021-03,0,upstream
147715,ITI Overnight Fund - Regular Plan - Annual IDCW Option,2021-06,0,upstream
147715,ITI Overnight Fund - Regular Plan - Annual IDCW Option,2021-07,0,upstream
147715,ITI Overnight Fund - Regular Plan - Annual IDCW Option,2021-08,0,upstream
147715,ITI Overnight Fund - Regular Plan - Annual IDCW Option,2021-09,0,upstream
147715,ITI Overnight Fund - Regular Plan - Annual IDCW Option,2025-04,0,upstream
147715,ITI Overnight Fund - Regular Plan - Annual IDCW Option,2025-05,0,upstream
147715,ITI Overnight Fund - Regular Plan - Annual IDCW Option,2025-06,0,upstream
147715,ITI Overnight Fund - Regular Plan - Annual IDCW Option,2025-07,0,upstream
147715,ITI Overnight Fund - Regular Plan - Annual IDCW Option,2025-08,0,upstream
147715,ITI Overnight Fund - Regular Plan - Annual IDCW Option,2025-09,0,upstream
147715,ITI Overnight Fund - Regular Plan - Annual IDCW Option,2025-10,0,upstream
147715,ITI Overnight Fund - Regular Plan - Annual IDCW Option,2025-11,0,upstream
147715,ITI Overnight Fund - Regular Plan - Annual IDCW Option,2025-12,0,upstream
147716,ITI Overnight Fund - Regular Plan - Fortnightly IDCW Option,2022-02,0,upstream
147769,LIC MF Ultra Short Duration Fund-Direct Plan-Weekly IDCW,2021-08,0,upstream
147771,LIC MF Ultra Short Duration Fund-Direct Plan-Daily IDCW,2021-06,0,upstream
147771,LIC MF Ultra Short Duration Fund-Direct Plan-Daily IDCW,2021-07,0,upstream
147771,LIC MF Ultra Short Duration Fund-Direct Plan-Daily IDCW,2021-08,0,upstream
147771,LIC MF Ultra Short Duration Fund-Direct Plan-Daily IDCW,2021-09,0,upstream
147771,LIC MF Ultra Short Duration Fund-Direct Plan-Daily IDCW,2021-10,0,upstream
147771,LIC MF Ultra Short Duration Fund-Direct Plan-Daily IDCW,2021-11,0,upstream
147771,LIC MF Ultra Short Duration Fund-Direct Plan-Daily IDCW,2021-12,0,upstream
147771,LIC MF Ultra Short Duration Fund-Direct Plan-Daily IDCW,2022-01,0,upstream
147771,LIC MF Ultra Short Duration Fund-Direct Plan-Daily IDCW,2022-02,0,upstream
147771,LIC MF Ultra Short Duration Fund-Direct Plan-Daily IDCW,2022-03,0,upstream
147771,LIC MF Ultra Short Duration Fund-Direct Plan-Daily IDCW,2022-04,0,upstream
147771,LIC MF Ultra Short Duration Fund-Direct Plan-Daily IDCW,2022-05,0,upstream
147771,LIC MF Ultra Short Duration Fund-Direct Plan-Daily IDCW,2022-06,0,upstream
147771,LIC MF Ultra Short Duration Fund-Direct Plan-Daily IDCW,2022-07,0,upstream
147771,LIC MF Ultra Short Duration Fund-Direct Plan-Daily IDCW,2022-08,0,upstream
147771,LIC MF Ultra Short Duration Fund-Direct Plan-Daily IDCW,2022-09,0,upstream
147771,LIC MF Ultra Short Duration Fund-Direct Plan-Daily IDCW,2022-10,0,upstream
147771,LIC MF Ultra Short Duration Fund-Direct Plan-Daily IDCW,2022-11,0,upstream
147771,LIC MF Ultra Short Duration Fund-Direct Plan-Daily IDCW,2022-12,0,upstream
147771,LIC MF Ultra Short Duration Fund-Direct Plan-Daily IDCW,2023-01,0,upstream
147771,LIC MF Ultra Short Duration Fund-Direct Plan-Daily IDCW,2023-02,0,upstream
147771,LIC MF Ultra Short Duration Fund-Direct Plan-Daily IDCW,2023-03,0,upstream
147771,LIC MF Ultra Short Duration Fund-Direct Plan-Daily IDCW,2023-04,0,upstream
147771,LIC MF Ultra Short Duration Fund-Direct Plan-Daily IDCW,2023-05,0,upstream
147771,LIC MF Ultra Short Duration Fund-Direct Plan-Daily IDCW,2023-06,0,upstream
147947,BANK OF INDIA Overnight Fund Regular Plan- Weekly IDCW,2025-08,0,upstream
147947,BANK OF INDIA Overnight Fund Regular Plan- Weekly IDCW,2025-09,0,upstream
147947,BANK OF INDIA Overnight Fund Regular Plan- Weekly IDCW,2025-10,0,upstream
147947,BANK OF INDIA Overnight Fund Regular Plan- Weekly IDCW,2025-11,0,upstream
147947,BANK OF INDIA Overnight Fund Regular Plan- Weekly IDCW,2025-12,0,upstream
147949,BANK OF INDIA Overnight Fund Regular Plan- Monthly IDCW,2021-07,0,upstream
147949,BANK OF INDIA Overnight Fund Regular Plan- Monthly IDCW,2021-08,0,upstream
147949,BANK OF INDIA Overnight Fund Regular Plan- Monthly IDCW,2021-09,0,upstream
147949,BANK OF INDIA Overnight Fund Regular Plan- Monthly IDCW,2021-10,0,upstream
147949,BANK OF INDIA Overnight Fund Regular Plan- Monthly IDCW,2021-11,0,upstream
147949,BANK OF INDIA Overnight Fund Regular Plan- Monthly IDCW,2021-12,0,upstream
147949,BANK OF INDIA Overnight Fund Regular Plan- Monthly IDCW,2022-01,0,upstream
147952,BANK OF INDIA Overnight Fund Direct Plan- Daily IDCW,2021-07,0,upstream
147952,BANK OF INDIA Overnight Fund Direct Plan- Daily IDCW,2021-08,0,upstream
147952,BANK OF INDIA Overnight Fund Direct Plan- Daily IDCW,2021-09,0,upstream
147952,BANK OF INDIA Overnight Fund Direct Plan- Daily IDCW,2021-10,0,upstream
147952,BANK OF INDIA Overnight Fund Direct Plan- Daily IDCW,2021-11,0,upstream
147952,BANK OF INDIA Overnight Fund Direct Plan- Daily IDCW,2021-12,0,upstream
147953,BANK OF INDIA Overnight Fund Regular Plan- Daily IDCW,2020-02,0,upstream
147953,BANK OF INDIA Overnight Fund Regular Plan- Daily IDCW,2020-10,0,upstream
147953,BANK OF INDIA Overnight Fund Regular Plan- Daily IDCW,2020-11,0,upstream
147953,BANK OF INDIA Overnight Fund Regular Plan- Daily IDCW,2020-12,0,upstream
147953,BANK OF INDIA Overnight Fund Regular Plan- Daily IDCW,2021-01,0,upstream
147953,BANK OF INDIA Overnight Fund Regular Plan- Daily IDCW,2021-02,0,upstream
147953,BANK OF INDIA Overnight Fund Regular Plan- Daily IDCW,2021-04,0,upstream
147953,BANK OF INDIA Overnight Fund Regular Plan- Daily IDCW,2021-05,0,upstream
147953,BANK OF INDIA Overnight Fund Regular Plan- Daily IDCW,2021-06,0,upstream
147953,BANK OF INDIA Overnight Fund Regular Plan- Daily IDCW,2021-07,0,upstream
147953,BANK OF INDIA Overnight Fund Regular Plan- Daily IDCW,2021-08,0,upstream
147953,BANK OF INDIA Overnight Fund Regular Plan- Daily IDCW,2021-09,0,upstream
147953,BANK OF INDIA Overnight Fund Regular Plan- Daily IDCW,2021-10,0,upstream
147953,BANK OF INDIA Overnight Fund Regular Plan- Daily IDCW,2021-11,0,upstream
147953,BANK OF INDIA Overnight Fund Regular Plan- Daily IDCW,2021-12,0,upstream
147953,BANK OF INDIA Overnight Fund Regular Plan- Daily IDCW,2022-01,0,upstream
147953,BANK OF INDIA Overnight Fund Regular Plan- Daily IDCW,2022-02,0,upstream
147953,BANK OF INDIA Overnight Fund Regular Plan- Daily IDCW,2022-03,0,upstream
147953,BANK OF INDIA Overnight Fund Regular Plan- Daily IDCW,2022-04,0,upstream
147953,BANK OF INDIA Overnight Fund Regular Plan- Daily IDCW,2022-05,0,upstream
147953,BANK OF INDIA Overnight Fund Regular Plan- Daily IDCW,2022-06,0,upstream
147953,BANK OF INDIA Overnight Fund Regular Plan- Daily IDCW,2022-07,0,upstream
147953,BANK OF INDIA Overnight Fund Regular Plan- Daily IDCW,2022-08,0,upstream
147953,BANK OF INDIA Overnight Fund Regular Plan- Daily IDCW,2022-09,0,upstream
147953,BANK OF INDIA Overnight Fund Regular Plan- Daily IDCW,2022-10,0,upstream
147953,BANK OF INDIA Overnight Fund Regular Plan- Daily IDCW,2022-11,0,upstream
147953,BANK OF INDIA Overnight Fund Regular Plan- Daily IDCW,2022-12,0,upstream
147953,BANK OF INDIA Overnight Fund Regular Plan- Daily IDCW,2023-01,0,upstream
147953,BANK OF INDIA Overnight Fund Regular Plan- Daily IDCW,2023-02,0,upstream
147953,BANK OF INDIA Overnight Fund Regular Plan- Daily IDCW,2023-03,0,upstream
147953,BANK OF INDIA Overnight Fund Regular Plan- Daily IDCW,2023-09,0,upstream
147953,BANK OF INDIA Overnight Fund Regular Plan- Daily IDCW,2023-12,0,upstream
148158,PGIM India Money Market Fund - Regular Plan - Weekly Dividend Option,2023-08,0,upstream
148158,PGIM India Money Market Fund - Regular Plan - Weekly Dividend Option,2023-09,0,upstream
148162,PGIM India Money Market Fund - Direct Plan - Daily Dividend Option,2020-10,0,upstream
148162,PGIM India Money Market Fund - Direct Plan - Daily Dividend Option,2020-11,0,upstream
148162,PGIM India Money Market Fund - Direct Plan - Daily Dividend Option,2020-12,0,upstream
148162,PGIM India Money Market Fund - Direct Plan - Daily Dividend Option,2021-01,0,upstream
148397,IL&FS Infrastructure Debt Fund Series 2A - Growth - Direct,2020-07,0,upstream
148397,IL&FS Infrastructure Debt Fund Series 2A - Growth - Direct,2020-08,0,upstream
148397,IL&FS Infrastructure Debt Fund Series 2A - Growth - Direct,2020-10,0,upstream
148397,IL&FS Infrastructure Debt Fund Series 2A - Growth - Direct,2020-11,0,upstream
148397,IL&FS Infrastructure Debt Fund Series 2A - Growth - Direct,2021-01,0,upstream
148397,IL&FS Infrastructure Debt Fund Series 2A - Growth - Direct,2021-02,0,upstream
148397,IL&FS Infrastructure Debt Fund Series 2A - Growth - Direct,2021-04,0,upstream
148397,IL&FS Infrastructure Debt Fund Series 2A - Growth - Direct,2021-05,0,upstream
148397,IL&FS Infrastructure Debt Fund Series 2A - Growth - Direct,2021-07,0,upstream
148397,IL&FS Infrastructure Debt Fund Series 2A - Growth - Direct,2021-08,0,upstream
148397,IL&FS Infrastructure Debt Fund Series 2A - Growth - Direct,2021-10,0,upstream
148397,IL&FS Infrastructure Debt Fund Series 2A - Growth - Direct,2021-11,0,upstream
148397,IL&FS Infrastructure Debt Fund Series 2A - Growth - Direct,2022-01,0,upstream
148397,IL&FS Infrastructure Debt Fund Series 2A - Growth - Direct,2022-02,0,upstream
148397,IL&FS Infrastructure Debt Fund Series 2A - Growth - Direct,2022-04,0,upstream
148397,IL&FS Infrastructure Debt Fund Series 2A - Growth - Direct,2022-05,0,upstream
148397,IL&FS Infrastructure Debt Fund Series 2A - Growth - Direct,2022-07,0,upstream
148397,IL&FS Infrastructure Debt Fund Series 2A - Growth - Direct,2022-08,0,upstream
148397,IL&FS Infrastructure Debt Fund Series 2A - Growth - Direct,2022-10,0,upstream
148397,IL&FS Infrastructure Debt Fund Series 2A - Growth - Direct,2022-11,0,upstream
148397,IL&FS Infrastructure Debt Fund Series 2A - Growth - Direct,2023-01,0,upstream
148397,IL&FS Infrastructure Debt Fund Series 2A - Growth - Direct,2023-02,0,upstream
148397,IL&FS Infrastructure Debt Fund Series 2A - Growth - Direct,2023-04,0,upstream
148397,IL&FS Infrastructure Debt Fund Series 2A - Growth - Direct,2023-05,0,upstream
148397,IL&FS Infrastructure Debt Fund Series 2A - Growth - Direct,2023-07,0,upstream
148397,IL&FS Infrastructure Debt Fund Series 2A - Growth - Direct,2023-08,0,upstream
148397,IL&FS Infrastructure Debt Fund Series 2A - Growth - Direct,2023-10,0,upstream
148397,IL&FS Infrastructure Debt Fund Series 2A - Growth - Direct,2023-11,0,upstream
148397,IL&FS Infrastructure Debt Fund Series 2A - Growth - Direct,2024-01,0,upstream
148397,IL&FS Infrastructure Debt Fund Series 2A - Growth - Direct,2024-02,0,upstream
148397,IL&FS Infrastructure Debt Fund Series 2A - Growth - Direct,2024-04,0,upstream
148397,IL&FS Infrastructure Debt Fund Series 2A - Growth - Direct,2024-05,0,upstream
148397,IL&FS Infrastructure Debt Fund Series 2A - Growth - Direct,2024-07,0,upstream
148397,IL&FS Infrastructure Debt Fund Series 2A - Growth - Direct,2024-08,0,upstream
148397,IL&FS Infrastructure Debt Fund Series 2A - Growth - Direct,2024-10,0,upstream
148397,IL&FS Infrastructure Debt Fund Series 2A - Growth - Direct,2024-11,0,upstream
148397,IL&FS Infrastructure Debt Fund Series 2A - Growth - Direct,2025-01,0,upstream
148397,IL&FS Infrastructure Debt Fund Series 2A - Growth - Direct,2025-02,0,upstream
148397,IL&FS Infrastructure Debt Fund Series 2A - Growth - Direct,2025-04,0,upstream
148397,IL&FS Infrastructure Debt Fund Series 2A - Growth - Direct,2025-05,0,upstream
148397,IL&FS Infrastructure Debt Fund Series 2A - Growth - Direct,2025-07,0,upstream
148397,IL&FS Infrastructure Debt Fund Series 2A - Growth - Direct,2025-08,0,upstream
148397,IL&FS Infrastructure Debt Fund Series 2A - Growth - Direct,2025-10,0,upstream
148397,IL&FS Infrastructure Debt Fund Series 2A - Growth - Direct,2025-11,0,upstream
148397,IL&FS Infrastructure Debt Fund Series 2A - Growth - Direct,2026-01,0,upstream
148397,IL&FS Infrastructure Debt Fund Series 2A - Growth - Direct,2026-02,0,upstream
148397,IL&FS Infrastructure Debt Fund Series 2A - Growth - Direct,2026-04,0,upstream
148397,IL&FS Infrastructure Debt Fund Series 2A - Growth - Direct,2026-05,0,upstream
148398,IL&FS Infrastructure Debt Fund Series 2B - Growth - Direct,2020-07,0,upstream
148398,IL&FS Infrastructure Debt Fund Series 2B - Growth - Direct,2020-08,0,upstream
148398,IL&FS Infrastructure Debt Fund Series 2B - Growth - Direct,2020-10,0,upstream
148398,IL&FS Infrastructure Debt Fund Series 2B - Growth - Direct,2020-11,0,upstream
148398,IL&FS Infrastructure Debt Fund Series 2B - Growth - Direct,2021-01,0,upstream
148398,IL&FS Infrastructure Debt Fund Series 2B - Growth - Direct,2021-02,0,upstream
148398,IL&FS Infrastructure Debt Fund Series 2B - Growth - Direct,2021-04,0,upstream
148398,IL&FS Infrastructure Debt Fund Series 2B - Growth - Direct,2021-05,0,upstream
148398,IL&FS Infrastructure Debt Fund Series 2B - Growth - Direct,2021-07,0,upstream
148398,IL&FS Infrastructure Debt Fund Series 2B - Growth - Direct,2021-08,0,upstream
148398,IL&FS Infrastructure Debt Fund Series 2B - Growth - Direct,2021-10,0,upstream
148398,IL&FS Infrastructure Debt Fund Series 2B - Growth - Direct,2021-11,0,upstream
148398,IL&FS Infrastructure Debt Fund Series 2B - Growth - Direct,2022-01,0,upstream
148398,IL&FS Infrastructure Debt Fund Series 2B - Growth - Direct,2022-02,0,upstream
148398,IL&FS Infrastructure Debt Fund Series 2B - Growth - Direct,2022-04,0,upstream
148398,IL&FS Infrastructure Debt Fund Series 2B - Growth - Direct,2022-05,0,upstream
148398,IL&FS Infrastructure Debt Fund Series 2B - Growth - Direct,2022-07,0,upstream
148398,IL&FS Infrastructure Debt Fund Series 2B - Growth - Direct,2022-08,0,upstream
148398,IL&FS Infrastructure Debt Fund Series 2B - Growth - Direct,2022-10,0,upstream
148398,IL&FS Infrastructure Debt Fund Series 2B - Growth - Direct,2022-11,0,upstream
148398,IL&FS Infrastructure Debt Fund Series 2B - Growth - Direct,2023-01,0,upstream
148398,IL&FS Infrastructure Debt Fund Series 2B - Growth - Direct,2023-02,0,upstream
148398,IL&FS Infrastructure Debt Fund Series 2B - Growth - Direct,2023-04,0,upstream
148398,IL&FS Infrastructure Debt Fund Series 2B - Growth - Direct,2023-05,0,upstream
148398,IL&FS Infrastructure Debt Fund Series 2B - Growth - Direct,2023-07,0,upstream
148398,IL&FS Infrastructure Debt Fund Series 2B - Growth - Direct,2023-08,0,upstream
148398,IL&FS Infrastructure Debt Fund Series 2B - Growth - Direct,2023-10,0,upstream
148398,IL&FS Infrastructure Debt Fund Series 2B - Growth - Direct,2023-11,0,upstream
148398,IL&FS Infrastructure Debt Fund Series 2B - Growth - Direct,2024-01,0,upstream
148398,IL&FS Infrastructure Debt Fund Series 2B - Growth - Direct,2024-02,0,upstream
148398,IL&FS Infrastructure Debt Fund Series 2B - Growth - Direct,2024-04,0,upstream
148398,IL&FS Infrastructure Debt Fund Series 2B - Growth - Direct,2024-05,0,upstream
148398,IL&FS Infrastructure Debt Fund Series 2B - Growth - Direct,2024-07,0,upstream
148398,IL&FS Infrastructure Debt Fund Series 2B - Growth - Direct,2024-08,0,upstream
148398,IL&FS Infrastructure Debt Fund Series 2B - Growth - Direct,2024-10,0,upstream
148398,IL&FS Infrastructure Debt Fund Series 2B - Growth - Direct,2024-11,0,upstream
148398,IL&FS Infrastructure Debt Fund Series 2B - Growth - Direct,2025-01,0,upstream
148398,IL&FS Infrastructure Debt Fund Series 2B - Growth - Direct,2025-02,0,upstream
148398,IL&FS Infrastructure Debt Fund Series 2B - Growth - Direct,2025-04,0,upstream
148398,IL&FS Infrastructure Debt Fund Series 2B - Growth - Direct,2025-05,0,upstream
148398,IL&FS Infrastructure Debt Fund Series 2B - Growth - Direct,2025-07,0,upstream
148398,IL&FS Infrastructure Debt Fund Series 2B - Growth - Direct,2025-08,0,upstream
148398,IL&FS Infrastructure Debt Fund Series 2B - Growth - Direct,2025-10,0,upstream
148398,IL&FS Infrastructure Debt Fund Series 2B - Growth - Direct,2025-11,0,upstream
148398,IL&FS Infrastructure Debt Fund Series 2B - Growth - Direct,2026-01,0,upstream
148398,IL&FS Infrastructure Debt Fund Series 2B - Growth - Direct,2026-02,0,upstream
148398,IL&FS Infrastructure Debt Fund Series 2B - Growth - Direct,2026-04,0,upstream
148398,IL&FS Infrastructure Debt Fund Series 2B - Growth - Direct,2026-05,0,upstream
148399,IL&FS Infrastructure Debt Fund Series 2C - Growth - Direct,2020-07,0,upstream
148399,IL&FS Infrastructure Debt Fund Series 2C - Growth - Direct,2020-08,0,upstream
148399,IL&FS Infrastructure Debt Fund Series 2C - Growth - Direct,2020-10,0,upstream
148399,IL&FS Infrastructure Debt Fund Series 2C - Growth - Direct,2020-11,0,upstream
148399,IL&FS Infrastructure Debt Fund Series 2C - Growth - Direct,2021-01,0,upstream
148399,IL&FS Infrastructure Debt Fund Series 2C - Growth - Direct,2021-02,0,upstream
148399,IL&FS Infrastructure Debt Fund Series 2C - Growth - Direct,2021-04,0,upstream
148399,IL&FS Infrastructure Debt Fund Series 2C - Growth - Direct,2021-05,0,upstream
148399,IL&FS Infrastructure Debt Fund Series 2C - Growth - Direct,2021-07,0,upstream
148399,IL&FS Infrastructure Debt Fund Series 2C - Growth - Direct,2021-08,0,upstream
148399,IL&FS Infrastructure Debt Fund Series 2C - Growth - Direct,2021-10,0,upstream
148399,IL&FS Infrastructure Debt Fund Series 2C - Growth - Direct,2021-11,0,upstream
148399,IL&FS Infrastructure Debt Fund Series 2C - Growth - Direct,2022-01,0,upstream
148399,IL&FS Infrastructure Debt Fund Series 2C - Growth - Direct,2022-02,0,upstream
148399,IL&FS Infrastructure Debt Fund Series 2C - Growth - Direct,2022-04,0,upstream
148399,IL&FS Infrastructure Debt Fund Series 2C - Growth - Direct,2022-05,0,upstream
148399,IL&FS Infrastructure Debt Fund Series 2C - Growth - Direct,2022-07,0,upstream
148399,IL&FS Infrastructure Debt Fund Series 2C - Growth - Direct,2022-08,0,upstream
148399,IL&FS Infrastructure Debt Fund Series 2C - Growth - Direct,2022-10,0,upstream
148399,IL&FS Infrastructure Debt Fund Series 2C - Growth - Direct,2022-11,0,upstream
148399,IL&FS Infrastructure Debt Fund Series 2C - Growth - Direct,2023-01,0,upstream
148399,IL&FS Infrastructure Debt Fund Series 2C - Growth - Direct,2023-02,0,upstream
148399,IL&FS Infrastructure Debt Fund Series 2C - Growth - Direct,2023-04,0,upstream
148399,IL&FS Infrastructure Debt Fund Series 2C - Growth - Direct,2023-05,0,upstream
148399,IL&FS Infrastructure Debt Fund Series 2C - Growth - Direct,2023-07,0,upstream
148399,IL&FS Infrastructure Debt Fund Series 2C - Growth - Direct,2023-08,0,upstream
148399,IL&FS Infrastructure Debt Fund Series 2C - Growth - Direct,2023-10,0,upstream
148399,IL&FS Infrastructure Debt Fund Series 2C - Growth - Direct,2023-11,0,upstream
148399,IL&FS Infrastructure Debt Fund Series 2C - Growth - Direct,2024-01,0,upstream
148399,IL&FS Infrastructure Debt Fund Series 2C - Growth - Direct,2024-02,0,upstream
148399,IL&FS Infrastructure Debt Fund Series 2C - Growth - Direct,2024-04,0,upstream
148399,IL&FS Infrastructure Debt Fund Series 2C - Growth - Direct,2024-05,0,upstream
148399,IL&FS Infrastructure Debt Fund Series 2C - Growth - Direct,2024-07,0,upstream
148399,IL&FS Infrastructure Debt Fund Series 2C - Growth - Direct,2024-08,0,upstream
148399,IL&FS Infrastructure Debt Fund Series 2C - Growth - Direct,2024-10,0,upstream
148399,IL&FS Infrastructure Debt Fund Series 2C - Growth - Direct,2024-11,0,upstream
148399,IL&FS Infrastructure Debt Fund Series 2C - Growth - Direct,2025-01,0,upstream
148399,IL&FS Infrastructure Debt Fund Series 2C - Growth - Direct,2025-02,0,upstream
148399,IL&FS Infrastructure Debt Fund Series 2C - Growth - Direct,2025-04,0,upstream
148399,IL&FS Infrastructure Debt Fund Series 2C - Growth - Direct,2025-05,0,upstream
148399,IL&FS Infrastructure Debt Fund Series 2C - Growth - Direct,2025-07,0,upstream
148399,IL&FS Infrastructure Debt Fund Series 2C - Growth - Direct,2025-08,0,upstream
148399,IL&FS Infrastructure Debt Fund Series 2C - Growth - Direct,2025-10,0,upstream
148399,IL&FS Infrastructure Debt Fund Series 2C - Growth - Direct,2025-11,0,upstream
148399,IL&FS Infrastructure Debt Fund Series 2C - Growth - Direct,2026-01,0,upstream
148399,IL&FS Infrastructure Debt Fund Series 2C - Growth - Direct,2026-02,0,upstream
148399,IL&FS Infrastructure Debt Fund Series 2C - Growth - Direct,2026-04,0,upstream
148399,IL&FS Infrastructure Debt Fund Series 2C - Growth - Direct,2026-05,0,upstream
148715,BANDHAN FLOATER FUND  - DIRECT PLAN PERIODIC IDCW,2024-01,0,upstream
148715,BANDHAN FLOATER FUND  - DIRECT PLAN PERIODIC IDCW,2024-02,0,upstream
148715,BANDHAN FLOATER FUND  - DIRECT PLAN PERIODIC IDCW,2024-03,0,upstream
148715,BANDHAN FLOATER FUND  - DIRECT PLAN PERIODIC IDCW,2024-04,0,upstream
148715,BANDHAN FLOATER FUND  - DIRECT PLAN PERIODIC IDCW,2024-05,0,upstream
148715,BANDHAN FLOATER FUND  - DIRECT PLAN PERIODIC IDCW,2024-06,0,upstream
148715,BANDHAN FLOATER FUND  - DIRECT PLAN PERIODIC IDCW,2024-07,0,upstream
148715,BANDHAN FLOATER FUND  - DIRECT PLAN PERIODIC IDCW,2024-08,0,upstream
148715,BANDHAN FLOATER FUND  - DIRECT PLAN PERIODIC IDCW,2024-09,0,upstream
148715,BANDHAN FLOATER FUND  - DIRECT PLAN PERIODIC IDCW,2024-10,0,upstream
148715,BANDHAN FLOATER FUND  - DIRECT PLAN PERIODIC IDCW,2024-11,0,upstream
148715,BANDHAN FLOATER FUND  - DIRECT PLAN PERIODIC IDCW,2024-12,0,upstream
148715,BANDHAN FLOATER FUND  - DIRECT PLAN PERIODIC IDCW,2025-01,0,upstream
148715,BANDHAN FLOATER FUND  - DIRECT PLAN PERIODIC IDCW,2025-02,0,upstream
148715,BANDHAN FLOATER FUND  - DIRECT PLAN PERIODIC IDCW,2025-03,0,upstream
148715,BANDHAN FLOATER FUND  - DIRECT PLAN PERIODIC IDCW,2025-04,0,upstream
148715,BANDHAN FLOATER FUND  - DIRECT PLAN PERIODIC IDCW,2025-05,0,upstream
148715,BANDHAN FLOATER FUND  - DIRECT PLAN PERIODIC IDCW,2025-06,0,upstream
148908,ITI Ultra Short Duration Fund - Direct Plan - Fortnightly IDCW Option,2023-08,0,upstream
148908,ITI Ultra Short Duration Fund - Direct Plan - Fortnightly IDCW Option,2023-09,0,upstream
148908,ITI Ultra Short Duration Fund - Direct Plan - Fortnightly IDCW Option,2023-10,0,upstream
148908,ITI Ultra Short Duration Fund - Direct Plan - Fortnightly IDCW Option,2023-11,0,upstream
148908,ITI Ultra Short Duration Fund - Direct Plan - Fortnightly IDCW Option,2023-12,0,upstream
148908,ITI Ultra Short Duration Fund - Direct Plan - Fortnightly IDCW Option,2024-01,0,upstream
148908,ITI Ultra Short Duration Fund - Direct Plan - Fortnightly IDCW Option,2024-02,0,upstream
148908,ITI Ultra Short Duration Fund - Direct Plan - Fortnightly IDCW Option,2024-03,0,upstream
148908,ITI Ultra Short Duration Fund - Direct Plan - Fortnightly IDCW Option,2024-04,0,upstream
148908,ITI Ultra Short Duration Fund - Direct Plan - Fortnightly IDCW Option,2024-05,0,upstream
148908,ITI Ultra Short Duration Fund - Direct Plan - Fortnightly IDCW Option,2024-06,0,upstream
148908,ITI Ultra Short Duration Fund - Direct Plan - Fortnightly IDCW Option,2024-07,0,upstream
148908,ITI Ultra Short Duration Fund - Direct Plan - Fortnightly IDCW Option,2024-08,0,upstream
148908,ITI Ultra Short Duration Fund - Direct Plan - Fortnightly IDCW Option,2024-09,0,upstream
148908,ITI Ultra Short Duration Fund - Direct Plan - Fortnightly IDCW Option,2024-10,0,upstream
148908,ITI Ultra Short Duration Fund - Direct Plan - Fortnightly IDCW Option,2024-11,0,upstream
148908,ITI Ultra Short Duration Fund - Direct Plan - Fortnightly IDCW Option,2024-12,0,upstream
148908,ITI Ultra Short Duration Fund - Direct Plan - Fortnightly IDCW Option,2025-01,0,upstream
148908,ITI Ultra Short Duration Fund - Direct Plan - Fortnightly IDCW Option,2025-02,0,upstream
148908,ITI Ultra Short Duration Fund - Direct Plan - Fortnightly IDCW Option,2025-03,0,upstream
148908,ITI Ultra Short Duration Fund - Direct Plan - Fortnightly IDCW Option,2025-04,0,upstream
148908,ITI Ultra Short Duration Fund - Direct Plan - Fortnightly IDCW Option,2025-05,0,upstream
148908,ITI Ultra Short Duration Fund - Direct Plan - Fortnightly IDCW Option,2025-06,0,upstream
148908,ITI Ultra Short Duration Fund - Direct Plan - Fortnightly IDCW Option,2025-07,0,upstream
148908,ITI Ultra Short Duration Fund - Direct Plan - Fortnightly IDCW Option,2025-08,0,upstream
148908,ITI Ultra Short Duration Fund - Direct Plan - Fortnightly IDCW Option,2025-09,0,upstream
148908,ITI Ultra Short Duration Fund - Direct Plan - Fortnightly IDCW Option,2025-10,0,upstream
148908,ITI Ultra Short Duration Fund - Direct Plan - Fortnightly IDCW Option,2025-11,0,upstream
148908,ITI Ultra Short Duration Fund - Direct Plan - Fortnightly IDCW Option,2025-12,0,upstream
148910,ITI Ultra Short Duration Fund - Direct Plan - Daily IDCW,2023-08,0,upstream
148910,ITI Ultra Short Duration Fund - Direct Plan - Daily IDCW,2023-09,0,upstream
148910,ITI Ultra Short Duration Fund - Direct Plan - Daily IDCW,2023-10,0,upstream
148910,ITI Ultra Short Duration Fund - Direct Plan - Daily IDCW,2023-11,0,upstream
148910,ITI Ultra Short Duration Fund - Direct Plan - Daily IDCW,2023-12,0,upstream
148910,ITI Ultra Short Duration Fund - Direct Plan - Daily IDCW,2024-01,0,upstream
148910,ITI Ultra Short Duration Fund - Direct Plan - Daily IDCW,2024-02,0,upstream
148910,ITI Ultra Short Duration Fund - Direct Plan - Daily IDCW,2024-03,0,upstream
148910,ITI Ultra Short Duration Fund - Direct Plan - Daily IDCW,2024-04,0,upstream
148910,ITI Ultra Short Duration Fund - Direct Plan - Daily IDCW,2024-05,0,upstream
148910,ITI Ultra Short Duration Fund - Direct Plan - Daily IDCW,2024-06,0,upstream
148910,ITI Ultra Short Duration Fund - Direct Plan - Daily IDCW,2024-07,0,upstream
148910,ITI Ultra Short Duration Fund - Direct Plan - Daily IDCW,2024-08,0,upstream
148910,ITI Ultra Short Duration Fund - Direct Plan - Daily IDCW,2024-09,0,upstream
148910,ITI Ultra Short Duration Fund - Direct Plan - Daily IDCW,2024-10,0,upstream
148910,ITI Ultra Short Duration Fund - Direct Plan - Daily IDCW,2024-11,0,upstream
148910,ITI Ultra Short Duration Fund - Direct Plan - Daily IDCW,2024-12,0,upstream
148910,ITI Ultra Short Duration Fund - Direct Plan - Daily IDCW,2025-01,0,upstream
148910,ITI Ultra Short Duration Fund - Direct Plan - Daily IDCW,2025-02,0,upstream
148910,ITI Ultra Short Duration Fund - Direct Plan - Daily IDCW,2025-03,0,upstream
148915,ITI Ultra Short Duration Fund - Direct Plan - Weekly IDCW Option,2023-08,0,upstream
148915,ITI Ultra Short Duration Fund - Direct Plan - Weekly IDCW Option,2023-09,0,upstream
148915,ITI Ultra Short Duration Fund - Direct Plan - Weekly IDCW Option,2023-10,0,upstream
148915,ITI Ultra Short Duration Fund - Direct Plan - Weekly IDCW Option,2023-11,0,upstream
148915,ITI Ultra Short Duration Fund - Direct Plan - Weekly IDCW Option,2023-12,0,upstream
148915,ITI Ultra Short Duration Fund - Direct Plan - Weekly IDCW Option,2024-01,0,upstream
148915,ITI Ultra Short Duration Fund - Direct Plan - Weekly IDCW Option,2024-02,0,upstream
148915,ITI Ultra Short Duration Fund - Direct Plan - Weekly IDCW Option,2024-03,0,upstream
148915,ITI Ultra Short Duration Fund - Direct Plan - Weekly IDCW Option,2024-04,0,upstream
148915,ITI Ultra Short Duration Fund - Direct Plan - Weekly IDCW Option,2024-05,0,upstream
148915,ITI Ultra Short Duration Fund - Direct Plan - Weekly IDCW Option,2024-06,0,upstream
148915,ITI Ultra Short Duration Fund - Direct Plan - Weekly IDCW Option,2024-07,0,upstream
148915,ITI Ultra Short Duration Fund - Direct Plan - Weekly IDCW Option,2024-08,0,upstream
148915,ITI Ultra Short Duration Fund - Direct Plan - Weekly IDCW Option,2024-09,0,upstream
148915,ITI Ultra Short Duration Fund - Direct Plan - Weekly IDCW Option,2024-10,0,upstream
148915,ITI Ultra Short Duration Fund - Direct Plan - Weekly IDCW Option,2024-11,0,upstream
148915,ITI Ultra Short Duration Fund - Direct Plan - Weekly IDCW Option,2024-12,0,upstream
148915,ITI Ultra Short Duration Fund - Direct Plan - Weekly IDCW Option,2025-01,0,upstream
148915,ITI Ultra Short Duration Fund - Direct Plan - Weekly IDCW Option,2025-02,0,upstream
148915,ITI Ultra Short Duration Fund - Direct Plan - Weekly IDCW Option,2025-03,0,upstream
148915,ITI Ultra Short Duration Fund - Direct Plan - Weekly IDCW Option,2025-04,0,upstream
148915,ITI Ultra Short Duration Fund - Direct Plan - Weekly IDCW Option,2025-05,0,upstream
148915,ITI Ultra Short Duration Fund - Direct Plan - Weekly IDCW Option,2025-06,0,upstream
148915,ITI Ultra Short Duration Fund - Direct Plan - Weekly IDCW Option,2025-07,0,upstream
148915,ITI Ultra Short Duration Fund - Direct Plan - Weekly IDCW Option,2025-08,0,upstream
148915,ITI Ultra Short Duration Fund - Direct Plan - Weekly IDCW Option,2025-09,0,upstream
148915,ITI Ultra Short Duration Fund - Direct Plan - Weekly IDCW Option,2025-10,0,upstream
148915,ITI Ultra Short Duration Fund - Direct Plan - Weekly IDCW Option,2025-11,0,upstream
148915,ITI Ultra Short Duration Fund - Direct Plan - Weekly IDCW Option,2025-12,0,upstream
148916,ITI Ultra Short Duration Fund - Direct Plan - Monthly IDCW Option,2023-08,0,upstream
148916,ITI Ultra Short Duration Fund - Direct Plan - Monthly IDCW Option,2023-09,0,upstream
148916,ITI Ultra Short Duration Fund - Direct Plan - Monthly IDCW Option,2023-10,0,upstream
148916,ITI Ultra Short Duration Fund - Direct Plan - Monthly IDCW Option,2023-11,0,upstream
148916,ITI Ultra Short Duration Fund - Direct Plan - Monthly IDCW Option,2023-12,0,upstream
148916,ITI Ultra Short Duration Fund - Direct Plan - Monthly IDCW Option,2024-01,0,upstream
148916,ITI Ultra Short Duration Fund - Direct Plan - Monthly IDCW Option,2024-02,0,upstream
148916,ITI Ultra Short Duration Fund - Direct Plan - Monthly IDCW Option,2024-03,0,upstream
148916,ITI Ultra Short Duration Fund - Direct Plan - Monthly IDCW Option,2024-04,0,upstream
148916,ITI Ultra Short Duration Fund - Direct Plan - Monthly IDCW Option,2024-05,0,upstream
148916,ITI Ultra Short Duration Fund - Direct Plan - Monthly IDCW Option,2024-06,0,upstream
148916,ITI Ultra Short Duration Fund - Direct Plan - Monthly IDCW Option,2024-07,0,upstream
149028,ITI Dynamic Bond Fund - Direct Plan - Half Yearly IDCW Option,2023-12,0,upstream
149028,ITI Dynamic Bond Fund - Direct Plan - Half Yearly IDCW Option,2024-01,0,upstream
149028,ITI Dynamic Bond Fund - Direct Plan - Half Yearly IDCW Option,2024-02,0,upstream
149028,ITI Dynamic Bond Fund - Direct Plan - Half Yearly IDCW Option,2024-03,0,upstream
149028,ITI Dynamic Bond Fund - Direct Plan - Half Yearly IDCW Option,2024-04,0,upstream
149028,ITI Dynamic Bond Fund - Direct Plan - Half Yearly IDCW Option,2024-05,0,upstream
149028,ITI Dynamic Bond Fund - Direct Plan - Half Yearly IDCW Option,2024-06,0,upstream
149118,Union Money Market Fund - Regular Plan - Daily IDCW Option,2025-06,0,upstream
149118,Union Money Market Fund - Regular Plan - Daily IDCW Option,2025-07,0,upstream
149118,Union Money Market Fund - Regular Plan - Daily IDCW Option,2025-08,0,upstream
149118,Union Money Market Fund - Regular Plan - Daily IDCW Option,2025-09,0,upstream
149118,Union Money Market Fund - Regular Plan - Daily IDCW Option,2025-10,0,upstream
149118,Union Money Market Fund - Regular Plan - Daily IDCW Option,2025-11,0,upstream
149118,Union Money Market Fund - Regular Plan - Daily IDCW Option,2025-12,0,upstream
149118,Union Money Market Fund - Regular Plan - Daily IDCW Option,2026-01,0,upstream
149118,Union Money Market Fund - Regular Plan - Daily IDCW Option,2026-02,0,upstream
149122,Union Money Market Fund - Regular Plan -  Monthly IDCW Option,2022-08,0,upstream
149122,Union Money Market Fund - Regular Plan -  Monthly IDCW Option,2022-09,0,upstream
149122,Union Money Market Fund - Regular Plan -  Monthly IDCW Option,2022-10,0,upstream
149122,Union Money Market Fund - Regular Plan -  Monthly IDCW Option,2022-11,0,upstream
149122,Union Money Market Fund - Regular Plan -  Monthly IDCW Option,2022-12,0,upstream
149122,Union Money Market Fund - Regular Plan -  Monthly IDCW Option,2023-01,0,upstream
149122,Union Money Market Fund - Regular Plan -  Monthly IDCW Option,2023-02,0,upstream
149122,Union Money Market Fund - Regular Plan -  Monthly IDCW Option,2023-03,0,upstream
149122,Union Money Market Fund - Regular Plan -  Monthly IDCW Option,2023-04,0,upstream
149122,Union Money Market Fund - Regular Plan -  Monthly IDCW Option,2023-05,0,upstream
149122,Union Money Market Fund - Regular Plan -  Monthly IDCW Option,2025-10,0,upstream
149122,Union Money Market Fund - Regular Plan -  Monthly IDCW Option,2025-11,0,upstream
149395,Groww Overnight Fund (formerly known as Indiabulls Overnight Fund)- Unclaimed Redemption > 3 Years,2024-12,0,upstream
149395,Groww Overnight Fund (formerly known as Indiabulls Overnight Fund)- Unclaimed Redemption > 3 Years,2025-01,0,upstream
149395,Groww Overnight Fund (formerly known as Indiabulls Overnight Fund)- Unclaimed Redemption > 3 Years,2025-02,0,upstream
149395,Groww Overnight Fund (formerly known as Indiabulls Overnight Fund)- Unclaimed Redemption > 3 Years,2025-03,0,upstream
149395,Groww Overnight Fund (formerly known as Indiabulls Overnight Fund)- Unclaimed Redemption > 3 Years,2025-04,0,upstream
149395,Groww Overnight Fund (formerly known as Indiabulls Overnight Fund)- Unclaimed Redemption > 3 Years,2025-05,0,upstream
149395,Groww Overnight Fund (formerly known as Indiabulls Overnight Fund)- Unclaimed Redemption > 3 Years,2025-06,0,upstream
149395,Groww Overnight Fund (formerly known as Indiabulls Overnight Fund)- Unclaimed Redemption > 3 Years,2025-07,0,upstream
149395,Groww Overnight Fund (formerly known as Indiabulls Overnight Fund)- Unclaimed Redemption > 3 Years,2025-08,0,upstream
149395,Groww Overnight Fund (formerly known as Indiabulls Overnight Fund)- Unclaimed Redemption > 3 Years,2025-09,0,upstream
149395,Groww Overnight Fund (formerly known as Indiabulls Overnight Fund)- Unclaimed Redemption > 3 Years,2025-10,0,upstream
149395,Groww Overnight Fund (formerly known as Indiabulls Overnight Fund)- Unclaimed Redemption > 3 Years,2025-11,0,upstream
150415,UTI Gilt Fund with 10 year Constant Duration - Direct Plan - Half Yearly IDCW Option,2025-06,0,upstream
151176,Axis Long Duration Fund - Direct Plan -Daily IDCW,2023-03,0,upstream
151176,Axis Long Duration Fund - Direct Plan -Daily IDCW,2023-04,0,upstream
151176,Axis Long Duration Fund - Direct Plan -Daily IDCW,2023-05,0,upstream
151176,Axis Long Duration Fund - Direct Plan -Daily IDCW,2023-06,0,upstream
151176,Axis Long Duration Fund - Direct Plan -Daily IDCW,2023-07,0,upstream
151176,Axis Long Duration Fund - Direct Plan -Daily IDCW,2023-08,0,upstream
151852,Bajaj Finserv Overnight Fund - Regular Plan - Daily - IDCW,2024-01,0,upstream
151852,Bajaj Finserv Overnight Fund - Regular Plan - Daily - IDCW,2024-02,0,upstream
151852,Bajaj Finserv Overnight Fund - Regular Plan - Daily - IDCW,2024-03,0,upstream
151852,Bajaj Finserv Overnight Fund - Regular Plan - Daily - IDCW,2024-04,0,upstream
152581,Invesco India Money Market Fund - Direct Plan - Weekly IDCW (Payout / Reinvestment),2025-09,0,upstream
152581,Invesco India Money Market Fund - Direct Plan - Weekly IDCW (Payout / Reinvestment),2025-10,0,upstream
152581,Invesco India Money Market Fund - Direct Plan - Weekly IDCW (Payout / Reinvestment),2025-11,0,upstream
152581,Invesco India Money Market Fund - Direct Plan - Weekly IDCW (Payout / Reinvestment),2025-12,0,upstream
152581,Invesco India Money Market Fund - Direct Plan - Weekly IDCW (Payout / Reinvestment),2026-01,0,upstream
152581,Invesco India Money Market Fund - Direct Plan - Weekly IDCW (Payout / Reinvestment),2026-03,0,upstream
152581,Invesco India Money Market Fund - Direct Plan - Weekly IDCW (Payout / Reinvestment),2026-04,0,upstream
152581,Invesco India Money Market Fund - Direct Plan - Weekly IDCW (Payout / Reinvestment),2026-05,0,upstream
